{
  "vehicles": [
    {
      "id": 3728,
      "priceKm": 2.4473505392792134,
      "startLocation": {
        "hash": "u2c8j5",
        "latitude": 49.23799113656074,
        "longitude": 13.579463047195494
      }
    },
    {
      "id": 2228,
      "priceKm": 1.4802002147411935,
      "startLocation": {
        "hash": "u1t0u2",
        "latitude": 53.5720656992475,
        "longitude": 7.225038306986845
      }
    }
  ],
  "orders": [
    {
      "id": 3263,
      "pickupLocation": {
        "hash": "u0wqdb",
        "latitude": 48.955734,
        "longitude": 8.920005
      },
      "deliveryLocation": {
        "hash": "u0y287",
        "latitude": 49.325405,
        "longitude": 8.8036861
      },
      "loadFactor": 2
    },
    {
      "id": 10223,
      "pickupLocation": {
        "hash": "u1huxx",
        "latitude": 51.455206,
        "longitude": 7.012273
      },
      "deliveryLocation": {
        "hash": "u1hg2w",
        "latitude": 51.22926,
        "longitude": 6.70811
      },
      "loadFactor": 7
    },
    {
      "id": 921,
      "pickupLocation": {
        "hash": "u28k82",
        "latitude": 48.605431,
        "longitude": 11.623412
      },
      "deliveryLocation": {
        "hash": "u28pu8",
        "latitude": 49.174888,
        "longitude": 11.449797
      },
      "loadFactor": 7
    },
    {
      "id": 9560,
      "pickupLocation": {
        "hash": "u28k82",
        "latitude": 48.605431,
        "longitude": 11.623412
      },
      "deliveryLocation": {
        "hash": "u280s1",
        "latitude": 47.910463,
        "longitude": 11.426638
      },
      "loadFactor": 6
    }
  ]
}