{
  "vehicles": [
    {
      "id": 342,
      "priceKm": 1.498382342183144,
      "startLocation": {
        "hash": "u1qu3q",
        "latitude": 52.81630048882135,
        "longitude": 9.556836784829859
      }
    },
    {
      "id": 3507,
      "priceKm": 1.4164406526716193,
      "startLocation": {
        "hash": "ezq1d3",
        "latitude": 41.05233122363505,
        "longitude": -2.7087948143658
      }
    }
  ],
  "orders": [
    {
      "id": 10207,
      "pickupLocation": {
        "hash": "u1mxsy",
        "latitude": 53.387024,
        "longitude": 7.952453
      },
      "deliveryLocation": {
        "hash": "u1nezs",
        "latitude": 51.309266,
        "longitude": 9.477016
      },
      "loadFactor": 8
    },
    {
      "id": 10537,
      "pickupLocation": {
        "hash": "u0wqdb",
        "latitude": 48.955734,
        "longitude": 8.920005
      },
      "deliveryLocation": {
        "hash": "u0y8b0",
        "latitude": 49.35282,
        "longitude": 9.145489
      },
      "loadFactor": 7
    },
    {
      "id": 1753,
      "pickupLocation": {
        "hash": "u30u9s",
        "latitude": 51.439009,
        "longitude": 12.371469
      },
      "deliveryLocation": {
        "hash": "u0z573",
        "latitude": 49.7983368,
        "longitude": 9.9926862
      },
      "loadFactor": 7
    },
    {
      "id": 2634,
      "pickupLocation": {
        "hash": "u1m9r4",
        "latitude": 52.2667,
        "longitude": 8.05
      },
      "deliveryLocation": {
        "hash": "u1qtq2",
        "latitude": 52.95474,
        "longitude": 9.41734
      },
      "loadFactor": 2
    }
  ]
}