{
  "vehicles": [
    {
      "id": 1104,
      "priceKm": 2.8560995481779097,
      "startLocation": {
        "hash": "u1sdp0",
        "latitude": 53.79083452102231,
        "longitude": 6.645047768705497
      }
    },
    {
      "id": 5024,
      "priceKm": 2.7023692912060313,
      "startLocation": {
        "hash": "u1p409",
        "latitude": 50.982057178504284,
        "longitude": 9.8754945473655
      }
    }
  ],
  "orders": [
    {
      "id": 7947,
      "pickupLocation": {
        "hash": "u1mr3b",
        "latitude": 53.3106603,
        "longitude": 7.4671401
      },
      "deliveryLocation": {
        "hash": "u0vqyw",
        "latitude": 50.4392104,
        "longitude": 7.671778
      },
      "loadFactor": 7
    },
    {
      "id": 4810,
      "pickupLocation": {
        "hash": "u1mxsy",
        "latitude": 53.387024,
        "longitude": 7.952453
      },
      "deliveryLocation": {
        "hash": "u1n1p9",
        "latitude": 50.811733,
        "longitude": 8.775774
      },
      "loadFactor": 7
    },
    {
      "id": 8953,
      "pickupLocation": {
        "hash": "u30u9s",
        "latitude": 51.439009,
        "longitude": 12.371469
      },
      "deliveryLocation": {
        "hash": "u0z4t0",
        "latitude": 49.6604778,
        "longitude": 10.0716996
      },
      "loadFactor": 10
    },
    {
      "id": 9951,
      "pickupLocation": {
        "hash": "u3k4he",
        "latitude": 52.4040031,
        "longitude": 17.0754108
      },
      "deliveryLocation": {
        "hash": "u9c024",
        "latitude": 54.9004751,
        "longitude": 23.9125463
      },
      "loadFactor": 8
    }
  ]
}