{
  "vehicles": [
    {
      "id": 6127,
      "priceKm": 1.1553644955734788,
      "startLocation": {
        "hash": "u0zgfm",
        "latitude": 49.909994091952434,
        "longitude": 11.003419189042848
      }
    },
    {
      "id": 8546,
      "priceKm": 2.0377247900810334,
      "startLocation": {
        "hash": "u0vkx3",
        "latitude": 50.017243301848076,
        "longitude": 7.708369164764407
      }
    }
  ],
  "orders": [
    {
      "id": 5053,
      "pickupLocation": {
        "hash": "u1r2em",
        "latitude": 52.148021,
        "longitude": 10.348964
      },
      "deliveryLocation": {
        "hash": "u1m9kh",
        "latitude": 52.275117,
        "longitude": 7.916011
      },
      "loadFactor": 7
    },
    {
      "id": 9017,
      "pickupLocation": {
        "hash": "u2s1vq",
        "latitude": 48.153538,
        "longitude": 17.109671
      },
      "deliveryLocation": {
        "hash": "u885fd",
        "latitude": 48.4871292,
        "longitude": 22.6150093
      },
      "loadFactor": 8
    },
    {
      "id": 5921,
      "pickupLocation": {
        "hash": "u1qcvw",
        "latitude": 52.374481,
        "longitude": 9.738563
      },
      "deliveryLocation": {
        "hash": "u1m9r4",
        "latitude": 52.2667007,
        "longitude": 8.0500002
      },
      "loadFactor": 4
    },
    {
      "id": 1741,
      "pickupLocation": {
        "hash": "u2c0s6",
        "latitude": 49.3197924,
        "longitude": 12.8499757
      },
      "deliveryLocation": {
        "hash": "u2bq3z",
        "latitude": 50.3559806,
        "longitude": 11.6846927
      },
      "loadFactor": 8
    }
  ]
}