{
  "vehicles": [
    {
      "id": 6128,
      "priceKm": 2.4231831851969954,
      "startLocation": {
        "hash": "u0fnwe",
        "latitude": 50.38012128193526,
        "longitude": 3.0987245768694214
      }
    },
    {
      "id": 6399,
      "priceKm": 2.382818930837198,
      "startLocation": {
        "hash": "u0wequ",
        "latitude": 48.40742282367871,
        "longitude": 9.439438000419964
      }
    }
  ],
  "orders": [
    {
      "id": 422,
      "pickupLocation": {
        "hash": "u0fq53",
        "latitude": 50.2813,
        "longitude": 3.31344
      },
      "deliveryLocation": {
        "hash": "u0vqky",
        "latitude": 50.353203,
        "longitude": 7.594335
      },
      "loadFactor": 6
    },
    {
      "id": 3121,
      "pickupLocation": {
        "hash": "u0wqdb",
        "latitude": 48.955734,
        "longitude": 8.920005
      },
      "deliveryLocation": {
        "hash": "u0weck",
        "latitude": 48.497986,
        "longitude": 9.2005796
      },
      "loadFactor": 8
    },
    {
      "id": 907,
      "pickupLocation": {
        "hash": "u28k82",
        "latitude": 48.605431,
        "longitude": 11.623412
      },
      "deliveryLocation": {
        "hash": "u2885z",
        "latitude": 47.853927,
        "longitude": 12.127262
      },
      "loadFactor": 5
    },
    {
      "id": 2738,
      "pickupLocation": {
        "hash": "u0zck4",
        "latitude": 49.45385,
        "longitude": 11.077324
      },
      "deliveryLocation": {
        "hash": "u29s66",
        "latitude": 48.5740128,
        "longitude": 13.4606447
      },
      "loadFactor": 10
    }
  ]
}