{
  "vehicles": [
    {
      "id": 6468,
      "priceKm": 1.4945620207600605,
      "startLocation": {
        "hash": "u9fsdw",
        "latitude": 55.6693570573139,
        "longitude": 26.1291412035774
      }
    },
    {
      "id": 9221,
      "priceKm": 2.7683565704428235,
      "startLocation": {
        "hash": "u334be",
        "latitude": 52.53404649976444,
        "longitude": 12.686769388070164
      }
    }
  ],
  "orders": [
    {
      "id": 760,
      "pickupLocation": {
        "hash": "u30bs3",
        "latitude": 50.718504,
        "longitude": 12.493927
      },
      "deliveryLocation": {
        "hash": "u1hg0p",
        "latitude": 51.195843,
        "longitude": 6.690083
      },
      "loadFactor": 7
    },
    {
      "id": 914,
      "pickupLocation": {
        "hash": "u1yv4m",
        "latitude": 55.7507,
        "longitude": 9.593335
      },
      "deliveryLocation": {
        "hash": "u30bjr",
        "latitude": 50.6651628,
        "longitude": 12.5413952
      },
      "loadFactor": 9
    },
    {
      "id": 3517,
      "pickupLocation": {
        "hash": "u1huxx",
        "latitude": 51.455206,
        "longitude": 7.012273
      },
      "deliveryLocation": {
        "hash": "u1hg7h",
        "latitude": 51.2218333,
        "longitude": 6.8218705
      },
      "loadFactor": 8
    },
    {
      "id": 1456,
      "pickupLocation": {
        "hash": "u2gtdh",
        "latitude": 50.212498,
        "longitude": 16.262725
      },
      "deliveryLocation": {
        "hash": "u1mpeg",
        "latitude": 53.36696,
        "longitude": 7.20595
      },
      "loadFactor": 8
    }
  ]
}