{
  "vehicles": [
    {
      "id": 6526,
      "priceKm": 1.1769880819605847,
      "startLocation": {
        "hash": "u0wtus",
        "latitude": 48.84641103361785,
        "longitude": 9.348571421778606
      }
    },
    {
      "id": 4727,
      "priceKm": 2.3312875724714743,
      "startLocation": {
        "hash": "u11tsj",
        "latitude": 51.6203588874773,
        "longitude": 2.2927009591361007
      }
    }
  ],
  "orders": [
    {
      "id": 9024,
      "pickupLocation": {
        "hash": "u1rdjq",
        "latitude": 52.420559,
        "longitude": 10.786168
      },
      "deliveryLocation": {
        "hash": "u0wqdb",
        "latitude": 48.9557343,
        "longitude": 8.9200048
      },
      "loadFactor": 7
    },
    {
      "id": 6914,
      "pickupLocation": {
        "hash": "u1mxsy",
        "latitude": 53.387024,
        "longitude": 7.952453
      },
      "deliveryLocation": {
        "hash": "u0v17j",
        "latitude": 49.46692,
        "longitude": 7.169596
      },
      "loadFactor": 8
    },
    {
      "id": 6761,
      "pickupLocation": {
        "hash": "u1mpeg",
        "latitude": 53.36696,
        "longitude": 7.20595
      },
      "deliveryLocation": {
        "hash": "u1huxx",
        "latitude": 51.455206,
        "longitude": 7.012273
      },
      "loadFactor": 6
    },
    {
      "id": 1931,
      "pickupLocation": {
        "hash": "u623rm",
        "latitude": 57.9060825,
        "longitude": 11.9246143
      },
      "deliveryLocation": {
        "hash": "u1yubg",
        "latitude": 55.700005,
        "longitude": 9.533324
      },
      "loadFactor": 8
    }
  ]
}