{
  "vehicles": [
    {
      "id": 9126,
      "priceKm": 1.7506029846331221,
      "startLocation": {
        "hash": "u1p47q",
        "latitude": 51.05817499728201,
        "longitude": 9.992587304295567
      }
    },
    {
      "id": 9883,
      "priceKm": 1.6074871358882838,
      "startLocation": {
        "hash": "spdd40",
        "latitude": 42.543811769075795,
        "longitude": 3.614485294996579
      }
    }
  ],
  "orders": [
    {
      "id": 10962,
      "pickupLocation": {
        "hash": "u0f0nr",
        "latitude": 49.259963,
        "longitude": 3.090591
      },
      "deliveryLocation": {
        "hash": "u140xp",
        "latitude": 50.7531242,
        "longitude": 3.1209021
      },
      "loadFactor": 7
    },
    {
      "id": 5911,
      "pickupLocation": {
        "hash": "u28k82",
        "latitude": 48.605431,
        "longitude": 11.623412
      },
      "deliveryLocation": {
        "hash": "u0xepu",
        "latitude": 48.367243,
        "longitude": 10.898279
      },
      "loadFactor": 8
    },
    {
      "id": 10041,
      "pickupLocation": {
        "hash": "u0wqdb",
        "latitude": 48.955734,
        "longitude": 8.920005
      },
      "deliveryLocation": {
        "hash": "u0y24n",
        "latitude": 49.2553,
        "longitude": 8.87722
      },
      "loadFactor": 4
    },
    {
      "id": 8648,
      "pickupLocation": {
        "hash": "u1hu9e",
        "latitude": 51.433434,
        "longitude": 6.749769
      },
      "deliveryLocation": {
        "hash": "u1prm3",
        "latitude": 51.905994,
        "longitude": 10.426628
      },
      "loadFactor": 8
    }
  ]
}