{
  "vehicles": [
    {
      "id": 3932,
      "priceKm": 1.1292731908068332,
      "startLocation": {
        "hash": "u1tb2f",
        "latitude": 53.49713379102062,
        "longitude": 8.128317539867918
      }
    },
    {
      "id": 7361,
      "priceKm": 2.733410641121574,
      "startLocation": {
        "hash": "u381ud",
        "latitude": 53.76141243679464,
        "longitude": 11.45046481271382
      }
    }
  ],
  "orders": [
    {
      "id": 9445,
      "pickupLocation": {
        "hash": "u30cdb",
        "latitude": 50.889108,
        "longitude": 12.431532
      },
      "deliveryLocation": {
        "hash": "u0w1us",
        "latitude": 48.1469154,
        "longitude": 8.6392507
      },
      "loadFactor": 7
    },
    {
      "id": 7961,
      "pickupLocation": {
        "hash": "u28rh1",
        "latitude": 49.051888,
        "longitude": 11.782505
      },
      "deliveryLocation": {
        "hash": "u0wxb9",
        "latitude": 49.1812198,
        "longitude": 9.1718358
      },
      "loadFactor": 5
    },
    {
      "id": 8217,
      "pickupLocation": {
        "hash": "u32203",
        "latitude": 52.039425,
        "longitude": 11.613103
      },
      "deliveryLocation": {
        "hash": "u0vyh5",
        "latitude": 50.2940022,
        "longitude": 8.2703188
      },
      "loadFactor": 7
    },
    {
      "id": 262,
      "pickupLocation": {
        "hash": "u0wqdb",
        "latitude": 48.955734,
        "longitude": 8.920005
      },
      "deliveryLocation": {
        "hash": "u0wtep",
        "latitude": 48.8181572,
        "longitude": 9.2780848
      },
      "loadFactor": 2
    }
  ]
}