{
  "vehicles": [
    {
      "id": 7927,
      "priceKm": 2.384464333251173,
      "startLocation": {
        "hash": "u1m341",
        "latitude": 52.217994810586276,
        "longitude": 7.476481754085615
      }
    },
    {
      "id": 5963,
      "priceKm": 2.625446931915177,
      "startLocation": {
        "hash": "u0zu60",
        "latitude": 49.96933325218826,
        "longitude": 10.992744837749601
      }
    }
  ],
  "orders": [
    {
      "id": 3864,
      "pickupLocation": {
        "hash": "u1q52c",
        "latitude": 52.609453,
        "longitude": 8.480184
      },
      "deliveryLocation": {
        "hash": "u1w0ek",
        "latitude": 53.552227,
        "longitude": 8.586551
      },
      "loadFactor": 7
    },
    {
      "id": 5682,
      "pickupLocation": {
        "hash": "u1mxsy",
        "latitude": 53.387024,
        "longitude": 7.952453
      },
      "deliveryLocation": {
        "hash": "u0ynvm",
        "latitude": 50.434476,
        "longitude": 8.670137
      },
      "loadFactor": 8
    },
    {
      "id": 7339,
      "pickupLocation": {
        "hash": "u1hg0p",
        "latitude": 51.195843,
        "longitude": 6.690083
      },
      "deliveryLocation": {
        "hash": "u1mpeg",
        "latitude": 53.36696,
        "longitude": 7.20595
      },
      "loadFactor": 2
    },
    {
      "id": 120,
      "pickupLocation": {
        "hash": "ezky9z",
        "latitude": 41.962737,
        "longitude": -4.488345
      },
      "deliveryLocation": {
        "hash": "spexrh",
        "latitude": 43.487234,
        "longitude": 5.23429
      },
      "loadFactor": 7
    }
  ]
}