{
  "vehicles": [
    {
      "id": 8556,
      "priceKm": 2.108025335796513,
      "startLocation": {
        "hash": "u0zdvh",
        "latitude": 49.7244598940055,
        "longitude": 10.772642653737606
      }
    },
    {
      "id": 2825,
      "priceKm": 1.0044307112658182,
      "startLocation": {
        "hash": "sp8h6w",
        "latitude": 42.96809274185223,
        "longitude": 0.11702761289454236
      }
    },
    {
      "id": 411,
      "priceKm": 1.2273648716176584,
      "startLocation": {
        "hash": "u169vn",
        "latitude": 52.3763973600449,
        "longitude": 3.7456037403937104
      }
    },
    {
      "id": 2776,
      "priceKm": 1.1885425633254627,
      "startLocation": {
        "hash": "u1muzg",
        "latitude": 52.885192473165645,
        "longitude": 8.435403744889646
      }
    }
  ],
  "orders": [
    {
      "id": 1187,
      "pickupLocation": {
        "hash": "u0wqdb",
        "latitude": 48.955734,
        "longitude": 8.920005
      },
      "deliveryLocation": {
        "hash": "u0wwqw",
        "latitude": 48.9471455,
        "longitude": 9.4341813
      },
      "loadFactor": 6
    }
  ]
}