{
  "vehicles": [
    {
      "id": 6527,
      "priceKm": 1.8152738414131637,
      "startLocation": {
        "hash": "u0yc70",
        "latitude": 49.44128011383292,
        "longitude": 9.624352472094978
      }
    },
    {
      "id": 8294,
      "priceKm": 1.3282468433914798,
      "startLocation": {
        "hash": "u14f68",
        "latitude": 51.02135437864135,
        "longitude": 3.9771448295838767
      }
    },
    {
      "id": 8044,
      "priceKm": 1.5344373592346214,
      "startLocation": {
        "hash": "u2qjt0",
        "latitude": 47.37347340249056,
        "longitude": 19.913253138100742
      }
    },
    {
      "id": 4584,
      "priceKm": 2.838488507725713,
      "startLocation": {
        "hash": "u344he",
        "latitude": 50.99631588764032,
        "longitude": 14.264948649236045
      }
    }
  ],
  "orders": [
    {
      "id": 2551,
      "pickupLocation": {
        "hash": "u1r2em",
        "latitude": 52.148021,
        "longitude": 10.348964
      },
      "deliveryLocation": {
        "hash": "u1mbvy",
        "latitude": 52.200762,
        "longitude": 8.338667
      },
      "loadFactor": 7
    }
  ]
}