{
  "vehicles": [
    {
      "id": 1963,
      "priceKm": 2.580566256085648,
      "startLocation": {
        "hash": "u0wj87",
        "latitude": 48.79814670635786,
        "longitude": 8.451270929717799
      }
    },
    {
      "id": 9011,
      "priceKm": 1.416525868047347,
      "startLocation": {
        "hash": "u1kj64",
        "latitude": 52.966315725161635,
        "longitude": 5.716295696178708
      }
    },
    {
      "id": 8977,
      "priceKm": 2.261090824995991,
      "startLocation": {
        "hash": "u1htt9",
        "latitude": 51.59729006766227,
        "longitude": 6.580432637717337
      }
    },
    {
      "id": 40,
      "priceKm": 2.317872365973041,
      "startLocation": {
        "hash": "u1rfg1",
        "latitude": 52.52562570336147,
        "longitude": 11.03766597788544
      }
    }
  ],
  "orders": [
    {
      "id": 11131,
      "pickupLocation": {
        "hash": "u1r2em",
        "latitude": 52.148021,
        "longitude": 10.348964
      },
      "deliveryLocation": {
        "hash": "u1m5jr",
        "latitude": 52.600356,
        "longitude": 7.266355
      },
      "loadFactor": 8
    }
  ]
}