{
  "vehicles": [
    {
      "id": 8721,
      "priceKm": 2.3390385528614184,
      "startLocation": {
        "hash": "u1hhwc",
        "latitude": 51.42364056979466,
        "longitude": 5.929238546305322
      }
    },
    {
      "id": 4432,
      "priceKm": 2.1129210369536953,
      "startLocation": {
        "hash": "u23wp2",
        "latitude": 47.46351214096537,
        "longitude": 13.686605252885743
      }
    },
    {
      "id": 5970,
      "priceKm": 2.3633599050094474,
      "startLocation": {
        "hash": "u1m75c",
        "latitude": 52.56922620725653,
        "longitude": 7.553753221337129
      }
    },
    {
      "id": 5076,
      "priceKm": 1.297411491129881,
      "startLocation": {
        "hash": "u1sjsu",
        "latitude": 54.428867115595196,
        "longitude": 5.844102383136785
      }
    }
  ],
  "orders": [
    {
      "id": 5004,
      "pickupLocation": {
        "hash": "u3zhcj",
        "latitude": 55.706831,
        "longitude": 21.1414911
      },
      "deliveryLocation": {
        "hash": "u99zpy",
        "latitude": 54.7042831,
        "longitude": 25.3035356
      },
      "loadFactor": 7
    }
  ]
}