{
  "vehicles": [
    {
      "id": 841,
      "priceKm": 1.957715663364996,
      "startLocation": {
        "hash": "u2c152",
        "latitude": 49.39481533299666,
        "longitude": 12.799216104912164
      }
    },
    {
      "id": 9771,
      "priceKm": 2.517297870713624,
      "startLocation": {
        "hash": "u0mqw1",
        "latitude": 47.55829512787616,
        "longitude": 7.650681086046264
      }
    },
    {
      "id": 6010,
      "priceKm": 1.4390846316371744,
      "startLocation": {
        "hash": "u0znkj",
        "latitude": 50.34633641089321,
        "longitude": 10.021307939169404
      }
    },
    {
      "id": 1661,
      "priceKm": 1.0807057048895445,
      "startLocation": {
        "hash": "u0zrrv",
        "latitude": 50.52204824496235,
        "longitude": 10.542726744108087
      }
    }
  ],
  "orders": [
    {
      "id": 5965,
      "pickupLocation": {
        "hash": "u0wqdb",
        "latitude": 48.955734,
        "longitude": 8.920005
      },
      "deliveryLocation": {
        "hash": "u0wzms",
        "latitude": 49.112397,
        "longitude": 9.736906
      },
      "loadFactor": 8
    }
  ]
}