{
  "vehicles": [
    {
      "id": 5526,
      "priceKm": 2.9771459856301803,
      "startLocation": {
        "hash": "u3juuz",
        "latitude": 51.503027128368196,
        "longitude": 19.555008862438967
      }
    },
    {
      "id": 1764,
      "priceKm": 1.8778856158710573,
      "startLocation": {
        "hash": "u0w6ng",
        "latitude": 48.18592793272675,
        "longitude": 9.096164394157142
      }
    },
    {
      "id": 2244,
      "priceKm": 1.085699388592406,
      "startLocation": {
        "hash": "u1nmbj",
        "latitude": 51.6682050978292,
        "longitude": 8.792311912186314
      }
    },
    {
      "id": 1220,
      "priceKm": 1.7137455644308097,
      "startLocation": {
        "hash": "u0zft4",
        "latitude": 49.67191716673563,
        "longitude": 11.124663066259254
      }
    }
  ],
  "orders": [
    {
      "id": 614,
      "pickupLocation": {
        "hash": "u28k82",
        "latitude": 48.605431,
        "longitude": 11.623412
      },
      "deliveryLocation": {
        "hash": "u0xbjs",
        "latitude": 47.839073,
        "longitude": 11.142432
      },
      "loadFactor": 7
    }
  ]
}