{
  "vehicles": [
    {
      "id": 2620,
      "priceKm": 1.5810366772380275,
      "startLocation": {
        "hash": "u1r3ke",
        "latitude": 52.271819048338116,
        "longitude": 10.397218033779778
      }
    },
    {
      "id": 8511,
      "priceKm": 1.3265006570914937,
      "startLocation": {
        "hash": "sp0cs0",
        "latitude": 39.63904221699513,
        "longitude": 1.2378893480008246
      }
    },
    {
      "id": 2198,
      "priceKm": 2.1030008739373938,
      "startLocation": {
        "hash": "u1p80y",
        "latitude": 50.663013679998585,
        "longitude": 10.585756917788268
      }
    },
    {
      "id": 4408,
      "priceKm": 1.914328978741198,
      "startLocation": {
        "hash": "u1ng44",
        "latitude": 51.16760830608566,
        "longitude": 9.581848773556144
      }
    }
  ],
  "orders": [
    {
      "id": 1396,
      "pickupLocation": {
        "hash": "u09qd0",
        "latitude": 48.959139,
        "longitude": 1.855432
      },
      "deliveryLocation": {
        "hash": "u0bc2b",
        "latitude": 49.440459,
        "longitude": 1.093966
      },
      "loadFactor": 8
    }
  ]
}