{
  "vehicles": [
    {
      "id": 9670,
      "priceKm": 1.7194836441718935,
      "startLocation": {
        "hash": "u1pvft",
        "latitude": 51.667902020008235,
        "longitude": 11.010148915766097
      }
    },
    {
      "id": 9980,
      "priceKm": 2.8840734712713094,
      "startLocation": {
        "hash": "u1nzy1",
        "latitude": 51.997566798379694,
        "longitude": 9.759811769386477
      }
    },
    {
      "id": 1836,
      "priceKm": 1.6295263991196771,
      "startLocation": {
        "hash": "u1tkdr",
        "latitude": 54.27030671474905,
        "longitude": 7.486524160461648
      }
    },
    {
      "id": 544,
      "priceKm": 1.830407633246832,
      "startLocation": {
        "hash": "u1nr7h",
        "latitude": 51.92520192182516,
        "longitude": 8.92789211703947
      }
    }
  ],
  "orders": [
    {
      "id": 9848,
      "pickupLocation": {
        "hash": "u28k82",
        "latitude": 48.605431,
        "longitude": 11.623412
      },
      "deliveryLocation": {
        "hash": "u0x576",
        "latitude": 48.398312,
        "longitude": 9.991046
      },
      "loadFactor": 2
    }
  ]
}