{
  "vehicles": [
    {
      "id": 541,
      "priceKm": 1.9565520430265932,
      "startLocation": {
        "hash": "u1w4bf",
        "latitude": 53.933621178440205,
        "longitude": 8.472497017588875
      }
    },
    {
      "id": 3664,
      "priceKm": 1.5717870443991577,
      "startLocation": {
        "hash": "u1xnvc",
        "latitude": 54.63496290482082,
        "longitude": 10.101875716549536
      }
    },
    {
      "id": 966,
      "priceKm": 2.089408286501703,
      "startLocation": {
        "hash": "u1htjr",
        "latitude": 51.54486977292477,
        "longitude": 6.561984970170551
      }
    },
    {
      "id": 1879,
      "priceKm": 2.0111897771739122,
      "startLocation": {
        "hash": "u1qe25",
        "latitude": 52.619484688990454,
        "longitude": 9.145411117540837
      }
    }
  ],
  "orders": [
    {
      "id": 915,
      "pickupLocation": {
        "hash": "u1huxx",
        "latitude": 51.455206,
        "longitude": 7.012273
      },
      "deliveryLocation": {
        "hash": "u1js9j",
        "latitude": 51.4449363,
        "longitude": 7.7851512
      },
      "loadFactor": 4
    }
  ]
}