{
  "vehicles": [
    {
      "id": 9321,
      "priceKm": 1.3200769228803237,
      "startLocation": {
        "hash": "u0w268",
        "latitude": 47.85663933205907,
        "longitude": 8.904738485094558
      }
    },
    {
      "id": 837,
      "priceKm": 1.2012884913957553,
      "startLocation": {
        "hash": "u2msc3",
        "latitude": 47.25107487335704,
        "longitude": 19.047296037048604
      }
    },
    {
      "id": 517,
      "priceKm": 2.968065243042475,
      "startLocation": {
        "hash": "u09809",
        "latitude": 47.82273587824343,
        "longitude": 2.1422631088808233
      }
    },
    {
      "id": 6768,
      "priceKm": 2.5041105658518057,
      "startLocation": {
        "hash": "u0rpg9",
        "latitude": 47.77526184302043,
        "longitude": 9.999874970243631
      }
    }
  ],
  "orders": [
    {
      "id": 6611,
      "pickupLocation": {
        "hash": "u1r2em",
        "latitude": 52.148021,
        "longitude": 10.348964
      },
      "deliveryLocation": {
        "hash": "u1tb82",
        "latitude": 53.527879,
        "longitude": 8.106301
      },
      "loadFactor": 4
    }
  ]
}