{
  "vehicles": [
    {
      "id": 868,
      "priceKm": 1.578870669710778,
      "startLocation": {
        "hash": "u0qyx4",
        "latitude": 47.5604032925321,
        "longitude": 9.807869816151765
      }
    },
    {
      "id": 9867,
      "priceKm": 2.6597757196546032,
      "startLocation": {
        "hash": "u1rkr7",
        "latitude": 52.79742947626141,
        "longitude": 10.523528952435367
      }
    },
    {
      "id": 6705,
      "priceKm": 2.2046578648157227,
      "startLocation": {
        "hash": "u1sgng",
        "latitude": 53.983637694034456,
        "longitude": 6.98718034589461
      }
    },
    {
      "id": 4078,
      "priceKm": 1.3300986766297347,
      "startLocation": {
        "hash": "u0v0c6",
        "latitude": 49.36700128578904,
        "longitude": 7.091870761560981
      }
    }
  ],
  "orders": [
    {
      "id": 5544,
      "pickupLocation": {
        "hash": "u1mxsy",
        "latitude": 53.387024,
        "longitude": 7.952453
      },
      "deliveryLocation": {
        "hash": "u31e4f",
        "latitude": 51.16861,
        "longitude": 13.481384
      },
      "loadFactor": 8
    },
    {
      "id": 628,
      "pickupLocation": {
        "hash": "u2s46e",
        "latitude": 48.2260007,
        "longitude": 16.9924403
      },
      "deliveryLocation": {
        "hash": "sp2cus",
        "latitude": 41.113686,
        "longitude": 1.252739
      },
      "loadFactor": 5
    },
    {
      "id": 1638,
      "pickupLocation": {
        "hash": "u14k10",
        "latitude": 51.331438,
        "longitude": 3.208329
      },
      "deliveryLocation": {
        "hash": "u0gs26",
        "latitude": 49.979267,
        "longitude": 4.938897
      },
      "loadFactor": 8
    },
    {
      "id": 2869,
      "pickupLocation": {
        "hash": "u0wqdb",
        "latitude": 48.955734,
        "longitude": 8.920005
      },
      "deliveryLocation": {
        "hash": "u0wscf",
        "latitude": 48.661775,
        "longitude": 9.223679
      },
      "loadFactor": 8
    },
    {
      "id": 4358,
      "pickupLocation": {
        "hash": "ezpc9x",
        "latitude": 39.679171,
        "longitude": -0.277415
      },
      "deliveryLocation": {
        "hash": "u0t1x2",
        "latitude": 48.0776901,
        "longitude": 7.357923
      },
      "loadFactor": 9
    }
  ]
}