{
  "vehicles": [
    {
      "id": 8857,
      "priceKm": 1.996527792399208,
      "startLocation": {
        "hash": "u2b75h",
        "latitude": 49.76889686302928,
        "longitude": 11.735783604988926
      }
    },
    {
      "id": 5845,
      "priceKm": 1.6040483981136202,
      "startLocation": {
        "hash": "u1vbgn",
        "latitude": 55.009985586552645,
        "longitude": 8.226603552980407
      }
    },
    {
      "id": 7758,
      "priceKm": 2.399620680402232,
      "startLocation": {
        "hash": "gbxuk5",
        "latitude": 48.57974097597187,
        "longitude": -0.16839975185652445
      }
    },
    {
      "id": 8465,
      "priceKm": 1.461171394588261,
      "startLocation": {
        "hash": "u0e381",
        "latitude": 48.08452086838032,
        "longitude": 4.573709785160374
      }
    }
  ],
  "orders": [
    {
      "id": 1859,
      "pickupLocation": {
        "hash": "u2kx33",
        "latitude": 47.687611,
        "longitude": 17.634682
      },
      "deliveryLocation": {
        "hash": "u2bqnn",
        "latitude": 50.3091775,
        "longitude": 11.8734449
      },
      "loadFactor": 8
    },
    {
      "id": 10856,
      "pickupLocation": {
        "hash": "u1huxx",
        "latitude": 51.455206,
        "longitude": 7.012273
      },
      "deliveryLocation": {
        "hash": "u1j9qd",
        "latitude": 50.8591497,
        "longitude": 8.020138
      },
      "loadFactor": 8
    },
    {
      "id": 8071,
      "pickupLocation": {
        "hash": "u0zck4",
        "latitude": 49.45385,
        "longitude": 11.077324
      },
      "deliveryLocation": {
        "hash": "u29jyc",
        "latitude": 48.8332405,
        "longitude": 12.9620934
      },
      "loadFactor": 5
    },
    {
      "id": 560,
      "pickupLocation": {
        "hash": "u0zchs",
        "latitude": 49.419392,
        "longitude": 11.098348
      },
      "deliveryLocation": {
        "hash": "u2b1cy",
        "latitude": 49.5594521,
        "longitude": 11.3356562
      },
      "loadFactor": 8
    },
    {
      "id": 10197,
      "pickupLocation": {
        "hash": "u0wqdb",
        "latitude": 48.955734,
        "longitude": 8.920005
      },
      "deliveryLocation": {
        "hash": "u0xps2",
        "latitude": 49.1348461,
        "longitude": 10.0366592
      },
      "loadFactor": 5
    }
  ]
}