{
  "vehicles": [
    {
      "id": 3457,
      "priceKm": 1.650724327251574,
      "startLocation": {
        "hash": "u0ztet",
        "latitude": 50.21701986404191,
        "longitude": 10.711144072342828
      }
    },
    {
      "id": 5719,
      "priceKm": 2.3552138528253153,
      "startLocation": {
        "hash": "u0f4n4",
        "latitude": 49.5857254778123,
        "longitude": 3.077831653254598
      }
    },
    {
      "id": 3413,
      "priceKm": 1.1962493038292037,
      "startLocation": {
        "hash": "u2b1r2",
        "latitude": 49.438822778708435,
        "longitude": 11.57743167432566
      }
    },
    {
      "id": 5799,
      "priceKm": 1.1576796679541752,
      "startLocation": {
        "hash": "u1p28n",
        "latitude": 50.7483215192857,
        "longitude": 10.199224942474729
      }
    }
  ],
  "orders": [
    {
      "id": 4601,
      "pickupLocation": {
        "hash": "u2s1vq",
        "latitude": 48.153538,
        "longitude": 17.109671
      },
      "deliveryLocation": {
        "hash": "u21g07",
        "latitude": 45.548133,
        "longitude": 13.729491
      },
      "loadFactor": 5
    },
    {
      "id": 7990,
      "pickupLocation": {
        "hash": "u1mxsy",
        "latitude": 53.387024,
        "longitude": 7.952453
      },
      "deliveryLocation": {
        "hash": "u1h6db",
        "latitude": 51.065338,
        "longitude": 6.098583
      },
      "loadFactor": 8
    },
    {
      "id": 8326,
      "pickupLocation": {
        "hash": "u30cdb",
        "latitude": 50.889108,
        "longitude": 12.431532
      },
      "deliveryLocation": {
        "hash": "u0t94c",
        "latitude": 47.9949989,
        "longitude": 7.8646898
      },
      "loadFactor": 6
    },
    {
      "id": 4097,
      "pickupLocation": {
        "hash": "u1q52c",
        "latitude": 52.609453,
        "longitude": 8.480184
      },
      "deliveryLocation": {
        "hash": "u1jhxw",
        "latitude": 51.4511716,
        "longitude": 7.3659327
      },
      "loadFactor": 10
    },
    {
      "id": 9166,
      "pickupLocation": {
        "hash": "u0wqdb",
        "latitude": 48.955734,
        "longitude": 8.920005
      },
      "deliveryLocation": {
        "hash": "u0wt78",
        "latitude": 48.7388611,
        "longitude": 9.3010798
      },
      "loadFactor": 7
    }
  ]
}