{
  "vehicles": [
    {
      "id": 7918,
      "priceKm": 1.5199358407460815,
      "startLocation": {
        "hash": "sp2rk8",
        "latitude": 42.05950366616753,
        "longitude": 0.5546071371798709
      }
    },
    {
      "id": 130,
      "priceKm": 1.3116945569980651,
      "startLocation": {
        "hash": "u3bf9b",
        "latitude": 55.28336860952477,
        "longitude": 12.386779533314842
      }
    },
    {
      "id": 5394,
      "priceKm": 1.8214679384023662,
      "startLocation": {
        "hash": "u1zw4d",
        "latitude": 55.91043217269109,
        "longitude": 10.665104000091404
      }
    },
    {
      "id": 5002,
      "priceKm": 1.0359680293097397,
      "startLocation": {
        "hash": "u2fgvk",
        "latitude": 49.90357958801595,
        "longitude": 15.352580852602443
      }
    }
  ],
  "orders": [
    {
      "id": 6071,
      "pickupLocation": {
        "hash": "u09tvw",
        "latitude": 48.856506,
        "longitude": 2.352133
      },
      "deliveryLocation": {
        "hash": "u0yjm8",
        "latitude": 50.143279,
        "longitude": 8.680598
      },
      "loadFactor": 8
    },
    {
      "id": 4650,
      "pickupLocation": {
        "hash": "u0b1x4",
        "latitude": 49.496622,
        "longitude": 0.316745
      },
      "deliveryLocation": {
        "hash": "u05mhw",
        "latitude": 45.9143,
        "longitude": 4.77378
      },
      "loadFactor": 3
    },
    {
      "id": 3600,
      "pickupLocation": {
        "hash": "u28k82",
        "latitude": 48.605431,
        "longitude": 11.623412
      },
      "deliveryLocation": {
        "hash": "u0ryht",
        "latitude": 47.493781,
        "longitude": 11.104039
      },
      "loadFactor": 10
    },
    {
      "id": 4951,
      "pickupLocation": {
        "hash": "u1ngm0",
        "latitude": 51.2,
        "longitude": 9.71667
      },
      "deliveryLocation": {
        "hash": "u0vccv",
        "latitude": 49.558184,
        "longitude": 8.165932
      },
      "loadFactor": 7
    },
    {
      "id": 10488,
      "pickupLocation": {
        "hash": "u1mxsy",
        "latitude": 53.387024,
        "longitude": 7.952453
      },
      "deliveryLocation": {
        "hash": "u1jj0z",
        "latitude": 51.543113,
        "longitude": 7.071169
      },
      "loadFactor": 8
    }
  ]
}