{
  "vehicles": [
    {
      "id": 5749,
      "priceKm": 1.69356136908751,
      "startLocation": {
        "hash": "u0ugnh",
        "latitude": 49.76809503281761,
        "longitude": 6.952057258951164
      }
    },
    {
      "id": 1788,
      "priceKm": 1.6079571075155104,
      "startLocation": {
        "hash": "u1xw52",
        "latitude": 54.49725987675459,
        "longitude": 10.693148714919825
      }
    },
    {
      "id": 176,
      "priceKm": 2.477331990726725,
      "startLocation": {
        "hash": "u0zbyw",
        "latitude": 49.38587754932236,
        "longitude": 11.184852211159154
      }
    },
    {
      "id": 2056,
      "priceKm": 2.5455472700044153,
      "startLocation": {
        "hash": "u0x44u",
        "latitude": 48.18892851960688,
        "longitude": 9.973432237646525
      }
    }
  ],
  "orders": [
    {
      "id": 11008,
      "pickupLocation": {
        "hash": "u1mr3b",
        "latitude": 53.3106603,
        "longitude": 7.4671401
      },
      "deliveryLocation": {
        "hash": "u0vuzf",
        "latitude": 50.0667945,
        "longitude": 8.4346926
      },
      "loadFactor": 9
    },
    {
      "id": 11147,
      "pickupLocation": {
        "hash": "u30bs3",
        "latitude": 50.718504,
        "longitude": 12.493927
      },
      "deliveryLocation": {
        "hash": "u1nsmy",
        "latitude": 51.408161,
        "longitude": 9.402353
      },
      "loadFactor": 6
    },
    {
      "id": 3948,
      "pickupLocation": {
        "hash": "u09qd0",
        "latitude": 48.959139,
        "longitude": 1.855432
      },
      "deliveryLocation": {
        "hash": "u0jcze",
        "latitude": 45.325157,
        "longitude": 8.422767
      },
      "loadFactor": 3
    },
    {
      "id": 9,
      "pickupLocation": {
        "hash": "u28wg7",
        "latitude": 49.019596,
        "longitude": 12.097745
      },
      "deliveryLocation": {
        "hash": "u0pf6p",
        "latitude": 45.438222,
        "longitude": 10.993554
      },
      "loadFactor": 8
    },
    {
      "id": 3336,
      "pickupLocation": {
        "hash": "u1huxx",
        "latitude": 51.455206,
        "longitude": 7.012273
      },
      "deliveryLocation": {
        "hash": "u1htyf",
        "latitude": 51.6498243,
        "longitude": 6.6255073
      },
      "loadFactor": 8
    }
  ]
}