{
  "vehicles": [
    {
      "id": 6195,
      "priceKm": 2.3370804266615774,
      "startLocation": {
        "hash": "u305wu",
        "latitude": 51.26468146958305,
        "longitude": 11.55531272921964
      }
    },
    {
      "id": 8968,
      "priceKm": 2.7074318842622462,
      "startLocation": {
        "hash": "spff92",
        "latitude": 44.03846132848541,
        "longitude": 3.9324724252481777
      }
    },
    {
      "id": 6097,
      "priceKm": 1.2349545023824868,
      "startLocation": {
        "hash": "u2bz3e",
        "latitude": 50.510277839365,
        "longitude": 12.370796438769942
      }
    },
    {
      "id": 6782,
      "priceKm": 1.0733977450323346,
      "startLocation": {
        "hash": "u09szd",
        "latitude": 48.66288019164373,
        "longitude": 2.4433642673724347
      }
    }
  ],
  "orders": [
    {
      "id": 6114,
      "pickupLocation": {
        "hash": "u1r2em",
        "latitude": 52.148021,
        "longitude": 10.348964
      },
      "deliveryLocation": {
        "hash": "u1mg8g",
        "latitude": 52.663181,
        "longitude": 8.121843
      },
      "loadFactor": 8
    },
    {
      "id": 4631,
      "pickupLocation": {
        "hash": "u6s1e9",
        "latitude": 59.3343059,
        "longitude": 17.0381816
      },
      "deliveryLocation": {
        "hash": "u1yubg",
        "latitude": 55.7000046,
        "longitude": 9.5333242
      },
      "loadFactor": 8
    },
    {
      "id": 5467,
      "pickupLocation": {
        "hash": "u1r2em",
        "latitude": 52.148021,
        "longitude": 10.348964
      },
      "deliveryLocation": {
        "hash": "u1mqcd",
        "latitude": 53.232728,
        "longitude": 7.459549
      },
      "loadFactor": 7
    },
    {
      "id": 3398,
      "pickupLocation": {
        "hash": "u30cj7",
        "latitude": 50.819903,
        "longitude": 12.539787
      },
      "deliveryLocation": {
        "hash": "u0z560",
        "latitude": 49.79245,
        "longitude": 9.932966
      },
      "loadFactor": 7
    },
    {
      "id": 11043,
      "pickupLocation": {
        "hash": "u334u8",
        "latitude": 52.518784,
        "longitude": 12.85469
      },
      "deliveryLocation": {
        "hash": "u0rwek",
        "latitude": 47.570816,
        "longitude": 10.698128
      },
      "loadFactor": 7
    }
  ]
}