{
  "vehicles": [
    {
      "id": 7718,
      "priceKm": 1.4945755733134978,
      "startLocation": {
        "hash": "u332jn",
        "latitude": 52.06579264783005,
        "longitude": 13.23752839066765
      }
    },
    {
      "id": 6892,
      "priceKm": 1.7142911807346122,
      "startLocation": {
        "hash": "u1v1t8",
        "latitude": 55.10993107588662,
        "longitude": 7.277837766028827
      }
    },
    {
      "id": 4532,
      "priceKm": 2.425994779403011,
      "startLocation": {
        "hash": "u2851w",
        "latitude": 48.37708140904532,
        "longitude": 11.315961797734493
      }
    },
    {
      "id": 1342,
      "priceKm": 2.971492516917495,
      "startLocation": {
        "hash": "u0ssz6",
        "latitude": 48.66007761508775,
        "longitude": 6.648907055517895
      }
    }
  ],
  "orders": [
    {
      "id": 7719,
      "pickupLocation": {
        "hash": "u28k82",
        "latitude": 48.605431,
        "longitude": 11.623412
      },
      "deliveryLocation": {
        "hash": "u0x576",
        "latitude": 48.398312,
        "longitude": 9.991046
      },
      "loadFactor": 4
    },
    {
      "id": 2216,
      "pickupLocation": {
        "hash": "u0wqdb",
        "latitude": 48.955734,
        "longitude": 8.920005
      },
      "deliveryLocation": {
        "hash": "u0wt7c",
        "latitude": 48.742178,
        "longitude": 9.3144229
      },
      "loadFactor": 6
    },
    {
      "id": 8724,
      "pickupLocation": {
        "hash": "u1rdjq",
        "latitude": 52.420559,
        "longitude": 10.786168
      },
      "deliveryLocation": {
        "hash": "u0mvfs",
        "latitude": 47.439663,
        "longitude": 8.205604
      },
      "loadFactor": 7
    },
    {
      "id": 7339,
      "pickupLocation": {
        "hash": "u1hg0p",
        "latitude": 51.195843,
        "longitude": 6.690083
      },
      "deliveryLocation": {
        "hash": "u1mpeg",
        "latitude": 53.36696,
        "longitude": 7.20595
      },
      "loadFactor": 2
    },
    {
      "id": 8851,
      "pickupLocation": {
        "hash": "u28k82",
        "latitude": 48.605431,
        "longitude": 11.623412
      },
      "deliveryLocation": {
        "hash": "u0xvq2",
        "latitude": 48.7371941,
        "longitude": 11.1795273
      },
      "loadFactor": 8
    }
  ]
}