{
  "vehicles": [
    {
      "id": 6881,
      "priceKm": 2.2732496969898417,
      "startLocation": {
        "hash": "u0qve1",
        "latitude": 47.37882411578588,
        "longitude": 9.633388557288656
      }
    },
    {
      "id": 1014,
      "priceKm": 1.3482403478424385,
      "startLocation": {
        "hash": "gbzcbn",
        "latitude": 49.562151256479176,
        "longitude": -0.35040974833244043
      }
    },
    {
      "id": 1069,
      "priceKm": 2.8700335159899053,
      "startLocation": {
        "hash": "u2v0wb",
        "latitude": 49.311122287048086,
        "longitude": 18.578364949303225
      }
    },
    {
      "id": 7170,
      "priceKm": 1.3575099928089016,
      "startLocation": {
        "hash": "u173yf",
        "latitude": 52.35229641376366,
        "longitude": 4.867829117996158
      }
    }
  ],
  "orders": [
    {
      "id": 11082,
      "pickupLocation": {
        "hash": "u30cj7",
        "latitude": 50.819904,
        "longitude": 12.539787
      },
      "deliveryLocation": {
        "hash": "u0yu3f",
        "latitude": 49.9777077,
        "longitude": 9.5778539
      },
      "loadFactor": 7
    },
    {
      "id": 2109,
      "pickupLocation": {
        "hash": "u0fq53",
        "latitude": 50.2813,
        "longitude": 3.31344
      },
      "deliveryLocation": {
        "hash": "u0b1dd",
        "latitude": 49.493757,
        "longitude": 0.120504
      },
      "loadFactor": 8
    },
    {
      "id": 5407,
      "pickupLocation": {
        "hash": "u30cj7",
        "latitude": 50.819903,
        "longitude": 12.539787
      },
      "deliveryLocation": {
        "hash": "u0yu3f",
        "latitude": 49.9777077,
        "longitude": 9.5778539
      },
      "loadFactor": 8
    },
    {
      "id": 859,
      "pickupLocation": {
        "hash": "ezpc9x",
        "latitude": 39.679171,
        "longitude": -0.277415
      },
      "deliveryLocation": {
        "hash": "u02hm6",
        "latitude": 47.166718,
        "longitude": 0.24021
      },
      "loadFactor": 9
    },
    {
      "id": 6869,
      "pickupLocation": {
        "hash": "u1r2em",
        "latitude": 52.148021,
        "longitude": 10.348964
      },
      "deliveryLocation": {
        "hash": "u1mff3",
        "latitude": 52.522249,
        "longitude": 8.195311
      },
      "loadFactor": 6
    }
  ]
}