{
  "vehicles": [
    {
      "id": 8685,
      "priceKm": 2.0040179350098537,
      "startLocation": {
        "hash": "u1nv4s",
        "latitude": 51.5308205634936,
        "longitude": 9.610366730201177
      }
    },
    {
      "id": 5321,
      "priceKm": 1.2399851913491289,
      "startLocation": {
        "hash": "u1pf8e",
        "latitude": 51.08218357350325,
        "longitude": 10.927647805871901
      }
    },
    {
      "id": 9803,
      "priceKm": 1.5570900223887627,
      "startLocation": {
        "hash": "u24e9r",
        "latitude": 45.656221599731275,
        "longitude": 14.822888213317903
      }
    },
    {
      "id": 1473,
      "priceKm": 1.973587219637851,
      "startLocation": {
        "hash": "u1rbpm",
        "latitude": 52.06137176185416,
        "longitude": 11.220140477462577
      }
    }
  ],
  "orders": [
    {
      "id": 10970,
      "pickupLocation": {
        "hash": "u1mr3b",
        "latitude": 53.3106603,
        "longitude": 7.4671401
      },
      "deliveryLocation": {
        "hash": "u0vugc",
        "latitude": 50.0614479,
        "longitude": 8.2529458
      },
      "loadFactor": 9
    },
    {
      "id": 5072,
      "pickupLocation": {
        "hash": "u2c0s2",
        "latitude": 49.308084,
        "longitude": 12.845029
      },
      "deliveryLocation": {
        "hash": "u29n3z",
        "latitude": 48.952149,
        "longitude": 12.7431676
      },
      "loadFactor": 7
    },
    {
      "id": 8860,
      "pickupLocation": {
        "hash": "u0spxz",
        "latitude": 49.169743,
        "longitude": 5.968539
      },
      "deliveryLocation": {
        "hash": "u0h0fg",
        "latitude": 45.152401,
        "longitude": 5.74812
      },
      "loadFactor": 3
    },
    {
      "id": 4125,
      "pickupLocation": {
        "hash": "ezpc9x",
        "latitude": 39.679171,
        "longitude": -0.277415
      },
      "deliveryLocation": {
        "hash": "u092ex",
        "latitude": 47.942907,
        "longitude": 1.922367
      },
      "loadFactor": 8
    },
    {
      "id": 532,
      "pickupLocation": {
        "hash": "ezky9z",
        "latitude": 41.962737,
        "longitude": -4.488345
      },
      "deliveryLocation": {
        "hash": "u05mhw",
        "latitude": 45.9143,
        "longitude": 4.77378
      },
      "loadFactor": 8
    }
  ]
}