{
  "vehicles": [
    {
      "id": 3560,
      "priceKm": 1.0188833169239082,
      "startLocation": {
        "hash": "u1np8w",
        "latitude": 51.97700541610174,
        "longitude": 8.467510613449354
      }
    },
    {
      "id": 1091,
      "priceKm": 2.4900920579365993,
      "startLocation": {
        "hash": "u2ejb8",
        "latitude": 48.82632327069369,
        "longitude": 15.500319912551682
      }
    },
    {
      "id": 2125,
      "priceKm": 2.1832226550241822,
      "startLocation": {
        "hash": "u0zq7y",
        "latitude": 50.353068541675384,
        "longitude": 10.366202061013496
      }
    },
    {
      "id": 7670,
      "priceKm": 1.2232309892067936,
      "startLocation": {
        "hash": "u308w2",
        "latitude": 50.71472612054203,
        "longitude": 12.22840387417641
      }
    }
  ],
  "orders": [
    {
      "id": 7194,
      "pickupLocation": {
        "hash": "u32203",
        "latitude": 52.039425,
        "longitude": 11.613103
      },
      "deliveryLocation": {
        "hash": "u0tvt5",
        "latitude": 48.8000512,
        "longitude": 8.3110595
      },
      "loadFactor": 8
    },
    {
      "id": 6458,
      "pickupLocation": {
        "hash": "u0wqdb",
        "latitude": 48.955734,
        "longitude": 8.920005
      },
      "deliveryLocation": {
        "hash": "u0xjv2",
        "latitude": 48.8275424,
        "longitude": 10.0785846
      },
      "loadFactor": 10
    },
    {
      "id": 9285,
      "pickupLocation": {
        "hash": "u28k82",
        "latitude": 48.605431,
        "longitude": 11.623412
      },
      "deliveryLocation": {
        "hash": "u0wgqu",
        "latitude": 48.410538,
        "longitude": 9.791887
      },
      "loadFactor": 8
    },
    {
      "id": 1608,
      "pickupLocation": {
        "hash": "u0wqdb",
        "latitude": 48.955734,
        "longitude": 8.920005
      },
      "deliveryLocation": {
        "hash": "u0xnqp",
        "latitude": 48.9543312,
        "longitude": 10.1179689
      },
      "loadFactor": 7
    },
    {
      "id": 413,
      "pickupLocation": {
        "hash": "u0wqdb",
        "latitude": 48.955734,
        "longitude": 8.920005
      },
      "deliveryLocation": {
        "hash": "u0wv5b",
        "latitude": 48.696497,
        "longitude": 9.6640393
      },
      "loadFactor": 8
    }
  ]
}