{
  "vehicles": [
    {
      "id": 1736,
      "priceKm": 2.563956823157203,
      "startLocation": {
        "hash": "u2fmkz",
        "latitude": 50.18105711133349,
        "longitude": 14.624129264519707
      }
    },
    {
      "id": 6350,
      "priceKm": 1.7559000834159117,
      "startLocation": {
        "hash": "u06r98",
        "latitude": 47.726743928394264,
        "longitude": 3.238906375134976
      }
    },
    {
      "id": 9672,
      "priceKm": 1.6309160870316197,
      "startLocation": {
        "hash": "u1pgcg",
        "latitude": 51.30369337923878,
        "longitude": 10.985806471507129
      }
    },
    {
      "id": 5128,
      "priceKm": 1.4641742564681735,
      "startLocation": {
        "hash": "spsu9z",
        "latitude": 43.017486949557146,
        "longitude": 6.767487116953849
      }
    },
    {
      "id": 4694,
      "priceKm": 2.1771167986266975,
      "startLocation": {
        "hash": "u31h8n",
        "latitude": 51.4519203368828,
        "longitude": 12.660232102803887
      }
    }
  ],
  "orders": [
    {
      "id": 1602,
      "pickupLocation": {
        "hash": "u2c0s2",
        "latitude": 49.308084,
        "longitude": 12.845029
      },
      "deliveryLocation": {
        "hash": "u28pj0",
        "latitude": 49.0449024,
        "longitude": 11.470229
      },
      "loadFactor": 8
    },
    {
      "id": 958,
      "pickupLocation": {
        "hash": "u0wqdb",
        "latitude": 48.955734,
        "longitude": 8.920005
      },
      "deliveryLocation": {
        "hash": "u0xnju",
        "latitude": 48.893691,
        "longitude": 10.099602
      },
      "loadFactor": 7
    },
    {
      "id": 3258,
      "pickupLocation": {
        "hash": "u3zhcj",
        "latitude": 55.706831,
        "longitude": 21.1414911
      },
      "deliveryLocation": {
        "hash": "u99zpy",
        "latitude": 54.7042831,
        "longitude": 25.3035356
      },
      "loadFactor": 4
    }
  ]
}