{
  "vehicles": [
    {
      "id": 2084,
      "priceKm": 2.914523768324363,
      "startLocation": {
        "hash": "u1mc20",
        "latitude": 52.25212012309105,
        "longitude": 8.094452789566265
      }
    },
    {
      "id": 31,
      "priceKm": 2.2448494448100145,
      "startLocation": {
        "hash": "u1muyg",
        "latitude": 52.88303042409978,
        "longitude": 8.393192167986129
      }
    },
    {
      "id": 2254,
      "priceKm": 2.4606381826310013,
      "startLocation": {
        "hash": "u1k7sx",
        "latitude": 52.6885626658165,
        "longitude": 6.18215657156069
      }
    },
    {
      "id": 4303,
      "priceKm": 1.367386923961311,
      "startLocation": {
        "hash": "u2fej2",
        "latitude": 49.74780422920843,
        "longitude": 15.000606823132303
      }
    },
    {
      "id": 3625,
      "priceKm": 1.505579765476625,
      "startLocation": {
        "hash": "u0yue8",
        "latitude": 50.010356605215826,
        "longitude": 9.656288927893986
      }
    }
  ],
  "orders": [
    {
      "id": 7789,
      "pickupLocation": {
        "hash": "u1q52c",
        "latitude": 52.609453,
        "longitude": 8.480184
      },
      "deliveryLocation": {
        "hash": "u0y17y",
        "latitude": 49.4739759,
        "longitude": 8.6077464
      },
      "loadFactor": 7
    },
    {
      "id": 524,
      "pickupLocation": {
        "hash": "u0zchs",
        "latitude": 49.419392,
        "longitude": 11.098348
      },
      "deliveryLocation": {
        "hash": "u29pu2",
        "latitude": 49.1761665,
        "longitude": 12.8534403
      },
      "loadFactor": 8
    },
    {
      "id": 6795,
      "pickupLocation": {
        "hash": "u0b1x4",
        "latitude": 49.496622,
        "longitude": 0.316745
      },
      "deliveryLocation": {
        "hash": "u155h5",
        "latitude": 51.170094,
        "longitude": 4.394751
      },
      "loadFactor": 3
    }
  ]
}