{
  "vehicles": [
    {
      "id": 5339,
      "priceKm": 2.761573792528509,
      "startLocation": {
        "hash": "u2djc1",
        "latitude": 48.833035340742654,
        "longitude": 14.114630073669721
      }
    },
    {
      "id": 2013,
      "priceKm": 2.7487998682124344,
      "startLocation": {
        "hash": "u30dn9",
        "latitude": 50.985055213164294,
        "longitude": 12.24165532913342
      }
    },
    {
      "id": 6733,
      "priceKm": 1.0803275110245452,
      "startLocation": {
        "hash": "u1qmg4",
        "latitude": 53.05672561741398,
        "longitude": 8.923625274344687
      }
    },
    {
      "id": 8654,
      "priceKm": 2.698993905114693,
      "startLocation": {
        "hash": "u314hg",
        "latitude": 50.99628063370714,
        "longitude": 12.872164330303205
      }
    },
    {
      "id": 7001,
      "priceKm": 1.8498773791707812,
      "startLocation": {
        "hash": "u0c0ym",
        "latitude": 49.38195000370326,
        "longitude": 1.6814947277351648
      }
    }
  ],
  "orders": [
    {
      "id": 7812,
      "pickupLocation": {
        "hash": "u1hu9e",
        "latitude": 51.433434,
        "longitude": 6.749769
      },
      "deliveryLocation": {
        "hash": "u0vee6",
        "latitude": 49.84956,
        "longitude": 7.88451
      },
      "loadFactor": 8
    },
    {
      "id": 9354,
      "pickupLocation": {
        "hash": "u1yv4m",
        "latitude": 55.7507,
        "longitude": 9.593335
      },
      "deliveryLocation": {
        "hash": "u153bm",
        "latitude": 50.9649462,
        "longitude": 4.585071
      },
      "loadFactor": 7
    },
    {
      "id": 2248,
      "pickupLocation": {
        "hash": "u09qd0",
        "latitude": 48.959139,
        "longitude": 1.855432
      },
      "deliveryLocation": {
        "hash": "u09ws6",
        "latitude": 48.9708759,
        "longitude": 2.3034849
      },
      "loadFactor": 7
    }
  ]
}