{
  "vehicles": [
    {
      "id": 4615,
      "priceKm": 2.7264595714437174,
      "startLocation": {
        "hash": "u2cp4w",
        "latitude": 50.486741083039526,
        "longitude": 12.77263226295632
      }
    },
    {
      "id": 2337,
      "priceKm": 2.3384993488655956,
      "startLocation": {
        "hash": "u0v68s",
        "latitude": 49.685225894447456,
        "longitude": 7.412990633637779
      }
    },
    {
      "id": 7958,
      "priceKm": 2.404132514287979,
      "startLocation": {
        "hash": "u0cuvr",
        "latitude": 50.09240532878246,
        "longitude": 2.694607279591549
      }
    },
    {
      "id": 2276,
      "priceKm": 1.835253333435377,
      "startLocation": {
        "hash": "u1p8es",
        "latitude": 50.73535903729871,
        "longitude": 10.709780434956821
      }
    },
    {
      "id": 1816,
      "priceKm": 2.0261166509377686,
      "startLocation": {
        "hash": "u0xmdb",
        "latitude": 48.781829874787555,
        "longitude": 10.326728344866822
      }
    }
  ],
  "orders": [
    {
      "id": 3576,
      "pickupLocation": {
        "hash": "u30bs3",
        "latitude": 50.718504,
        "longitude": 12.493927
      },
      "deliveryLocation": {
        "hash": "u1ye7u",
        "latitude": 55.4370827,
        "longitude": 9.3128716
      },
      "loadFactor": 7
    },
    {
      "id": 9992,
      "pickupLocation": {
        "hash": "u28k82",
        "latitude": 48.605431,
        "longitude": 11.623412
      },
      "deliveryLocation": {
        "hash": "u2885z",
        "latitude": 47.853927,
        "longitude": 12.127262
      },
      "loadFactor": 8
    },
    {
      "id": 9020,
      "pickupLocation": {
        "hash": "u28k82",
        "latitude": 48.605431,
        "longitude": 11.623412
      },
      "deliveryLocation": {
        "hash": "u0rznz",
        "latitude": 47.677501,
        "longitude": 11.201181
      },
      "loadFactor": 7
    }
  ]
}