{
  "vehicles": [
    {
      "id": 2671,
      "priceKm": 1.1878862632895413,
      "startLocation": {
        "hash": "u0wtdm",
        "latitude": 48.81037218054532,
        "longitude": 9.24087637272531
      }
    },
    {
      "id": 9698,
      "priceKm": 1.5086411306268903,
      "startLocation": {
        "hash": "u2dx0p",
        "latitude": 49.0833382712832,
        "longitude": 14.768085920740045
      }
    },
    {
      "id": 949,
      "priceKm": 2.9056541929518636,
      "startLocation": {
        "hash": "u0cxcp",
        "latitude": 50.62191183646105,
        "longitude": 2.156838765388383
      }
    },
    {
      "id": 4221,
      "priceKm": 2.9553919663525354,
      "startLocation": {
        "hash": "u158uh",
        "latitude": 50.783148153979575,
        "longitude": 5.099366305785084
      }
    },
    {
      "id": 804,
      "priceKm": 1.7099733682480505,
      "startLocation": {
        "hash": "u0qhkh",
        "latitude": 47.178213439505136,
        "longitude": 8.624199443536519
      }
    }
  ],
  "orders": [
    {
      "id": 1737,
      "pickupLocation": {
        "hash": "u0zchs",
        "latitude": 49.419392,
        "longitude": 11.098348
      },
      "deliveryLocation": {
        "hash": "u0zbdu",
        "latitude": 49.329586,
        "longitude": 11.0193825
      },
      "loadFactor": 8
    },
    {
      "id": 733,
      "pickupLocation": {
        "hash": "u1rdjq",
        "latitude": 52.420559,
        "longitude": 10.786168
      },
      "deliveryLocation": {
        "hash": "u1m9r4",
        "latitude": 52.2667007,
        "longitude": 8.0500002
      },
      "loadFactor": 7
    },
    {
      "id": 2981,
      "pickupLocation": {
        "hash": "u0ky73",
        "latitude": 47.5151482,
        "longitude": 6.8312001
      },
      "deliveryLocation": {
        "hash": "u0u93q",
        "latitude": 49.4749069,
        "longitude": 6.3867788
      },
      "loadFactor": 8
    }
  ]
}