{
  "vehicles": [
    {
      "id": 331,
      "priceKm": 2.436096189056035,
      "startLocation": {
        "hash": "u0zecs",
        "latitude": 49.90327687915007,
        "longitude": 10.615153122644287
      }
    },
    {
      "id": 6550,
      "priceKm": 1.898583381148797,
      "startLocation": {
        "hash": "u1tmet",
        "latitude": 54.433846776388506,
        "longitude": 7.5368215960360665
      }
    },
    {
      "id": 1608,
      "priceKm": 1.7126861822580615,
      "startLocation": {
        "hash": "u3h3z5",
        "latitude": 50.951263783980714,
        "longitude": 17.54274972466236
      }
    },
    {
      "id": 7252,
      "priceKm": 1.4354260661503349,
      "startLocation": {
        "hash": "u0tf0n",
        "latitude": 48.19986472637223,
        "longitude": 8.087685599002377
      }
    },
    {
      "id": 6071,
      "priceKm": 2.280713717476257,
      "startLocation": {
        "hash": "u1hygq",
        "latitude": 51.84945141629732,
        "longitude": 6.83284546118142
      }
    }
  ],
  "orders": [
    {
      "id": 315,
      "pickupLocation": {
        "hash": "u1r1fy",
        "latitude": 52.374824,
        "longitude": 9.971733
      },
      "deliveryLocation": {
        "hash": "u15p0q",
        "latitude": 51.8903018,
        "longitude": 4.2366082
      },
      "loadFactor": 8
    },
    {
      "id": 8264,
      "pickupLocation": {
        "hash": "u30cdb",
        "latitude": 50.889108,
        "longitude": 12.431532
      },
      "deliveryLocation": {
        "hash": "u0qrcn",
        "latitude": 47.8057287,
        "longitude": 8.8372008
      },
      "loadFactor": 7
    },
    {
      "id": 3521,
      "pickupLocation": {
        "hash": "u1m9r4",
        "latitude": 52.2667007,
        "longitude": 8.0500002
      },
      "deliveryLocation": {
        "hash": "u0y5sz",
        "latitude": 49.872776,
        "longitude": 8.6511784
      },
      "loadFactor": 8
    }
  ]
}