{
  "vehicles": [
    {
      "id": 7458,
      "priceKm": 2.012517939733679,
      "startLocation": {
        "hash": "u0xnxk",
        "latitude": 48.9797045213891,
        "longitude": 10.171897661542056
      }
    },
    {
      "id": 4397,
      "priceKm": 2.217164824744814,
      "startLocation": {
        "hash": "u2tgyg",
        "latitude": 48.491713612157184,
        "longitude": 19.63381496596496
      }
    },
    {
      "id": 6857,
      "priceKm": 1.823128456819661,
      "startLocation": {
        "hash": "u3j1xf",
        "latitude": 50.90256274801286,
        "longitude": 18.626047546072105
      }
    },
    {
      "id": 8942,
      "priceKm": 2.1466455536344027,
      "startLocation": {
        "hash": "u1pm4b",
        "latitude": 51.506729300142005,
        "longitude": 10.323001256787647
      }
    },
    {
      "id": 116,
      "priceKm": 2.421509980339294,
      "startLocation": {
        "hash": "u380d0",
        "latitude": 53.52784709829552,
        "longitude": 11.34173283167576
      }
    }
  ],
  "orders": [
    {
      "id": 5769,
      "pickupLocation": {
        "hash": "u1q52c",
        "latitude": 52.609453,
        "longitude": 8.480184
      },
      "deliveryLocation": {
        "hash": "u22hvz",
        "latitude": 47.2806931,
        "longitude": 11.5075464
      },
      "loadFactor": 4
    },
    {
      "id": 2792,
      "pickupLocation": {
        "hash": "u1rdjq",
        "latitude": 52.420559,
        "longitude": 10.786168
      },
      "deliveryLocation": {
        "hash": "u1m9r4",
        "latitude": 52.2667007,
        "longitude": 8.0500002
      },
      "loadFactor": 8
    },
    {
      "id": 10865,
      "pickupLocation": {
        "hash": "u30bs3",
        "latitude": 50.718504,
        "longitude": 12.493927
      },
      "deliveryLocation": {
        "hash": "u0zchs",
        "latitude": 49.419392,
        "longitude": 11.098348
      },
      "loadFactor": 6
    }
  ]
}