{
  "vehicles": [
    {
      "id": 2949,
      "priceKm": 2.1669426510249394,
      "startLocation": {
        "hash": "u1nntd",
        "latitude": 51.783166413066894,
        "longitude": 8.681497528018685
      }
    },
    {
      "id": 4794,
      "priceKm": 1.6251967883024498,
      "startLocation": {
        "hash": "u2t2jc",
        "latitude": 47.82264370063864,
        "longitude": 18.892832870856697
      }
    },
    {
      "id": 830,
      "priceKm": 1.8196773732182268,
      "startLocation": {
        "hash": "u17mc4",
        "latitude": 53.054188021241934,
        "longitude": 4.618476699321906
      }
    },
    {
      "id": 4237,
      "priceKm": 1.0747672455538333,
      "startLocation": {
        "hash": "u11c7n",
        "latitude": 50.8791599857965,
        "longitude": 2.5952014426950303
      }
    },
    {
      "id": 9881,
      "priceKm": 2.8444969103704096,
      "startLocation": {
        "hash": "u324tt",
        "latitude": 52.501751332062014,
        "longitude": 11.49567042104116
      }
    }
  ],
  "orders": [
    {
      "id": 302,
      "pickupLocation": {
        "hash": "u1mxsy",
        "latitude": 53.387024,
        "longitude": 7.952453
      },
      "deliveryLocation": {
        "hash": "u0vvsn",
        "latitude": 50.221271,
        "longitude": 8.269521
      },
      "loadFactor": 7
    },
    {
      "id": 6806,
      "pickupLocation": {
        "hash": "u24u94",
        "latitude": 45.803434,
        "longitude": 15.169556
      },
      "deliveryLocation": {
        "hash": "u0p6nx",
        "latitude": 45.390579,
        "longitude": 10.485277
      },
      "loadFactor": 9
    },
    {
      "id": 6567,
      "pickupLocation": {
        "hash": "u0zck4",
        "latitude": 49.45385,
        "longitude": 11.077324
      },
      "deliveryLocation": {
        "hash": "u29s39",
        "latitude": 48.5697486,
        "longitude": 13.4319513
      },
      "loadFactor": 6
    }
  ]
}