{
  "vehicles": [
    {
      "id": 1224,
      "priceKm": 2.4693420784238205,
      "startLocation": {
        "hash": "u1t06w",
        "latitude": 53.51555778953863,
        "longitude": 7.145825624792384
      }
    },
    {
      "id": 8992,
      "priceKm": 2.344511027136744,
      "startLocation": {
        "hash": "u2cnmy",
        "latitude": 50.35583454729504,
        "longitude": 12.914680781156868
      }
    },
    {
      "id": 7115,
      "priceKm": 2.1992512609069115,
      "startLocation": {
        "hash": "u0fnfr",
        "latitude": 50.44649900345074,
        "longitude": 2.9197908321179797
      }
    },
    {
      "id": 3396,
      "priceKm": 2.7235365792674253,
      "startLocation": {
        "hash": "u2bge5",
        "latitude": 49.85566761008734,
        "longitude": 12.446900414747814
      }
    },
    {
      "id": 5117,
      "priceKm": 2.2248332694859325,
      "startLocation": {
        "hash": "u0zeeq",
        "latitude": 49.872432591294185,
        "longitude": 10.69629945226481
      }
    }
  ],
  "orders": [
    {
      "id": 4963,
      "pickupLocation": {
        "hash": "u0b1dd",
        "latitude": 49.493755,
        "longitude": 0.120504
      },
      "deliveryLocation": {
        "hash": "u09qd0",
        "latitude": 48.959139,
        "longitude": 1.855432
      },
      "loadFactor": 8
    },
    {
      "id": 7808,
      "pickupLocation": {
        "hash": "u0wqdb",
        "latitude": 48.955734,
        "longitude": 8.920005
      },
      "deliveryLocation": {
        "hash": "u0wyy2",
        "latitude": 48.999944,
        "longitude": 9.770053
      },
      "loadFactor": 4
    },
    {
      "id": 6397,
      "pickupLocation": {
        "hash": "u0b1x4",
        "latitude": 49.496622,
        "longitude": 0.316745
      },
      "deliveryLocation": {
        "hash": "u0ts0j",
        "latitude": 48.5460411,
        "longitude": 7.7419112
      },
      "loadFactor": 7
    }
  ]
}