{
  "vehicles": [
    {
      "id": 6150,
      "priceKm": 1.2602007947458065,
      "startLocation": {
        "hash": "u2sup0",
        "latitude": 48.518663179080875,
        "longitude": 18.2479332436218
      }
    },
    {
      "id": 5238,
      "priceKm": 2.461056026640808,
      "startLocation": {
        "hash": "u0ypfy",
        "latitude": 50.61445893807619,
        "longitude": 8.562136209233433
      }
    },
    {
      "id": 7013,
      "priceKm": 2.51753505759023,
      "startLocation": {
        "hash": "u1kbh2",
        "latitude": 52.036291782406785,
        "longitude": 6.8768976975356475
      }
    },
    {
      "id": 2594,
      "priceKm": 1.7363507953856814,
      "startLocation": {
        "hash": "u0smw6",
        "latitude": 48.79232883014817,
        "longitude": 6.258564401914168
      }
    },
    {
      "id": 5471,
      "priceKm": 1.9607478953187825,
      "startLocation": {
        "hash": "u3687e",
        "latitude": 52.09300479015394,
        "longitude": 14.929750897202235
      }
    }
  ],
  "orders": [
    {
      "id": 7733,
      "pickupLocation": {
        "hash": "u0fntc",
        "latitude": 50.370368,
        "longitude": 3.076138
      },
      "deliveryLocation": {
        "hash": "u15mye",
        "latitude": 51.6527,
        "longitude": 4.86417
      },
      "loadFactor": 7
    },
    {
      "id": 2173,
      "pickupLocation": {
        "hash": "u1yv19",
        "latitude": 55.7283668,
        "longitude": 9.5609573
      },
      "deliveryLocation": {
        "hash": "u17cxt",
        "latitude": 52.3264425,
        "longitude": 5.61288
      },
      "loadFactor": 8
    },
    {
      "id": 5708,
      "pickupLocation": {
        "hash": "u0f0nr",
        "latitude": 49.259963,
        "longitude": 3.090591
      },
      "deliveryLocation": {
        "hash": "u09t9b",
        "latitude": 48.7826195,
        "longitude": 2.190608
      },
      "loadFactor": 9
    }
  ]
}