{
  "vehicles": [
    {
      "id": 1046,
      "priceKm": 2.1657202700897407,
      "startLocation": {
        "hash": "u280cm",
        "latitude": 47.973105624600464,
        "longitude": 11.314927511425344
      }
    },
    {
      "id": 4725,
      "priceKm": 1.2330593358438287,
      "startLocation": {
        "hash": "u0z7q7",
        "latitude": 49.80864479910727,
        "longitude": 10.473679943756107
      }
    },
    {
      "id": 6192,
      "priceKm": 1.8812883591431802,
      "startLocation": {
        "hash": "u313s5",
        "latitude": 50.909679840567655,
        "longitude": 13.189315391907074
      }
    },
    {
      "id": 9851,
      "priceKm": 1.9577767629069216,
      "startLocation": {
        "hash": "u0thf9",
        "latitude": 48.656764915947825,
        "longitude": 7.151262822691849
      }
    },
    {
      "id": 1617,
      "priceKm": 2.765803096026753,
      "startLocation": {
        "hash": "u0vh0u",
        "latitude": 49.94707867909541,
        "longitude": 7.073978451689921
      }
    },
    {
      "id": 2438,
      "priceKm": 1.7027931494688426,
      "startLocation": {
        "hash": "u0gv8k",
        "latitude": 50.20809235315663,
        "longitude": 5.291155713758494
      }
    }
  ],
  "orders": [
    {
      "id": 4492,
      "pickupLocation": {
        "hash": "u28k82",
        "latitude": 48.605431,
        "longitude": 11.623412
      },
      "deliveryLocation": {
        "hash": "u28brd",
        "latitude": 47.869619,
        "longitude": 12.643366
      },
      "loadFactor": 6
    },
    {
      "id": 5746,
      "pickupLocation": {
        "hash": "u1r2em",
        "latitude": 52.148021,
        "longitude": 10.348964
      },
      "deliveryLocation": {
        "hash": "u1m8q1",
        "latitude": 52.081523,
        "longitude": 8.00351
      },
      "loadFactor": 4
    },
    {
      "id": 10490,
      "pickupLocation": {
        "hash": "u1mxsy",
        "latitude": 53.387024,
        "longitude": 7.952453
      },
      "deliveryLocation": {
        "hash": "u0v565",
        "latitude": 49.809978,
        "longitude": 7.125695
      },
      "loadFactor": 8
    }
  ]
}