{
  "vehicles": [
    {
      "id": 6864,
      "priceKm": 2.3979831967565666,
      "startLocation": {
        "hash": "u0fy3b",
        "latitude": 50.32089925448353,
        "longitude": 3.95038238682223
      }
    },
    {
      "id": 8768,
      "priceKm": 1.2912236833677346,
      "startLocation": {
        "hash": "u08sj9",
        "latitude": 48.525970281949924,
        "longitude": 0.9497945349205175
      }
    },
    {
      "id": 9797,
      "priceKm": 2.76436486065274,
      "startLocation": {
        "hash": "u1sydr",
        "latitude": 54.62134140703175,
        "longitude": 6.7841018023257655
      }
    },
    {
      "id": 9121,
      "priceKm": 2.3457410870731534,
      "startLocation": {
        "hash": "u1q1gc",
        "latitude": 52.348976698229094,
        "longitude": 8.607652286367363
      }
    },
    {
      "id": 9107,
      "priceKm": 1.3668694128557273,
      "startLocation": {
        "hash": "u1kdzn",
        "latitude": 52.54765629975578,
        "longitude": 6.637695020183307
      }
    },
    {
      "id": 7496,
      "priceKm": 1.4676584843467821,
      "startLocation": {
        "hash": "u090nx",
        "latitude": 47.85258966801194,
        "longitude": 1.6969372079422973
      }
    }
  ],
  "orders": [
    {
      "id": 2936,
      "pickupLocation": {
        "hash": "u1mxsy",
        "latitude": 53.387024,
        "longitude": 7.952453
      },
      "deliveryLocation": {
        "hash": "u0usk3",
        "latitude": 49.973276,
        "longitude": 6.524947
      },
      "loadFactor": 8
    },
    {
      "id": 3743,
      "pickupLocation": {
        "hash": "u14k10",
        "latitude": 51.331438,
        "longitude": 3.208329
      },
      "deliveryLocation": {
        "hash": "u0gzv6",
        "latitude": 50.596639,
        "longitude": 5.508338
      },
      "loadFactor": 7
    },
    {
      "id": 6086,
      "pickupLocation": {
        "hash": "u14736",
        "latitude": 51.208255,
        "longitude": 3.226148
      },
      "deliveryLocation": {
        "hash": "u355vw",
        "latitude": 51.32109,
        "longitude": 15.71148
      },
      "loadFactor": 8
    }
  ]
}