{
  "vehicles": [
    {
      "id": 1243,
      "priceKm": 2.06032569047733,
      "startLocation": {
        "hash": "u1rehx",
        "latitude": 52.59996953062087,
        "longitude": 10.751136966312744
      }
    },
    {
      "id": 8024,
      "priceKm": 1.7162126967932183,
      "startLocation": {
        "hash": "u1jwe0",
        "latitude": 51.76929838914568,
        "longitude": 7.874871137788999
      }
    },
    {
      "id": 3088,
      "priceKm": 1.1485267757828534,
      "startLocation": {
        "hash": "u1m54f",
        "latitude": 52.572372586965606,
        "longitude": 7.162861998407714
      }
    },
    {
      "id": 5913,
      "priceKm": 2.4667641917524827,
      "startLocation": {
        "hash": "u36qkk",
        "latitude": 53.15629967374307,
        "longitude": 14.60146654588181
      }
    },
    {
      "id": 6781,
      "priceKm": 1.9856841671391374,
      "startLocation": {
        "hash": "u4jdgt",
        "latitude": 56.765730675916764,
        "longitude": 7.898684309968884
      }
    },
    {
      "id": 2561,
      "priceKm": 2.971365960209397,
      "startLocation": {
        "hash": "u38hfd",
        "latitude": 54.28618556904026,
        "longitude": 11.363121013819097
      }
    }
  ],
  "orders": [
    {
      "id": 6265,
      "pickupLocation": {
        "hash": "u1mxsy",
        "latitude": 53.387024,
        "longitude": 7.952453
      },
      "deliveryLocation": {
        "hash": "u0xfpe",
        "latitude": 48.18138,
        "longitude": 11.238213
      },
      "loadFactor": 8
    },
    {
      "id": 2671,
      "pickupLocation": {
        "hash": "u30u9s",
        "latitude": 51.439009,
        "longitude": 12.371469
      },
      "deliveryLocation": {
        "hash": "u0zkxh",
        "latitude": 50.0317955,
        "longitude": 10.5066214
      },
      "loadFactor": 7
    },
    {
      "id": 10711,
      "pickupLocation": {
        "hash": "u30cj7",
        "latitude": 50.819903,
        "longitude": 12.539787
      },
      "deliveryLocation": {
        "hash": "u0zjt6",
        "latitude": 50.1996727,
        "longitude": 10.0780668
      },
      "loadFactor": 8
    }
  ]
}