{
  "vehicles": [
    {
      "id": 1778,
      "priceKm": 2.273800333539812,
      "startLocation": {
        "hash": "u1w4u8",
        "latitude": 53.92296171335157,
        "longitude": 8.637683120057709
      }
    },
    {
      "id": 4915,
      "priceKm": 1.8814878667892732,
      "startLocation": {
        "hash": "u0zs6r",
        "latitude": 50.007557783595274,
        "longitude": 10.65276213304595
      }
    },
    {
      "id": 62,
      "priceKm": 2.464420157436054,
      "startLocation": {
        "hash": "u1n1z0",
        "latitude": 50.9355022211849,
        "longitude": 8.754252158610198
      }
    },
    {
      "id": 5709,
      "priceKm": 1.9106249841536185,
      "startLocation": {
        "hash": "u0wkyu",
        "latitude": 48.67409187050097,
        "longitude": 9.087239991031545
      }
    },
    {
      "id": 6930,
      "priceKm": 1.74623769953329,
      "startLocation": {
        "hash": "u1rx6q",
        "latitude": 53.34104960503352,
        "longitude": 10.652523137630457
      }
    },
    {
      "id": 8229,
      "priceKm": 1.3145296419055974,
      "startLocation": {
        "hash": "u1jyvx",
        "latitude": 51.85048508218852,
        "longitude": 8.329547103796923
      }
    }
  ],
  "orders": [
    {
      "id": 7230,
      "pickupLocation": {
        "hash": "u0wqdb",
        "latitude": 48.955734,
        "longitude": 8.920005
      },
      "deliveryLocation": {
        "hash": "u0y24n",
        "latitude": 49.2553,
        "longitude": 8.87722
      },
      "loadFactor": 8
    },
    {
      "id": 2629,
      "pickupLocation": {
        "hash": "u1mxsy",
        "latitude": 53.387024,
        "longitude": 7.952453
      },
      "deliveryLocation": {
        "hash": "u1nwyg",
        "latitude": 51.828966,
        "longitude": 9.446335
      },
      "loadFactor": 7
    },
    {
      "id": 9500,
      "pickupLocation": {
        "hash": "u2s1vq",
        "latitude": 48.153538,
        "longitude": 17.109671
      },
      "deliveryLocation": {
        "hash": "u2cjub",
        "latitude": 50.23075,
        "longitude": 12.865049
      },
      "loadFactor": 8
    }
  ]
}