{
  "vehicles": [
    {
      "id": 4747,
      "priceKm": 2.6189561935747765,
      "startLocation": {
        "hash": "u0gmkn",
        "latitude": 50.17890526099265,
        "longitude": 4.749432932960326
      }
    },
    {
      "id": 7805,
      "priceKm": 2.109697980795792,
      "startLocation": {
        "hash": "u305qz",
        "latitude": 51.23777561674512,
        "longitude": 11.55412490802051
      }
    },
    {
      "id": 2731,
      "priceKm": 1.5748682152656523,
      "startLocation": {
        "hash": "u1s1rz",
        "latitude": 53.69682678957832,
        "longitude": 5.968241659585197
      }
    },
    {
      "id": 5393,
      "priceKm": 1.1186320494562276,
      "startLocation": {
        "hash": "u3b90b",
        "latitude": 55.02145873000874,
        "longitude": 11.994573208328667
      }
    },
    {
      "id": 5399,
      "priceKm": 2.2982989205408053,
      "startLocation": {
        "hash": "u28g4f",
        "latitude": 48.3532169583063,
        "longitude": 12.433719273035894
      }
    },
    {
      "id": 4057,
      "priceKm": 2.763261894629917,
      "startLocation": {
        "hash": "u0w59y",
        "latitude": 48.462548610858306,
        "longitude": 8.523840263011627
      }
    }
  ],
  "orders": [
    {
      "id": 953,
      "pickupLocation": {
        "hash": "u0wqdb",
        "latitude": 48.955734,
        "longitude": 8.920005
      },
      "deliveryLocation": {
        "hash": "u0wv8g",
        "latitude": 48.7999992,
        "longitude": 9.53333
      },
      "loadFactor": 7
    },
    {
      "id": 4775,
      "pickupLocation": {
        "hash": "u0zck4",
        "latitude": 49.45385,
        "longitude": 11.077324
      },
      "deliveryLocation": {
        "hash": "u29tby",
        "latitude": 48.8587875,
        "longitude": 13.3936901
      },
      "loadFactor": 6
    },
    {
      "id": 6926,
      "pickupLocation": {
        "hash": "u28k82",
        "latitude": 48.605431,
        "longitude": 11.623412
      },
      "deliveryLocation": {
        "hash": "u0qzfd",
        "latitude": 47.781091,
        "longitude": 9.612559
      },
      "loadFactor": 8
    }
  ]
}