{
  "vehicles": [
    {
      "id": 4596,
      "priceKm": 2.139450835021789,
      "startLocation": {
        "hash": "u1wwuz",
        "latitude": 54.66431112748931,
        "longitude": 9.355880528890488
      }
    },
    {
      "id": 1254,
      "priceKm": 2.1067533840926127,
      "startLocation": {
        "hash": "u1rwwm",
        "latitude": 53.202592871128616,
        "longitude": 10.822272549349247
      }
    },
    {
      "id": 6671,
      "priceKm": 2.8012087904847096,
      "startLocation": {
        "hash": "u1t5de",
        "latitude": 54.07028753144373,
        "longitude": 7.142179697372315
      }
    },
    {
      "id": 11,
      "priceKm": 1.6670050392853448,
      "startLocation": {
        "hash": "u2c5q4",
        "latitude": 49.804371342238056,
        "longitude": 12.921291601943288
      }
    },
    {
      "id": 6542,
      "priceKm": 2.3334759381705688,
      "startLocation": {
        "hash": "u1n78p",
        "latitude": 51.283070762659264,
        "longitude": 8.799103452579404
      }
    },
    {
      "id": 1748,
      "priceKm": 2.4406362125793235,
      "startLocation": {
        "hash": "u0cvcd",
        "latitude": 50.2458841481492,
        "longitude": 2.534703568634138
      }
    }
  ],
  "orders": [
    {
      "id": 5866,
      "pickupLocation": {
        "hash": "u30u9s",
        "latitude": 51.439009,
        "longitude": 12.371469
      },
      "deliveryLocation": {
        "hash": "u0z560",
        "latitude": 49.79245,
        "longitude": 9.9329662
      },
      "loadFactor": 8
    },
    {
      "id": 4136,
      "pickupLocation": {
        "hash": "u0wqdb",
        "latitude": 48.955734,
        "longitude": 8.920005
      },
      "deliveryLocation": {
        "hash": "u0y2xw",
        "latitude": 49.340711,
        "longitude": 9.1193621
      },
      "loadFactor": 2
    },
    {
      "id": 6772,
      "pickupLocation": {
        "hash": "u1qcvw",
        "latitude": 52.374481,
        "longitude": 9.738563
      },
      "deliveryLocation": {
        "hash": "u3b7kq",
        "latitude": 55.4498749,
        "longitude": 11.7992897
      },
      "loadFactor": 2
    }
  ]
}