{
  "vehicles": [
    {
      "id": 6591,
      "priceKm": 1.9628655821291652,
      "startLocation": {
        "hash": "u2bgv2",
        "latitude": 49.88025415015064,
        "longitude": 12.540106590925214
      }
    },
    {
      "id": 3103,
      "priceKm": 2.1667620270022567,
      "startLocation": {
        "hash": "u0bjyf",
        "latitude": 50.24437869968487,
        "longitude": 0.3010097213353362
      }
    },
    {
      "id": 9938,
      "priceKm": 1.7331571254867146,
      "startLocation": {
        "hash": "u11wqm",
        "latitude": 51.75425278379174,
        "longitude": 2.3888873462341764
      }
    },
    {
      "id": 1973,
      "priceKm": 1.303141693670504,
      "startLocation": {
        "hash": "u0z50r",
        "latitude": 49.78583999176749,
        "longitude": 9.863907665225172
      }
    },
    {
      "id": 5647,
      "priceKm": 1.0028727315902337,
      "startLocation": {
        "hash": "u1w0k1",
        "latitude": 53.48870965598321,
        "longitude": 8.61871320323829
      }
    },
    {
      "id": 8324,
      "priceKm": 1.2627294479371327,
      "startLocation": {
        "hash": "u2c623",
        "latitude": 49.62397950476083,
        "longitude": 13.019792549488347
      }
    }
  ],
  "orders": [
    {
      "id": 2405,
      "pickupLocation": {
        "hash": "u09qd0",
        "latitude": 48.959139,
        "longitude": 1.855432
      },
      "deliveryLocation": {
        "hash": "u0fpsf",
        "latitude": 50.55087,
        "longitude": 3.030697
      },
      "loadFactor": 8
    },
    {
      "id": 4631,
      "pickupLocation": {
        "hash": "u6s1e9",
        "latitude": 59.3343059,
        "longitude": 17.0381816
      },
      "deliveryLocation": {
        "hash": "u1yubg",
        "latitude": 55.7000046,
        "longitude": 9.5333242
      },
      "loadFactor": 8
    },
    {
      "id": 2247,
      "pickupLocation": {
        "hash": "ezwgdd",
        "latitude": 42.818857,
        "longitude": -1.644464
      },
      "deliveryLocation": {
        "hash": "u21g07",
        "latitude": 45.548133,
        "longitude": 13.729491
      },
      "loadFactor": 8
    }
  ]
}