{
  "vehicles": [
    {
      "id": 8256,
      "priceKm": 1.4586634638866243,
      "startLocation": {
        "hash": "u290jk",
        "latitude": 47.83929178284579,
        "longitude": 12.897233456789774
      }
    },
    {
      "id": 749,
      "priceKm": 1.1111170705886566,
      "startLocation": {
        "hash": "u2ck82",
        "latitude": 50.01213336506228,
        "longitude": 13.02954148423184
      }
    },
    {
      "id": 4247,
      "priceKm": 1.7459771203914674,
      "startLocation": {
        "hash": "u15bgr",
        "latitude": 50.79748422477326,
        "longitude": 5.418014347709729
      }
    },
    {
      "id": 7114,
      "priceKm": 2.0166934241957284,
      "startLocation": {
        "hash": "u1rdk0",
        "latitude": 52.42864240970865,
        "longitude": 10.730374564514031
      }
    },
    {
      "id": 6943,
      "priceKm": 1.14699258456262,
      "startLocation": {
        "hash": "u23wzn",
        "latitude": 47.625905658455004,
        "longitude": 13.670944701185817
      }
    },
    {
      "id": 4121,
      "priceKm": 1.5046294369728568,
      "startLocation": {
        "hash": "u31gh7",
        "latitude": 51.171852353310314,
        "longitude": 13.902489151689936
      }
    }
  ],
  "orders": [
    {
      "id": 10871,
      "pickupLocation": {
        "hash": "u1yv4m",
        "latitude": 55.7507,
        "longitude": 9.593335
      },
      "deliveryLocation": {
        "hash": "u339qh",
        "latitude": 52.2778399,
        "longitude": 13.6315119
      },
      "loadFactor": 8
    },
    {
      "id": 10060,
      "pickupLocation": {
        "hash": "u1yv4m",
        "latitude": 55.7507,
        "longitude": 9.593335
      },
      "deliveryLocation": {
        "hash": "u1jmmv",
        "latitude": 51.5807354,
        "longitude": 7.6449257
      },
      "loadFactor": 8
    },
    {
      "id": 2941,
      "pickupLocation": {
        "hash": "u0wqdb",
        "latitude": 48.955734,
        "longitude": 8.920005
      },
      "deliveryLocation": {
        "hash": "u0wxzs",
        "latitude": 49.2005396,
        "longitude": 9.4742949
      },
      "loadFactor": 8
    }
  ]
}