{
  "vehicles": [
    {
      "id": 6785,
      "priceKm": 2.107237207464169,
      "startLocation": {
        "hash": "u0c3yp",
        "latitude": 49.56570604979653,
        "longitude": 2.0280833938736076
      }
    },
    {
      "id": 9605,
      "priceKm": 2.0338605459478996,
      "startLocation": {
        "hash": "u30msz",
        "latitude": 51.63040848447956,
        "longitude": 11.819269789647898
      }
    },
    {
      "id": 8393,
      "priceKm": 1.360645771225923,
      "startLocation": {
        "hash": "u30em3",
        "latitude": 51.20467362526435,
        "longitude": 12.190456611156774
      }
    },
    {
      "id": 7943,
      "priceKm": 1.7513457446347043,
      "startLocation": {
        "hash": "u153nz",
        "latitude": 50.84245206991262,
        "longitude": 4.876100405013706
      }
    },
    {
      "id": 9344,
      "priceKm": 1.9562613753355187,
      "startLocation": {
        "hash": "u1nn03",
        "latitude": 51.688320235723836,
        "longitude": 8.448548439874521
      }
    },
    {
      "id": 4028,
      "priceKm": 1.355912552542252,
      "startLocation": {
        "hash": "u1nbwm",
        "latitude": 50.743498566012214,
        "longitude": 9.766923133164847
      }
    }
  ],
  "orders": [
    {
      "id": 5827,
      "pickupLocation": {
        "hash": "u0wqdb",
        "latitude": 48.955734,
        "longitude": 8.920005
      },
      "deliveryLocation": {
        "hash": "u0xjsj",
        "latitude": 48.811036,
        "longitude": 10.029052
      },
      "loadFactor": 7
    },
    {
      "id": 3658,
      "pickupLocation": {
        "hash": "u28k82",
        "latitude": 48.605431,
        "longitude": 11.623412
      },
      "deliveryLocation": {
        "hash": "u0xbjs",
        "latitude": 47.839073,
        "longitude": 11.142432
      },
      "loadFactor": 7
    },
    {
      "id": 4785,
      "pickupLocation": {
        "hash": "u0wqdb",
        "latitude": 48.955734,
        "longitude": 8.920005
      },
      "deliveryLocation": {
        "hash": "u0wx98",
        "latitude": 49.1346901,
        "longitude": 9.2159604
      },
      "loadFactor": 8
    }
  ]
}