{
  "vehicles": [
    {
      "id": 3728,
      "priceKm": 2.4473505392792134,
      "startLocation": {
        "hash": "u2c8j5",
        "latitude": 49.23799113656074,
        "longitude": 13.579463047195494
      }
    },
    {
      "id": 5326,
      "priceKm": 1.8973916471206362,
      "startLocation": {
        "hash": "u1jubn",
        "latitude": 51.493329576476995,
        "longitude": 8.09053903355309
      }
    },
    {
      "id": 9620,
      "priceKm": 1.748393437612483,
      "startLocation": {
        "hash": "ezt1z0",
        "latitude": 42.497830378741305,
        "longitude": -3.907892685671896
      }
    },
    {
      "id": 7408,
      "priceKm": 1.0078133940014304,
      "startLocation": {
        "hash": "u28xz0",
        "latitude": 49.17642164145108,
        "longitude": 12.27009195261799
      }
    },
    {
      "id": 7930,
      "priceKm": 2.4682174479295096,
      "startLocation": {
        "hash": "u0v9tu",
        "latitude": 49.50871159258174,
        "longitude": 7.995588836881784
      }
    },
    {
      "id": 8802,
      "priceKm": 2.7267766579220014,
      "startLocation": {
        "hash": "u1x0wj",
        "latitude": 53.55402452250569,
        "longitude": 10.115814067301
      }
    }
  ],
  "orders": [
    {
      "id": 548,
      "pickupLocation": {
        "hash": "u1rdk3",
        "latitude": 52.435841,
        "longitude": 10.742137
      },
      "deliveryLocation": {
        "hash": "u0p2ev",
        "latitude": 45.1199965,
        "longitude": 10.3692313
      },
      "loadFactor": 7
    },
    {
      "id": 3018,
      "pickupLocation": {
        "hash": "u1ye7g",
        "latitude": 55.436921,
        "longitude": 9.3126331
      },
      "deliveryLocation": {
        "hash": "u1mtdc",
        "latitude": 53.00766,
        "longitude": 7.8650179
      },
      "loadFactor": 7
    },
    {
      "id": 6754,
      "pickupLocation": {
        "hash": "u1511b",
        "latitude": 50.802795,
        "longitude": 4.302606
      },
      "deliveryLocation": {
        "hash": "u3k4he",
        "latitude": 52.4040031,
        "longitude": 17.0754108
      },
      "loadFactor": 10
    }
  ]
}