{
  "vehicles": [
    {
      "id": 2106,
      "priceKm": 2.882975361066932,
      "startLocation": {
        "hash": "u1kcvg",
        "latitude": 52.35763089075821,
        "longitude": 6.937077974688253
      }
    },
    {
      "id": 6795,
      "priceKm": 2.91076279119739,
      "startLocation": {
        "hash": "u1sfn2",
        "latitude": 53.790522299302886,
        "longitude": 6.962296537813515
      }
    },
    {
      "id": 6172,
      "priceKm": 2.2175868877090466,
      "startLocation": {
        "hash": "u29j45",
        "latitude": 48.708323670196485,
        "longitude": 12.74646898280666
      }
    },
    {
      "id": 8178,
      "priceKm": 2.9196001522354096,
      "startLocation": {
        "hash": "gby3qh",
        "latitude": 49.46178642848638,
        "longitude": -2.194307319535455
      }
    },
    {
      "id": 7160,
      "priceKm": 1.3919472674607685,
      "startLocation": {
        "hash": "u2uwc6",
        "latitude": 50.41800655406075,
        "longitude": 17.641529128183702
      }
    },
    {
      "id": 7224,
      "priceKm": 2.214192882976162,
      "startLocation": {
        "hash": "u1h3u3",
        "latitude": 50.94021961473566,
        "longitude": 6.169490324888313
      }
    },
    {
      "id": 2596,
      "priceKm": 2.9265718461907753,
      "startLocation": {
        "hash": "u31qcg",
        "latitude": 51.83064059306973,
        "longitude": 13.090151723349337
      }
    }
  ],
  "orders": [
    {
      "id": 361,
      "pickupLocation": {
        "hash": "u1huxx",
        "latitude": 51.455206,
        "longitude": 7.012273
      },
      "deliveryLocation": {
        "hash": "u1j9qg",
        "latitude": 50.8640788,
        "longitude": 8.0368323
      },
      "loadFactor": 7
    }
  ]
}