{
  "vehicles": [
    {
      "id": 5353,
      "priceKm": 2.625176105224387,
      "startLocation": {
        "hash": "u1x346",
        "latitude": 53.62556565700169,
        "longitude": 10.302969208102725
      }
    },
    {
      "id": 4438,
      "priceKm": 2.80660681247378,
      "startLocation": {
        "hash": "u1nzwj",
        "latitude": 51.97492459937417,
        "longitude": 9.756137793444031
      }
    },
    {
      "id": 8471,
      "priceKm": 1.8210567823662767,
      "startLocation": {
        "hash": "u2mmd9",
        "latitude": 47.382998120709864,
        "longitude": 18.744249360233304
      }
    },
    {
      "id": 6047,
      "priceKm": 1.5978460893488395,
      "startLocation": {
        "hash": "u0zgwj",
        "latitude": 49.86401444752226,
        "longitude": 11.165639273694994
      }
    },
    {
      "id": 6600,
      "priceKm": 1.180243372733449,
      "startLocation": {
        "hash": "u32gmt",
        "latitude": 52.63153937335979,
        "longitude": 12.555868656807677
      }
    },
    {
      "id": 3787,
      "priceKm": 1.2019544119162877,
      "startLocation": {
        "hash": "u1we5u",
        "latitude": 53.98737092407032,
        "longitude": 9.313944627288112
      }
    },
    {
      "id": 825,
      "priceKm": 2.306512683508765,
      "startLocation": {
        "hash": "u2e85d",
        "latitude": 47.82753028654581,
        "longitude": 16.332893603182672
      }
    }
  ],
  "orders": [
    {
      "id": 6989,
      "pickupLocation": {
        "hash": "u1y583",
        "latitude": 55.4662743,
        "longitude": 8.4524374
      },
      "deliveryLocation": {
        "hash": "u1mc24",
        "latitude": 52.26263,
        "longitude": 8.0928618
      },
      "loadFactor": 8
    }
  ]
}