{
  "vehicles": [
    {
      "id": 8663,
      "priceKm": 2.665921563213033,
      "startLocation": {
        "hash": "u0qv77",
        "latitude": 47.34696000663024,
        "longitude": 9.643606945293241
      }
    },
    {
      "id": 2606,
      "priceKm": 1.1578160035938267,
      "startLocation": {
        "hash": "u0xw9t",
        "latitude": 48.98676284037212,
        "longitude": 10.613209341484504
      }
    },
    {
      "id": 6157,
      "priceKm": 2.287703666472886,
      "startLocation": {
        "hash": "u1nnj4",
        "latitude": 51.69429995757996,
        "longitude": 8.66589901534784
      }
    },
    {
      "id": 5284,
      "priceKm": 2.373176099806366,
      "startLocation": {
        "hash": "u1ps5s",
        "latitude": 51.35536804764326,
        "longitude": 10.703970954316693
      }
    },
    {
      "id": 9723,
      "priceKm": 1.1923271806544153,
      "startLocation": {
        "hash": "u1nxtj",
        "latitude": 51.973206878959736,
        "longitude": 9.365521911867502
      }
    },
    {
      "id": 7781,
      "priceKm": 1.2136600003388534,
      "startLocation": {
        "hash": "u2sj3s",
        "latitude": 48.75965444529175,
        "longitude": 16.947011793036072
      }
    },
    {
      "id": 4944,
      "priceKm": 2.1178150327695393,
      "startLocation": {
        "hash": "u0yg78",
        "latitude": 49.795137289868926,
        "longitude": 9.650560367140697
      }
    }
  ],
  "orders": [
    {
      "id": 9797,
      "pickupLocation": {
        "hash": "u0wqdb",
        "latitude": 48.955734,
        "longitude": 8.920005
      },
      "deliveryLocation": {
        "hash": "u0y2xw",
        "latitude": 49.340711,
        "longitude": 9.1193621
      },
      "loadFactor": 5
    }
  ]
}