{
  "vehicles": [
    {
      "id": 9050,
      "priceKm": 1.8168794587411914,
      "startLocation": {
        "hash": "u2c7br",
        "latitude": 49.921277815464855,
        "longitude": 13.02835598064291
      }
    },
    {
      "id": 6880,
      "priceKm": 1.253839740408077,
      "startLocation": {
        "hash": "spgrwu",
        "latitude": 44.935119445115674,
        "longitude": 4.8773978079808575
      }
    },
    {
      "id": 4127,
      "priceKm": 2.1762830700876616,
      "startLocation": {
        "hash": "u1z14e",
        "latitude": 55.03648292738007,
        "longitude": 9.958214568862818
      }
    },
    {
      "id": 4303,
      "priceKm": 1.367386923961311,
      "startLocation": {
        "hash": "u2fej2",
        "latitude": 49.74780422920843,
        "longitude": 15.000606823132303
      }
    },
    {
      "id": 540,
      "priceKm": 2.388532179231603,
      "startLocation": {
        "hash": "u0w3y6",
        "latitude": 48.13338691409465,
        "longitude": 9.066116384049048
      }
    },
    {
      "id": 3934,
      "priceKm": 2.189236711921725,
      "startLocation": {
        "hash": "u0fu1y",
        "latitude": 49.95933709781131,
        "longitude": 3.9479795727481926
      }
    },
    {
      "id": 7595,
      "priceKm": 1.1035693822066146,
      "startLocation": {
        "hash": "u1p1em",
        "latitude": 50.918285383422905,
        "longitude": 9.994843554941314
      }
    }
  ],
  "orders": [
    {
      "id": 4456,
      "pickupLocation": {
        "hash": "u1qcvw",
        "latitude": 52.374481,
        "longitude": 9.738563
      },
      "deliveryLocation": {
        "hash": "u0u65r",
        "latitude": 49.6112785,
        "longitude": 6.1297989
      },
      "loadFactor": 4
    }
  ]
}