{
  "vehicles": [
    {
      "id": 9495,
      "priceKm": 1.0611364757438269,
      "startLocation": {
        "hash": "u3y0kc",
        "latitude": 54.897214829949554,
        "longitude": 19.898062172179415
      }
    },
    {
      "id": 5145,
      "priceKm": 1.3376178458296788,
      "startLocation": {
        "hash": "u0tj4n",
        "latitude": 48.726337177484716,
        "longitude": 7.129584288418588
      }
    },
    {
      "id": 2923,
      "priceKm": 2.3565140799650606,
      "startLocation": {
        "hash": "u2kpsx",
        "latitude": 47.76763758199139,
        "longitude": 17.077853390123813
      }
    },
    {
      "id": 3314,
      "priceKm": 2.6574074056639416,
      "startLocation": {
        "hash": "u29rk2",
        "latitude": 49.0870961913683,
        "longitude": 13.201722689935218
      }
    },
    {
      "id": 8557,
      "priceKm": 1.57597408087342,
      "startLocation": {
        "hash": "u1pfkj",
        "latitude": 51.04905967188256,
        "longitude": 11.080931396501242
      }
    },
    {
      "id": 5854,
      "priceKm": 2.139417508728456,
      "startLocation": {
        "hash": "ud1cp8",
        "latitude": 56.42882637345712,
        "longitude": 25.29775859292758
      }
    },
    {
      "id": 4453,
      "priceKm": 2.16781754761342,
      "startLocation": {
        "hash": "u0zjdn",
        "latitude": 50.22347112287932,
        "longitude": 9.933522628797032
      }
    }
  ],
  "orders": [
    {
      "id": 8658,
      "pickupLocation": {
        "hash": "u1huxx",
        "latitude": 51.455206,
        "longitude": 7.012273
      },
      "deliveryLocation": {
        "hash": "u1j5dy",
        "latitude": 51.2757588,
        "longitude": 7.1577256
      },
      "loadFactor": 5
    }
  ]
}