{
  "vehicles": [
    {
      "id": 2105,
      "priceKm": 2.585343008941836,
      "startLocation": {
        "hash": "u1k15w",
        "latitude": 52.24409328479917,
        "longitude": 5.78145781068084
      }
    },
    {
      "id": 1740,
      "priceKm": 1.20432203462157,
      "startLocation": {
        "hash": "u0xg7x",
        "latitude": 48.42382473132556,
        "longitude": 11.052672612278364
      }
    },
    {
      "id": 5604,
      "priceKm": 2.515931617940711,
      "startLocation": {
        "hash": "u3605w",
        "latitude": 52.06873639746197,
        "longitude": 14.225957193300102
      }
    },
    {
      "id": 6688,
      "priceKm": 1.3435716739426173,
      "startLocation": {
        "hash": "u1ru9x",
        "latitude": 52.86117027060261,
        "longitude": 10.970584610007236
      }
    },
    {
      "id": 9598,
      "priceKm": 1.0865142081301384,
      "startLocation": {
        "hash": "u0tkjw",
        "latitude": 48.54899407642876,
        "longitude": 7.6281072465225925
      }
    },
    {
      "id": 622,
      "priceKm": 2.693553408097321,
      "startLocation": {
        "hash": "ezn61g",
        "latitude": 39.743566132023034,
        "longitude": -2.3816819880728013
      }
    },
    {
      "id": 6373,
      "priceKm": 1.8440072765476123,
      "startLocation": {
        "hash": "u1qqu0",
        "latitude": 53.219570456864,
        "longitude": 8.9726528837605
      }
    }
  ],
  "orders": [
    {
      "id": 6037,
      "pickupLocation": {
        "hash": "u1mpd8",
        "latitude": 53.351613,
        "longitude": 7.147359
      },
      "deliveryLocation": {
        "hash": "u1huxx",
        "latitude": 51.455206,
        "longitude": 7.012273
      },
      "loadFactor": 8
    }
  ]
}