{
  "vehicles": [
    {
      "id": 2386,
      "priceKm": 1.3727283370053187,
      "startLocation": {
        "hash": "u0vky8",
        "latitude": 50.0587989935336,
        "longitude": 7.674844058758497
      }
    },
    {
      "id": 3073,
      "priceKm": 2.72409479211334,
      "startLocation": {
        "hash": "u0vg4b",
        "latitude": 49.749693174511336,
        "longitude": 8.211678409273919
      }
    },
    {
      "id": 1280,
      "priceKm": 1.4119640249757737,
      "startLocation": {
        "hash": "u17xnb",
        "latitude": 53.26326126544912,
        "longitude": 5.229140473460873
      }
    },
    {
      "id": 27,
      "priceKm": 1.2479614430048227,
      "startLocation": {
        "hash": "u1kfw2",
        "latitude": 52.47429350621376,
        "longitude": 6.961091624943049
      }
    },
    {
      "id": 1284,
      "priceKm": 1.4241197471004103,
      "startLocation": {
        "hash": "u32c4d",
        "latitude": 52.22009522650861,
        "longitude": 12.424995065791212
      }
    },
    {
      "id": 2866,
      "priceKm": 1.182917614184433,
      "startLocation": {
        "hash": "u0bdxm",
        "latitude": 49.68626271382419,
        "longitude": 1.0222163052557829
      }
    },
    {
      "id": 422,
      "priceKm": 2.4161028731154817,
      "startLocation": {
        "hash": "u14gqb",
        "latitude": 51.19938032804321,
        "longitude": 4.172765977992144
      }
    }
  ],
  "orders": [
    {
      "id": 9670,
      "pickupLocation": {
        "hash": "u1mxsy",
        "latitude": 53.387024,
        "longitude": 7.952453
      },
      "deliveryLocation": {
        "hash": "u0y12p",
        "latitude": 49.479236,
        "longitude": 8.439117
      },
      "loadFactor": 8
    }
  ]
}