{
  "vehicles": [
    {
      "id": 413,
      "priceKm": 1.273033041602917,
      "startLocation": {
        "hash": "u1vxb4",
        "latitude": 56.22058584440523,
        "longitude": 7.736171207491584
      }
    },
    {
      "id": 6132,
      "priceKm": 2.5635053762470292,
      "startLocation": {
        "hash": "u0xhbm",
        "latitude": 48.67582236006745,
        "longitude": 9.862937406896108
      }
    },
    {
      "id": 6485,
      "priceKm": 1.4851018186787464,
      "startLocation": {
        "hash": "u34375",
        "latitude": 50.86451077889904,
        "longitude": 14.549039697580552
      }
    },
    {
      "id": 1505,
      "priceKm": 1.7638337570781966,
      "startLocation": {
        "hash": "u0whe2",
        "latitude": 48.6084638793444,
        "longitude": 8.586350595199308
      }
    },
    {
      "id": 3281,
      "priceKm": 1.3208959551084696,
      "startLocation": {
        "hash": "u1zy0b",
        "latitude": 55.8989896782793,
        "longitude": 10.93378158390923
      }
    },
    {
      "id": 9425,
      "priceKm": 1.0644573825506218,
      "startLocation": {
        "hash": "u1k2ht",
        "latitude": 52.05962810810532,
        "longitude": 6.184883557028331
      }
    },
    {
      "id": 5772,
      "priceKm": 2.890291962197182,
      "startLocation": {
        "hash": "u0fh08",
        "latitude": 49.922865449100094,
        "longitude": 2.8402169528277414
      }
    }
  ],
  "orders": [
    {
      "id": 7367,
      "pickupLocation": {
        "hash": "u0b1dd",
        "latitude": 49.493757,
        "longitude": 0.120504
      },
      "deliveryLocation": {
        "hash": "u09v24",
        "latitude": 48.748668,
        "longitude": 2.463412
      },
      "loadFactor": 8
    }
  ]
}