{
  "vehicles": [
    {
      "id": 848,
      "priceKm": 1.3028604037915708,
      "startLocation": {
        "hash": "u0vgz5",
        "latitude": 49.89458797625205,
        "longitude": 8.401792822950858
      }
    },
    {
      "id": 2248,
      "priceKm": 2.4873492719257224,
      "startLocation": {
        "hash": "u1tm1d",
        "latitude": 54.33176727956323,
        "longitude": 7.4519682333265616
      }
    },
    {
      "id": 226,
      "priceKm": 2.0270060898069726,
      "startLocation": {
        "hash": "ezz2eq",
        "latitude": 43.71558164559038,
        "longitude": -0.9030825519855437
      }
    },
    {
      "id": 3948,
      "priceKm": 2.0236371493240073,
      "startLocation": {
        "hash": "u1m8wc",
        "latitude": 52.125828756260816,
        "longitude": 8.039430803726049
      }
    },
    {
      "id": 6033,
      "priceKm": 2.776383899937832,
      "startLocation": {
        "hash": "u292dq",
        "latitude": 47.938219852894356,
        "longitude": 13.116471366898994
      }
    },
    {
      "id": 3418,
      "priceKm": 2.790408655554658,
      "startLocation": {
        "hash": "u3095e",
        "latitude": 50.81778568157394,
        "longitude": 12.107816380641477
      }
    },
    {
      "id": 4295,
      "priceKm": 2.3988071497619843,
      "startLocation": {
        "hash": "u094yn",
        "latitude": 48.330960388684424,
        "longitude": 1.6710682058536144
      }
    }
  ],
  "orders": [
    {
      "id": 9673,
      "pickupLocation": {
        "hash": "u28jqm",
        "latitude": 48.766472,
        "longitude": 11.533357
      },
      "deliveryLocation": {
        "hash": "u0x4rd",
        "latitude": 48.223801,
        "longitude": 10.179777
      },
      "loadFactor": 6
    }
  ]
}