{
  "vehicles": [
    {
      "id": 363,
      "priceKm": 1.7521278904492816,
      "startLocation": {
        "hash": "u30xgn",
        "latitude": 52.025394864241655,
        "longitude": 12.089579032176296
      }
    },
    {
      "id": 243,
      "priceKm": 2.7167477358573686,
      "startLocation": {
        "hash": "u1eejg",
        "latitude": 53.98174901990001,
        "longitude": 5.1853045801103725
      }
    },
    {
      "id": 9143,
      "priceKm": 2.4490769595926007,
      "startLocation": {
        "hash": "u0uw4d",
        "latitude": 50.28592153275849,
        "longitude": 6.441524036372422
      }
    },
    {
      "id": 2863,
      "priceKm": 2.6704612343318135,
      "startLocation": {
        "hash": "u176nf",
        "latitude": 52.398025811526495,
        "longitude": 4.877861927237438
      }
    },
    {
      "id": 5592,
      "priceKm": 1.0345450122422675,
      "startLocation": {
        "hash": "u0wn0s",
        "latitude": 48.89227368543681,
        "longitude": 8.464299302845443
      }
    },
    {
      "id": 4448,
      "priceKm": 2.637749118947581,
      "startLocation": {
        "hash": "u4pc1s",
        "latitude": 56.45264058019505,
        "longitude": 10.964650493252131
      }
    },
    {
      "id": 4909,
      "priceKm": 1.1794095478654794,
      "startLocation": {
        "hash": "u1r8qw",
        "latitude": 52.112550576497156,
        "longitude": 10.832726782303576
      }
    }
  ],
  "orders": [
    {
      "id": 2030,
      "pickupLocation": {
        "hash": "u28jqm",
        "latitude": 48.766472,
        "longitude": 11.533357
      },
      "deliveryLocation": {
        "hash": "u0x4rd",
        "latitude": 48.223801,
        "longitude": 10.179777
      },
      "loadFactor": 9
    }
  ]
}