{
  "vehicles": [
    {
      "id": 1687,
      "priceKm": 2.519199406246616,
      "startLocation": {
        "hash": "u1rsc1",
        "latitude": 52.871726677357074,
        "longitude": 10.600387194573798
      }
    },
    {
      "id": 9642,
      "priceKm": 1.0055848437057318,
      "startLocation": {
        "hash": "u1k0dy",
        "latitude": 52.154421381772565,
        "longitude": 5.750961691621107
      }
    },
    {
      "id": 785,
      "priceKm": 1.280423552480344,
      "startLocation": {
        "hash": "u0qvph",
        "latitude": 47.307164843764696,
        "longitude": 9.809588934025067
      }
    },
    {
      "id": 4669,
      "priceKm": 2.0860407668419825,
      "startLocation": {
        "hash": "u1x284",
        "latitude": 53.53895677528748,
        "longitude": 10.205365098146498
      }
    },
    {
      "id": 1445,
      "priceKm": 2.6267673482613647,
      "startLocation": {
        "hash": "u1htse",
        "latitude": 51.61314271037898,
        "longitude": 6.5322478413419
      }
    }
  ],
  "orders": [
    {
      "id": 6869,
      "pickupLocation": {
        "hash": "u1r2em",
        "latitude": 52.148021,
        "longitude": 10.348964
      },
      "deliveryLocation": {
        "hash": "u1mff3",
        "latitude": 52.522249,
        "longitude": 8.195311
      },
      "loadFactor": 6
    }
  ]
}