{
  "vehicles": [
    {
      "id": 4832,
      "priceKm": 1.4249017937478674,
      "startLocation": {
        "hash": "u1j3pk",
        "latitude": 50.82663163077792,
        "longitude": 7.710743506132747
      }
    },
    {
      "id": 6202,
      "priceKm": 2.0503197948813217,
      "startLocation": {
        "hash": "u1tkem",
        "latitude": 54.259944993531185,
        "longitude": 7.5299764830985625
      }
    },
    {
      "id": 8987,
      "priceKm": 1.4356947668699207,
      "startLocation": {
        "hash": "u1yu5w",
        "latitude": 55.58169920201534,
        "longitude": 9.651284214704114
      }
    },
    {
      "id": 2838,
      "priceKm": 2.724174278872578,
      "startLocation": {
        "hash": "u0x98j",
        "latitude": 48.106467202293686,
        "longitude": 10.548505121806604
      }
    },
    {
      "id": 5615,
      "priceKm": 1.3320180034872071,
      "startLocation": {
        "hash": "u0mr6w",
        "latitude": 47.715396272492136,
        "longitude": 7.501857521624488
      }
    }
  ],
  "orders": [
    {
      "id": 6988,
      "pickupLocation": {
        "hash": "u2c0s2",
        "latitude": 49.308084,
        "longitude": 12.845029
      },
      "deliveryLocation": {
        "hash": "u0x578",
        "latitude": 48.38446,
        "longitude": 10.00346
      },
      "loadFactor": 6
    }
  ]
}