{
  "vehicles": [
    {
      "id": 1687,
      "priceKm": 2.519199406246616,
      "startLocation": {
        "hash": "u1rsc1",
        "latitude": 52.871726677357074,
        "longitude": 10.600387194573798
      }
    },
    {
      "id": 2726,
      "priceKm": 1.3912901804957676,
      "startLocation": {
        "hash": "u32gxx",
        "latitude": 52.68964799351938,
        "longitude": 12.637700620630918
      }
    },
    {
      "id": 4746,
      "priceKm": 2.0597471783723655,
      "startLocation": {
        "hash": "u0u90p",
        "latitude": 49.43585377930828,
        "longitude": 6.330719980185191
      }
    },
    {
      "id": 4494,
      "priceKm": 2.0839365920611708,
      "startLocation": {
        "hash": "u01uxg",
        "latitude": 45.809085147527185,
        "longitude": 2.803070732613196
      }
    },
    {
      "id": 6144,
      "priceKm": 2.9770681408831843,
      "startLocation": {
        "hash": "u4nqph",
        "latitude": 57.33193591049286,
        "longitude": 9.105238140863223
      }
    }
  ],
  "orders": [
    {
      "id": 8233,
      "pickupLocation": {
        "hash": "u14k10",
        "latitude": 51.331438,
        "longitude": 3.208329
      },
      "deliveryLocation": {
        "hash": "u33957",
        "latitude": 52.223648,
        "longitude": 13.51075
      },
      "loadFactor": 7
    }
  ]
}