{
  "vehicles": [
    {
      "id": 3044,
      "priceKm": 2.546741484941555,
      "startLocation": {
        "hash": "u1x39g",
        "latitude": 53.72249417168731,
        "longitude": 10.277385836966586
      }
    },
    {
      "id": 6103,
      "priceKm": 2.6757569455687165,
      "startLocation": {
        "hash": "u09krk",
        "latitude": 48.58487620899579,
        "longitude": 2.0822884394211076
      }
    },
    {
      "id": 3878,
      "priceKm": 2.3467556717055937,
      "startLocation": {
        "hash": "u2cyms",
        "latitude": 50.34217134798782,
        "longitude": 13.963151823062667
      }
    },
    {
      "id": 8250,
      "priceKm": 2.483848563334486,
      "startLocation": {
        "hash": "u29y37",
        "latitude": 48.92839120649706,
        "longitude": 13.772678547774747
      }
    },
    {
      "id": 3628,
      "priceKm": 2.6034932729745206,
      "startLocation": {
        "hash": "u1wr2f",
        "latitude": 54.72603860934848,
        "longitude": 8.828510740551765
      }
    }
  ],
  "orders": [
    {
      "id": 6364,
      "pickupLocation": {
        "hash": "u1xd7n",
        "latitude": 53.866444,
        "longitude": 10.684738
      },
      "deliveryLocation": {
        "hash": "u21g07",
        "latitude": 45.548133,
        "longitude": 13.729491
      },
      "loadFactor": 7
    }
  ]
}