{
  "vehicles": [
    {
      "id": 1189,
      "priceKm": 1.9737888937914447,
      "startLocation": {
        "hash": "u08z4y",
        "latitude": 49.081036611175655,
        "longitude": 1.1794351060286112
      }
    },
    {
      "id": 1271,
      "priceKm": 2.054020423027284,
      "startLocation": {
        "hash": "sp62fb",
        "latitude": 40.91787903892311,
        "longitude": 3.2881827201812284
      }
    },
    {
      "id": 1350,
      "priceKm": 1.532926709835543,
      "startLocation": {
        "hash": "u306bq",
        "latitude": 51.145881058138364,
        "longitude": 11.615124603353422
      }
    },
    {
      "id": 4322,
      "priceKm": 2.2808334920400264,
      "startLocation": {
        "hash": "u1ys81",
        "latitude": 55.64484245033496,
        "longitude": 9.144543761874576
      }
    },
    {
      "id": 2470,
      "priceKm": 2.6943881558902065,
      "startLocation": {
        "hash": "u23rgk",
        "latitude": 47.79138233401869,
        "longitude": 13.155423477594171
      }
    }
  ],
  "orders": [
    {
      "id": 1917,
      "pickupLocation": {
        "hash": "u1mxsy",
        "latitude": 53.387024,
        "longitude": 7.952453
      },
      "deliveryLocation": {
        "hash": "u1n79z",
        "latitude": 51.280911,
        "longitude": 8.870414
      },
      "loadFactor": 7
    }
  ]
}