{
  "vehicles": [
    {
      "id": 1214,
      "priceKm": 1.3613735175026267,
      "startLocation": {
        "hash": "u1s06y",
        "latitude": 53.519159246346526,
        "longitude": 5.752562025046735
      }
    },
    {
      "id": 6640,
      "priceKm": 1.9009175386011157,
      "startLocation": {
        "hash": "u1z625",
        "latitude": 55.25836972391364,
        "longitude": 10.202175781373052
      }
    },
    {
      "id": 5276,
      "priceKm": 1.4524919147784308,
      "startLocation": {
        "hash": "u3bxgb",
        "latitude": 56.20706282302178,
        "longitude": 12.119447766620517
      }
    },
    {
      "id": 5626,
      "priceKm": 2.479473642398202,
      "startLocation": {
        "hash": "u30n7p",
        "latitude": 51.763906971083,
        "longitude": 11.385533526237074
      }
    },
    {
      "id": 2079,
      "priceKm": 1.0320720118605422,
      "startLocation": {
        "hash": "u3t8kp",
        "latitude": 53.52436949282969,
        "longitude": 19.17037707663816
      }
    }
  ],
  "orders": [
    {
      "id": 6819,
      "pickupLocation": {
        "hash": "u28k82",
        "latitude": 48.605431,
        "longitude": 11.623412
      },
      "deliveryLocation": {
        "hash": "u2885z",
        "latitude": 47.853927,
        "longitude": 12.127262
      },
      "loadFactor": 6
    }
  ]
}