{
  "vehicles": [
    {
      "id": 2047,
      "priceKm": 2.379964088908736,
      "startLocation": {
        "hash": "u1wcfk",
        "latitude": 53.77237670304801,
        "longitude": 9.592939253863701
      }
    },
    {
      "id": 2800,
      "priceKm": 2.0016714600634673,
      "startLocation": {
        "hash": "u1qbhb",
        "latitude": 52.03431014737819,
        "longitude": 9.710205551432233
      }
    },
    {
      "id": 9142,
      "priceKm": 1.349270085317355,
      "startLocation": {
        "hash": "u0xy01",
        "latitude": 48.87625504151479,
        "longitude": 10.905632961897986
      }
    },
    {
      "id": 6103,
      "priceKm": 2.6757569455687165,
      "startLocation": {
        "hash": "u09krk",
        "latitude": 48.58487620899579,
        "longitude": 2.0822884394211076
      }
    },
    {
      "id": 2961,
      "priceKm": 1.413744452530302,
      "startLocation": {
        "hash": "u1sf2u",
        "latitude": 53.859953677203436,
        "longitude": 6.713533105954599
      }
    }
  ],
  "orders": [
    {
      "id": 5746,
      "pickupLocation": {
        "hash": "u1r2em",
        "latitude": 52.148021,
        "longitude": 10.348964
      },
      "deliveryLocation": {
        "hash": "u1m8q1",
        "latitude": 52.081523,
        "longitude": 8.00351
      },
      "loadFactor": 4
    }
  ]
}