{
  "vehicles": [
    {
      "id": 2973,
      "priceKm": 2.5783917155001803,
      "startLocation": {
        "hash": "u1mzw5",
        "latitude": 53.37064457521521,
        "longitude": 8.350800679004344
      }
    },
    {
      "id": 7781,
      "priceKm": 1.2136600003388534,
      "startLocation": {
        "hash": "u2sj3s",
        "latitude": 48.75965444529175,
        "longitude": 16.947011793036072
      }
    },
    {
      "id": 4397,
      "priceKm": 2.217164824744814,
      "startLocation": {
        "hash": "u2tgyg",
        "latitude": 48.491713612157184,
        "longitude": 19.63381496596496
      }
    },
    {
      "id": 5858,
      "priceKm": 2.3208137469860013,
      "startLocation": {
        "hash": "u1t8x9",
        "latitude": 53.5332439899829,
        "longitude": 8.064980787081648
      }
    },
    {
      "id": 5171,
      "priceKm": 2.766363235433929,
      "startLocation": {
        "hash": "u1n146",
        "latitude": 50.81305087472541,
        "longitude": 8.537933699021156
      }
    }
  ],
  "orders": [
    {
      "id": 7081,
      "pickupLocation": {
        "hash": "u28hgt",
        "latitude": 48.677765,
        "longitude": 11.411769
      },
      "deliveryLocation": {
        "hash": "u1x0es",
        "latitude": 53.550341,
        "longitude": 10.000654
      },
      "loadFactor": 8
    }
  ]
}