{
  "vehicles": [
    {
      "id": 2048,
      "priceKm": 2.227295216907277,
      "startLocation": {
        "hash": "u1y3ns",
        "latitude": 55.043811456596934,
        "longitude": 9.085232059682115
      }
    },
    {
      "id": 3295,
      "priceKm": 1.1430602028800576,
      "startLocation": {
        "hash": "u1v7z3",
        "latitude": 55.50932352004197,
        "longitude": 7.71205842162514
      }
    },
    {
      "id": 1469,
      "priceKm": 1.5992947325235634,
      "startLocation": {
        "hash": "u1kwgb",
        "latitude": 53.22132498457931,
        "longitude": 6.501497692121344
      }
    },
    {
      "id": 3868,
      "priceKm": 2.23286990973845,
      "startLocation": {
        "hash": "u4pujr",
        "latitude": 56.99561489224663,
        "longitude": 11.137499097014233
      }
    },
    {
      "id": 8414,
      "priceKm": 1.4165608421190257,
      "startLocation": {
        "hash": "u1kgn4",
        "latitude": 52.574140836056515,
        "longitude": 6.952958923857243
      }
    }
  ],
  "orders": [
    {
      "id": 1436,
      "pickupLocation": {
        "hash": "u2c0s2",
        "latitude": 49.308084,
        "longitude": 12.845029
      },
      "deliveryLocation": {
        "hash": "u283c6",
        "latitude": 48.1344474,
        "longitude": 11.6651654
      },
      "loadFactor": 7
    }
  ]
}