{
  "vehicles": [
    {
      "id": 8187,
      "priceKm": 1.7408751419693729,
      "startLocation": {
        "hash": "u2dw85",
        "latitude": 48.974750761069444,
        "longitude": 14.772567124107178
      }
    },
    {
      "id": 6166,
      "priceKm": 2.4096846611576463,
      "startLocation": {
        "hash": "u2btbg",
        "latitude": 50.246112178984184,
        "longitude": 11.990892167699863
      }
    },
    {
      "id": 9803,
      "priceKm": 1.5570900223887627,
      "startLocation": {
        "hash": "u24e9r",
        "latitude": 45.656221599731275,
        "longitude": 14.822888213317903
      }
    },
    {
      "id": 420,
      "priceKm": 1.7104150274427838,
      "startLocation": {
        "hash": "u0xzvp",
        "latitude": 49.21736238073329,
        "longitude": 11.120438460508357
      }
    },
    {
      "id": 4025,
      "priceKm": 2.7609570025651298,
      "startLocation": {
        "hash": "u1kdkk",
        "latitude": 52.44979336195226,
        "longitude": 6.523556842289628
      }
    }
  ],
  "orders": [
    {
      "id": 10402,
      "pickupLocation": {
        "hash": "u1r2em",
        "latitude": 52.148021,
        "longitude": 10.348964
      },
      "deliveryLocation": {
        "hash": "u1m8zn",
        "latitude": 52.2,
        "longitude": 8.05
      },
      "loadFactor": 7
    }
  ]
}