{
  "vehicles": [
    {
      "id": 5381,
      "priceKm": 1.9815737643436735,
      "startLocation": {
        "hash": "u30s80",
        "latitude": 51.41846200575718,
        "longitude": 11.954790456228775
      }
    },
    {
      "id": 1042,
      "priceKm": 1.678622930180315,
      "startLocation": {
        "hash": "u0xff8",
        "latitude": 48.297776456674264,
        "longitude": 11.008925599334054
      }
    }
  ],
  "orders": [
    {
      "id": 4113,
      "pickupLocation": {
        "hash": "u1hu9e",
        "latitude": 51.433434,
        "longitude": 6.749769
      },
      "deliveryLocation": {
        "hash": "u380g1",
        "latitude": 53.5768812,
        "longitude": 11.3820319
      },
      "loadFactor": 8
    },
    {
      "id": 8159,
      "pickupLocation": {
        "hash": "u30cj7",
        "latitude": 50.819903,
        "longitude": 12.539787
      },
      "deliveryLocation": {
        "hash": "u31cuk",
        "latitude": 50.958131,
        "longitude": 13.9008657
      },
      "loadFactor": 6
    }
  ]
}