{
  "vehicles": [
    {
      "id": 8970,
      "priceKm": 1.9895779897188461,
      "startLocation": {
        "hash": "u1zvwh",
        "latitude": 55.83714253888143,
        "longitude": 11.170700182936558
      }
    },
    {
      "id": 5219,
      "priceKm": 1.1551964041236336,
      "startLocation": {
        "hash": "u2b041",
        "latitude": 49.22508024406067,
        "longitude": 11.345306748780134
      }
    }
  ],
  "orders": [
    {
      "id": 6679,
      "pickupLocation": {
        "hash": "u30cj7",
        "latitude": 50.819903,
        "longitude": 12.539787
      },
      "deliveryLocation": {
        "hash": "u1hg0p",
        "latitude": 51.195843,
        "longitude": 6.690083
      },
      "loadFactor": 6
    },
    {
      "id": 5393,
      "pickupLocation": {
        "hash": "u30cj7",
        "latitude": 50.819903,
        "longitude": 12.539787
      },
      "deliveryLocation": {
        "hash": "u0zjt2",
        "latitude": 50.1856194,
        "longitude": 10.0779516
      },
      "loadFactor": 8
    }
  ]
}