{
  "vehicles": [
    {
      "id": 3864,
      "priceKm": 2.3337612081027865,
      "startLocation": {
        "hash": "u1sfj4",
        "latitude": 53.80470156473196,
        "longitude": 6.901293707601496
      }
    },
    {
      "id": 8392,
      "priceKm": 1.6061679817738805,
      "startLocation": {
        "hash": "u2bq39",
        "latitude": 50.32666900577654,
        "longitude": 11.669787959314071
      }
    }
  ],
  "orders": [
    {
      "id": 1829,
      "pickupLocation": {
        "hash": "u32203",
        "latitude": 52.039425,
        "longitude": 11.613103
      },
      "deliveryLocation": {
        "hash": "u30u9s",
        "latitude": 51.4390106,
        "longitude": 12.3714685
      },
      "loadFactor": 10
    },
    {
      "id": 7961,
      "pickupLocation": {
        "hash": "u28rh1",
        "latitude": 49.051888,
        "longitude": 11.782505
      },
      "deliveryLocation": {
        "hash": "u0wxb9",
        "latitude": 49.1812198,
        "longitude": 9.1718358
      },
      "loadFactor": 5
    }
  ]
}