{
  "vehicles": [
    {
      "id": 3428,
      "priceKm": 2.386998915487355,
      "startLocation": {
        "hash": "u27yjm",
        "latitude": 47.492731140407166,
        "longitude": 16.757678105127173
      }
    },
    {
      "id": 2195,
      "priceKm": 2.8064754355562114,
      "startLocation": {
        "hash": "u1nz3t",
        "latitude": 51.93059252856637,
        "longitude": 9.563416401539138
      }
    }
  ],
  "orders": [
    {
      "id": 9538,
      "pickupLocation": {
        "hash": "u1mr3b",
        "latitude": 53.3106603,
        "longitude": 7.4671401
      },
      "deliveryLocation": {
        "hash": "u0v003",
        "latitude": 49.2274322,
        "longitude": 7.0455431
      },
      "loadFactor": 9
    },
    {
      "id": 5701,
      "pickupLocation": {
        "hash": "u1mp7p",
        "latitude": 53.3474532,
        "longitude": 7.1651885
      },
      "deliveryLocation": {
        "hash": "u1ye7u",
        "latitude": 55.4370827,
        "longitude": 9.3128716
      },
      "loadFactor": 4
    }
  ]
}