{
  "vehicles": [
    {
      "id": 7178,
      "priceKm": 2.535314250024757,
      "startLocation": {
        "hash": "u1543z",
        "latitude": 51.06134086373575,
        "longitude": 4.304770053688522
      }
    },
    {
      "id": 257,
      "priceKm": 1.6091282450903934,
      "startLocation": {
        "hash": "u1j5y9",
        "latitude": 51.29441239959765,
        "longitude": 7.326913386644516
      }
    }
  ],
  "orders": [
    {
      "id": 9297,
      "pickupLocation": {
        "hash": "u30cdb",
        "latitude": 50.889108,
        "longitude": 12.431532
      },
      "deliveryLocation": {
        "hash": "u0w6ft",
        "latitude": 48.3239248,
        "longitude": 8.90707
      },
      "loadFactor": 7
    },
    {
      "id": 10002,
      "pickupLocation": {
        "hash": "u334u8",
        "latitude": 52.518784,
        "longitude": 12.85469
      },
      "deliveryLocation": {
        "hash": "u0rpk6",
        "latitude": 47.69292,
        "longitude": 10.040072
      },
      "loadFactor": 7
    }
  ]
}