{
  "vehicles": [
    {
      "id": 9148,
      "priceKm": 1.0539330384985983,
      "startLocation": {
        "hash": "u3mr9k",
        "latitude": 53.372615426309025,
        "longitude": 18.697409984505644
      }
    },
    {
      "id": 5630,
      "priceKm": 1.900035954011687,
      "startLocation": {
        "hash": "u29j4c",
        "latitude": 48.69976820391979,
        "longitude": 12.786618210918462
      }
    }
  ],
  "orders": [
    {
      "id": 1819,
      "pickupLocation": {
        "hash": "u2s1vq",
        "latitude": 48.153538,
        "longitude": 17.109671
      },
      "deliveryLocation": {
        "hash": "u331rw",
        "latitude": 52.287106,
        "longitude": 12.98605
      },
      "loadFactor": 8
    },
    {
      "id": 7601,
      "pickupLocation": {
        "hash": "u1r2em",
        "latitude": 52.148021,
        "longitude": 10.348964
      },
      "deliveryLocation": {
        "hash": "u1mrkb",
        "latitude": 53.306665,
        "longitude": 7.592806
      },
      "loadFactor": 10
    }
  ]
}