{
  "vehicles": [
    {
      "id": 9138,
      "priceKm": 2.086483390190409,
      "startLocation": {
        "hash": "u1sn31",
        "latitude": 54.54367246530747,
        "longitude": 5.676940862039794
      }
    },
    {
      "id": 8979,
      "priceKm": 1.3682174940903158,
      "startLocation": {
        "hash": "u1rp57",
        "latitude": 53.28230713336414,
        "longitude": 9.993824953348861
      }
    }
  ],
  "orders": [
    {
      "id": 3143,
      "pickupLocation": {
        "hash": "u0wqdb",
        "latitude": 48.955734,
        "longitude": 8.920005
      },
      "deliveryLocation": {
        "hash": "u0wv5b",
        "latitude": 48.696497,
        "longitude": 9.6640393
      },
      "loadFactor": 5
    },
    {
      "id": 9153,
      "pickupLocation": {
        "hash": "u0fntc",
        "latitude": 50.370368,
        "longitude": 3.076138
      },
      "deliveryLocation": {
        "hash": "u0hqyd",
        "latitude": 46.1984868,
        "longitude": 6.2676738
      },
      "loadFactor": 8
    }
  ]
}