{
  "vehicles": [
    {
      "id": 5227,
      "priceKm": 2.3167733567884428,
      "startLocation": {
        "hash": "u1k79z",
        "latitude": 52.689771007537104,
        "longitude": 6.056789349725446
      }
    },
    {
      "id": 4790,
      "priceKm": 2.5699351380278723,
      "startLocation": {
        "hash": "u0vy1x",
        "latitude": 50.31708802397835,
        "longitude": 8.152909564145132
      }
    }
  ],
  "orders": [
    {
      "id": 490,
      "pickupLocation": {
        "hash": "u2fwg0",
        "latitude": 50.4095039,
        "longitude": 14.9040823
      },
      "deliveryLocation": {
        "hash": "u0cbft",
        "latitude": 49.379856,
        "longitude": 2.581037
      },
      "loadFactor": 8
    },
    {
      "id": 2638,
      "pickupLocation": {
        "hash": "u1mxsy",
        "latitude": 53.387024,
        "longitude": 7.952453
      },
      "deliveryLocation": {
        "hash": "u2841z",
        "latitude": 48.202947,
        "longitude": 11.329427
      },
      "loadFactor": 8
    }
  ]
}