{
  "vehicles": [
    {
      "id": 2319,
      "priceKm": 2.5422138840634743,
      "startLocation": {
        "hash": "u0xkhq",
        "latitude": 48.55226510823475,
        "longitude": 10.382700421782783
      }
    },
    {
      "id": 7138,
      "priceKm": 1.9620508922027455,
      "startLocation": {
        "hash": "u1qqnw",
        "latitude": 53.121484280991666,
        "longitude": 9.079382094204572
      }
    }
  ],
  "orders": [
    {
      "id": 5969,
      "pickupLocation": {
        "hash": "u28k82",
        "latitude": 48.605431,
        "longitude": 11.623412
      },
      "deliveryLocation": {
        "hash": "u28ku0",
        "latitude": 48.65,
        "longitude": 11.7833
      },
      "loadFactor": 10
    },
    {
      "id": 2822,
      "pickupLocation": {
        "hash": "u2c0s2",
        "latitude": 49.308084,
        "longitude": 12.845029
      },
      "deliveryLocation": {
        "hash": "u2bs7q",
        "latitude": 50.0041472,
        "longitude": 12.0973053
      },
      "loadFactor": 8
    }
  ]
}