{
  "vehicles": [
    {
      "id": 5134,
      "priceKm": 2.9807023665926726,
      "startLocation": {
        "hash": "u3d2qb",
        "latitude": 53.48672899379279,
        "longitude": 14.711430366390431
      }
    },
    {
      "id": 9722,
      "priceKm": 1.8561463835385181,
      "startLocation": {
        "hash": "u1k0g6",
        "latitude": 52.1782744146791,
        "longitude": 5.775961303357527
      }
    }
  ],
  "orders": [
    {
      "id": 9529,
      "pickupLocation": {
        "hash": "u28hgt",
        "latitude": 48.677765,
        "longitude": 11.411769
      },
      "deliveryLocation": {
        "hash": "u1x0es",
        "latitude": 53.550341,
        "longitude": 10.000654
      },
      "loadFactor": 8
    },
    {
      "id": 9975,
      "pickupLocation": {
        "hash": "u0wqdb",
        "latitude": 48.955734,
        "longitude": 8.920005
      },
      "deliveryLocation": {
        "hash": "u0wvzd",
        "latitude": 48.8347104,
        "longitude": 9.8226159
      },
      "loadFactor": 7
    }
  ]
}