{
  "vehicles": [
    {
      "id": 3999,
      "priceKm": 1.2857928270094288,
      "startLocation": {
        "hash": "u1pj6b",
        "latitude": 51.552902879024984,
        "longitude": 9.971594696705514
      }
    },
    {
      "id": 1709,
      "priceKm": 2.831534806270838,
      "startLocation": {
        "hash": "u0e2f2",
        "latitude": 47.94757286221405,
        "longitude": 4.669961589868607
      }
    },
    {
      "id": 9048,
      "priceKm": 1.2767161033847976,
      "startLocation": {
        "hash": "u1sxhm",
        "latitude": 54.69831071932801,
        "longitude": 6.523140943510227
      }
    },
    {
      "id": 8997,
      "priceKm": 1.6775141923016519,
      "startLocation": {
        "hash": "u340pd",
        "latitude": 50.63860780067572,
        "longitude": 14.394252029753652
      }
    },
    {
      "id": 1856,
      "priceKm": 2.9281834455346747,
      "startLocation": {
        "hash": "u1tgb2",
        "latitude": 54.09701209872167,
        "longitude": 8.107238958706835
      }
    }
  ],
  "orders": [
    {
      "id": 8081,
      "pickupLocation": {
        "hash": "u1yv4m",
        "latitude": 55.7507,
        "longitude": 9.593335
      },
      "deliveryLocation": {
        "hash": "u154gx",
        "latitude": 51.1505341,
        "longitude": 4.3808369
      },
      "loadFactor": 8
    },
    {
      "id": 9109,
      "pickupLocation": {
        "hash": "u1y4ze",
        "latitude": 55.34467,
        "longitude": 8.7760911
      },
      "deliveryLocation": {
        "hash": "u1m9rs",
        "latitude": 52.2729649,
        "longitude": 8.0678437
      },
      "loadFactor": 7
    }
  ]
}