{
  "vehicles": [
    {
      "id": 3369,
      "priceKm": 2.0667927675192734,
      "startLocation": {
        "hash": "spffq7",
        "latitude": 44.007200785542366,
        "longitude": 4.145427035912932
      }
    },
    {
      "id": 9711,
      "priceKm": 1.921178487513836,
      "startLocation": {
        "hash": "u1r787",
        "latitude": 52.66412848008585,
        "longitude": 10.214088790334467
      }
    },
    {
      "id": 1476,
      "priceKm": 1.5165885004473498,
      "startLocation": {
        "hash": "u30byb",
        "latitude": 50.75790045060197,
        "longitude": 12.607506073424943
      }
    },
    {
      "id": 7110,
      "priceKm": 1.0542804805299544,
      "startLocation": {
        "hash": "u3k4rs",
        "latitude": 52.45367119243064,
        "longitude": 17.205894590579756
      }
    },
    {
      "id": 8550,
      "priceKm": 2.171888203029948,
      "startLocation": {
        "hash": "u2k50u",
        "latitude": 46.95606767188726,
        "longitude": 16.916997474172927
      }
    }
  ],
  "orders": [
    {
      "id": 3890,
      "pickupLocation": {
        "hash": "u1rdjq",
        "latitude": 52.420559,
        "longitude": 10.786168
      },
      "deliveryLocation": {
        "hash": "u1huxx",
        "latitude": 51.455206,
        "longitude": 7.012273
      },
      "loadFactor": 7
    },
    {
      "id": 7877,
      "pickupLocation": {
        "hash": "u1huxx",
        "latitude": 51.455206,
        "longitude": 7.012273
      },
      "deliveryLocation": {
        "hash": "u1jjc7",
        "latitude": 51.6555519,
        "longitude": 7.0968118
      },
      "loadFactor": 9
    }
  ]
}