{
  "vehicles": [
    {
      "id": 5870,
      "priceKm": 2.1053148323515547,
      "startLocation": {
        "hash": "spfss5",
        "latitude": 44.402126117132525,
        "longitude": 3.694261637606543
      }
    },
    {
      "id": 715,
      "priceKm": 2.7475140558394258,
      "startLocation": {
        "hash": "u1jzg8",
        "latitude": 51.99145425452698,
        "longitude": 8.24433056475711
      }
    },
    {
      "id": 3557,
      "priceKm": 1.2784797542421151,
      "startLocation": {
        "hash": "u0xgq3",
        "latitude": 48.39380657019035,
        "longitude": 11.173568768239218
      }
    },
    {
      "id": 4879,
      "priceKm": 2.3306624957023354,
      "startLocation": {
        "hash": "u1m5t3",
        "latitude": 52.653768183538624,
        "longitude": 7.267016914076531
      }
    },
    {
      "id": 2467,
      "priceKm": 1.8974858988685515,
      "startLocation": {
        "hash": "u9gnuz",
        "latitude": 56.06962932490091,
        "longitude": 26.93232268984019
      }
    }
  ],
  "orders": [
    {
      "id": 5690,
      "pickupLocation": {
        "hash": "u28k82",
        "latitude": 48.605431,
        "longitude": 11.623412
      },
      "deliveryLocation": {
        "hash": "u280s1",
        "latitude": 47.910463,
        "longitude": 11.426638
      },
      "loadFactor": 8
    },
    {
      "id": 11092,
      "pickupLocation": {
        "hash": "u28k82",
        "latitude": 48.605431,
        "longitude": 11.623412
      },
      "deliveryLocation": {
        "hash": "u0x9r7",
        "latitude": 48.051497,
        "longitude": 10.873773
      },
      "loadFactor": 7
    }
  ]
}