{
  "vehicles": [
    {
      "id": 1780,
      "priceKm": 2.9482298896208645,
      "startLocation": {
        "hash": "u1s9b1",
        "latitude": 53.75484279316562,
        "longitude": 6.33644988395537
      }
    },
    {
      "id": 8534,
      "priceKm": 1.1850836216192404,
      "startLocation": {
        "hash": "u1phq7",
        "latitude": 51.3898366036887,
        "longitude": 10.120554127638258
      }
    },
    {
      "id": 5948,
      "priceKm": 2.956624875725081,
      "startLocation": {
        "hash": "ezy4nz",
        "latitude": 43.98492085786876,
        "longitude": -2.509639400920947
      }
    },
    {
      "id": 8412,
      "priceKm": 1.070929084746607,
      "startLocation": {
        "hash": "u27k50",
        "latitude": 47.111534199785034,
        "longitude": 15.954660941253026
      }
    },
    {
      "id": 1034,
      "priceKm": 1.5599527154827977,
      "startLocation": {
        "hash": "u1yjn0",
        "latitude": 55.724580284768834,
        "longitude": 8.709962550549841
      }
    }
  ],
  "orders": [
    {
      "id": 4326,
      "pickupLocation": {
        "hash": "u1mxsy",
        "latitude": 53.387024,
        "longitude": 7.952453
      },
      "deliveryLocation": {
        "hash": "u0ykb2",
        "latitude": 50.057673,
        "longitude": 8.805218
      },
      "loadFactor": 8
    },
    {
      "id": 3200,
      "pickupLocation": {
        "hash": "u2s1vq",
        "latitude": 48.153538,
        "longitude": 17.109671
      },
      "deliveryLocation": {
        "hash": "u0f0nr",
        "latitude": 49.259963,
        "longitude": 3.090591
      },
      "loadFactor": 8
    }
  ]
}