{
  "vehicles": [
    {
      "id": 4397,
      "priceKm": 2.217164824744814,
      "startLocation": {
        "hash": "u2tgyg",
        "latitude": 48.491713612157184,
        "longitude": 19.63381496596496
      }
    },
    {
      "id": 1480,
      "priceKm": 1.9618015193591811,
      "startLocation": {
        "hash": "u0er1s",
        "latitude": 49.069142239477515,
        "longitude": 4.646053038374797
      }
    },
    {
      "id": 7406,
      "priceKm": 2.0070223569917562,
      "startLocation": {
        "hash": "u0cbm3",
        "latitude": 49.26893089412597,
        "longitude": 2.695114409697192
      }
    },
    {
      "id": 919,
      "priceKm": 2.5273122368275946,
      "startLocation": {
        "hash": "u1v0bg",
        "latitude": 54.99550053734335,
        "longitude": 7.06531292229685
      }
    },
    {
      "id": 9116,
      "priceKm": 1.414933373295572,
      "startLocation": {
        "hash": "u0w5bs",
        "latitude": 48.496981470506846,
        "longitude": 8.462279998872315
      }
    }
  ],
  "orders": [
    {
      "id": 9518,
      "pickupLocation": {
        "hash": "u1r1fy",
        "latitude": 52.374824,
        "longitude": 9.971733
      },
      "deliveryLocation": {
        "hash": "u0y5sz",
        "latitude": 49.872776,
        "longitude": 8.6511784
      },
      "loadFactor": 7
    },
    {
      "id": 5557,
      "pickupLocation": {
        "hash": "u1yv4m",
        "latitude": 55.7507,
        "longitude": 9.593335
      },
      "deliveryLocation": {
        "hash": "u33db8",
        "latitude": 52.5170403,
        "longitude": 13.388855
      },
      "loadFactor": 7
    }
  ]
}