{
  "vehicles": [
    {
      "id": 1267,
      "priceKm": 2.452630088198997,
      "startLocation": {
        "hash": "u0wk64",
        "latitude": 48.572037084656436,
        "longitude": 8.879313116088404
      }
    },
    {
      "id": 183,
      "priceKm": 2.1937621542164236,
      "startLocation": {
        "hash": "u308bt",
        "latitude": 50.78702509344647,
        "longitude": 11.982392997596275
      }
    },
    {
      "id": 2698,
      "priceKm": 1.2280864719057338,
      "startLocation": {
        "hash": "u0uszg",
        "latitude": 50.070965702379155,
        "longitude": 6.678088032927643
      }
    },
    {
      "id": 9119,
      "priceKm": 1.6052843191045159,
      "startLocation": {
        "hash": "u28xxt",
        "latitude": 49.15933037453972,
        "longitude": 12.286426718900444
      }
    },
    {
      "id": 8371,
      "priceKm": 1.6005457140935686,
      "startLocation": {
        "hash": "u0xpmu",
        "latitude": 49.112759120804476,
        "longitude": 10.098401513036318
      }
    }
  ],
  "orders": [
    {
      "id": 435,
      "pickupLocation": {
        "hash": "u0zck4",
        "latitude": 49.45385,
        "longitude": 11.077324
      },
      "deliveryLocation": {
        "hash": "u29jyc",
        "latitude": 48.8332405,
        "longitude": 12.9620934
      },
      "loadFactor": 7
    },
    {
      "id": 541,
      "pickupLocation": {
        "hash": "u1q52c",
        "latitude": 52.609453,
        "longitude": 8.480184
      },
      "deliveryLocation": {
        "hash": "u0xnqr",
        "latitude": 48.9538589,
        "longitude": 10.1184655
      },
      "loadFactor": 7
    }
  ]
}