{
  "vehicles": [
    {
      "id": 700,
      "priceKm": 2.438590987033008,
      "startLocation": {
        "hash": "u2762r",
        "latitude": 46.84495801736402,
        "longitude": 15.84020780445264
      }
    },
    {
      "id": 7027,
      "priceKm": 2.146102861292568,
      "startLocation": {
        "hash": "ezvpgu",
        "latitude": 44.981827683766724,
        "longitude": -4.052508704678471
      }
    },
    {
      "id": 3548,
      "priceKm": 2.20970473902205,
      "startLocation": {
        "hash": "u0vbx5",
        "latitude": 49.32858488576164,
        "longitude": 8.404466822975131
      }
    },
    {
      "id": 2041,
      "priceKm": 2.008861024994424,
      "startLocation": {
        "hash": "u308qf",
        "latitude": 50.68377045553371,
        "longitude": 12.253915280510336
      }
    },
    {
      "id": 8984,
      "priceKm": 1.4559508701367205,
      "startLocation": {
        "hash": "u1kz5w",
        "latitude": 53.299840776940464,
        "longitude": 6.8443699368126385
      }
    }
  ],
  "orders": [
    {
      "id": 1045,
      "pickupLocation": {
        "hash": "u334u8",
        "latitude": 52.518784,
        "longitude": 12.85469
      },
      "deliveryLocation": {
        "hash": "u0xrrb",
        "latitude": 49.087879,
        "longitude": 10.543571
      },
      "loadFactor": 7
    },
    {
      "id": 2520,
      "pickupLocation": {
        "hash": "u0zck4",
        "latitude": 49.45385,
        "longitude": 11.077324
      },
      "deliveryLocation": {
        "hash": "u29pbp",
        "latitude": 49.2178192,
        "longitude": 12.6663828
      },
      "loadFactor": 7
    }
  ]
}