{
  "vehicles": [
    {
      "id": 5181,
      "priceKm": 2.6451273038416776,
      "startLocation": {
        "hash": "u0dvx4",
        "latitude": 48.79523386197032,
        "longitude": 4.1779519616849825
      }
    },
    {
      "id": 5867,
      "priceKm": 1.9580103203909522,
      "startLocation": {
        "hash": "eyyyz2",
        "latitude": 39.157640661313415,
        "longitude": -1.4349083393430564
      }
    },
    {
      "id": 3867,
      "priceKm": 1.8138638217896517,
      "startLocation": {
        "hash": "u0k26q",
        "latitude": 46.4850465844186,
        "longitude": 6.0766098607307
      }
    },
    {
      "id": 194,
      "priceKm": 2.2797502017362135,
      "startLocation": {
        "hash": "u1p6ry",
        "latitude": 51.05764549094769,
        "longitude": 10.54196883373404
      }
    },
    {
      "id": 9977,
      "priceKm": 1.0525400390721873,
      "startLocation": {
        "hash": "u1xx4f",
        "latitude": 54.68417519408499,
        "longitude": 10.674056907063221
      }
    }
  ],
  "orders": [
    {
      "id": 1366,
      "pickupLocation": {
        "hash": "u1rj2n",
        "latitude": 52.9873886,
        "longitude": 9.844552
      },
      "deliveryLocation": {
        "hash": "u15pms",
        "latitude": 51.9228973,
        "longitude": 4.4631729
      },
      "loadFactor": 4
    },
    {
      "id": 1657,
      "pickupLocation": {
        "hash": "u30u9s",
        "latitude": 51.439009,
        "longitude": 12.371469
      },
      "deliveryLocation": {
        "hash": "u0zr09",
        "latitude": 50.459487,
        "longitude": 10.2232484
      },
      "loadFactor": 7
    }
  ]
}