{
  "vehicles": [
    {
      "id": 1812,
      "priceKm": 1.3340971230765806,
      "startLocation": {
        "hash": "u1t1kg",
        "latitude": 53.674167839857255,
        "longitude": 7.250161111350212
      }
    },
    {
      "id": 7455,
      "priceKm": 1.15639114130681,
      "startLocation": {
        "hash": "u28p3y",
        "latitude": 49.123494585764,
        "longitude": 11.327004373662804
      }
    },
    {
      "id": 9648,
      "priceKm": 1.8474717682088317,
      "startLocation": {
        "hash": "u1pzge",
        "latitude": 52.004781708558454,
        "longitude": 11.054094147827094
      }
    },
    {
      "id": 31,
      "priceKm": 2.2448494448100145,
      "startLocation": {
        "hash": "u1muyg",
        "latitude": 52.88303042409978,
        "longitude": 8.393192167986129
      }
    },
    {
      "id": 4062,
      "priceKm": 1.5443212432152722,
      "startLocation": {
        "hash": "u0kvj4",
        "latitude": 47.301548092891835,
        "longitude": 6.9008460122856565
      }
    }
  ],
  "orders": [
    {
      "id": 10889,
      "pickupLocation": {
        "hash": "u1rdk3",
        "latitude": 52.435841,
        "longitude": 10.742137
      },
      "deliveryLocation": {
        "hash": "u1m9r4",
        "latitude": 52.2667,
        "longitude": 8.05
      },
      "loadFactor": 7
    },
    {
      "id": 2071,
      "pickupLocation": {
        "hash": "u1mr3b",
        "latitude": 53.3106603,
        "longitude": 7.4671401
      },
      "deliveryLocation": {
        "hash": "u0w1ft",
        "latitude": 48.1481884,
        "longitude": 8.5492948
      },
      "loadFactor": 9
    }
  ]
}