{
  "vehicles": [
    {
      "id": 7357,
      "priceKm": 2.969927892700813,
      "startLocation": {
        "hash": "u2bkn5",
        "latitude": 49.942938504056826,
        "longitude": 11.875028984997238
      }
    },
    {
      "id": 6789,
      "priceKm": 2.1647042061455455,
      "startLocation": {
        "hash": "u0xmpf",
        "latitude": 48.704043629147286,
        "longitude": 10.542771870713697
      }
    },
    {
      "id": 9278,
      "priceKm": 2.021494494235643,
      "startLocation": {
        "hash": "u1rprq",
        "latitude": 53.33878663767364,
        "longitude": 10.163078639287418
      }
    },
    {
      "id": 9237,
      "priceKm": 1.1343361587222216,
      "startLocation": {
        "hash": "u2bskj",
        "latitude": 49.99411305996295,
        "longitude": 12.133747060376157
      }
    },
    {
      "id": 4238,
      "priceKm": 2.377697590199969,
      "startLocation": {
        "hash": "u0zqx2",
        "latitude": 50.36244566672252,
        "longitude": 10.520774088483932
      }
    }
  ],
  "orders": [
    {
      "id": 3982,
      "pickupLocation": {
        "hash": "u1huxx",
        "latitude": 51.455206,
        "longitude": 7.012273
      },
      "deliveryLocation": {
        "hash": "u1jjfy",
        "latitude": 51.6705355,
        "longitude": 7.154668
      },
      "loadFactor": 9
    },
    {
      "id": 6313,
      "pickupLocation": {
        "hash": "u1mxsy",
        "latitude": 53.387024,
        "longitude": 7.952453
      },
      "deliveryLocation": {
        "hash": "u22pdu",
        "latitude": 47.751406,
        "longitude": 11.375651
      },
      "loadFactor": 8
    }
  ]
}