{
  "vehicles": [
    {
      "id": 6558,
      "priceKm": 2.9181717618873995,
      "startLocation": {
        "hash": "u0zdtz",
        "latitude": 49.70198747494323,
        "longitude": 10.800506368944841
      }
    },
    {
      "id": 2718,
      "priceKm": 1.5452702457335374,
      "startLocation": {
        "hash": "u1qpjk",
        "latitude": 53.286609732071355,
        "longitude": 8.670254850089725
      }
    },
    {
      "id": 3689,
      "priceKm": 2.815556269564939,
      "startLocation": {
        "hash": "gbxfug",
        "latitude": 48.31299350357329,
        "longitude": -0.13544840374728292
      }
    }
  ],
  "orders": [
    {
      "id": 8333,
      "pickupLocation": {
        "hash": "u0f0nr",
        "latitude": 49.259963,
        "longitude": 3.090591
      },
      "deliveryLocation": {
        "hash": "spc027",
        "latitude": 43.6587083,
        "longitude": 1.4207297
      },
      "loadFactor": 7
    },
    {
      "id": 5267,
      "pickupLocation": {
        "hash": "u30cj7",
        "latitude": 50.819903,
        "longitude": 12.539787
      },
      "deliveryLocation": {
        "hash": "u0ycw4",
        "latitude": 49.4971925,
        "longitude": 9.7602916
      },
      "loadFactor": 7
    },
    {
      "id": 277,
      "pickupLocation": {
        "hash": "u30cdb",
        "latitude": 50.889108,
        "longitude": 12.431532
      },
      "deliveryLocation": {
        "hash": "u0w21m",
        "latitude": 47.8441315,
        "longitude": 8.8519592
      },
      "loadFactor": 6
    },
    {
      "id": 1889,
      "pickupLocation": {
        "hash": "u28k82",
        "latitude": 48.605431,
        "longitude": 11.623412
      },
      "deliveryLocation": {
        "hash": "u0xtjk",
        "latitude": 48.717939,
        "longitude": 10.781023
      },
      "loadFactor": 6
    },
    {
      "id": 3075,
      "pickupLocation": {
        "hash": "u1rdjq",
        "latitude": 52.420559,
        "longitude": 10.786168
      },
      "deliveryLocation": {
        "hash": "u081he",
        "latitude": 48.0077362,
        "longitude": 0.199527
      },
      "loadFactor": 7
    },
    {
      "id": 2759,
      "pickupLocation": {
        "hash": "u14k10",
        "latitude": 51.331438,
        "longitude": 3.208329
      },
      "deliveryLocation": {
        "hash": "u1hsj3",
        "latitude": 51.334037,
        "longitude": 6.55925
      },
      "loadFactor": 8
    },
    {
      "id": 6963,
      "pickupLocation": {
        "hash": "u1mxsy",
        "latitude": 53.387024,
        "longitude": 7.952453
      },
      "deliveryLocation": {
        "hash": "u281z7",
        "latitude": 48.137272,
        "longitude": 11.575482
      },
      "loadFactor": 7
    }
  ]
}