{
  "vehicles": [
    {
      "id": 5735,
      "priceKm": 2.5959758101318,
      "startLocation": {
        "hash": "u26vn0",
        "latitude": 47.28577720765316,
        "longitude": 15.38797507981604
      }
    },
    {
      "id": 3098,
      "priceKm": 1.5529346711830463,
      "startLocation": {
        "hash": "u1hd8w",
        "latitude": 51.09824577280608,
        "longitude": 6.359991330477341
      }
    },
    {
      "id": 9476,
      "priceKm": 1.5254850245066822,
      "startLocation": {
        "hash": "ezpw87",
        "latitude": 40.53820266893524,
        "longitude": -0.6816367397715327
      }
    }
  ],
  "orders": [
    {
      "id": 9461,
      "pickupLocation": {
        "hash": "u1m9r4",
        "latitude": 52.2667,
        "longitude": 8.05
      },
      "deliveryLocation": {
        "hash": "u28k82",
        "latitude": 48.6054306,
        "longitude": 11.6234121
      },
      "loadFactor": 8
    },
    {
      "id": 3894,
      "pickupLocation": {
        "hash": "u1mxsy",
        "latitude": 53.387024,
        "longitude": 7.952453
      },
      "deliveryLocation": {
        "hash": "u0y17y",
        "latitude": 49.47206,
        "longitude": 8.609498
      },
      "loadFactor": 7
    },
    {
      "id": 7849,
      "pickupLocation": {
        "hash": "u1mxsy",
        "latitude": 53.387024,
        "longitude": 7.952453
      },
      "deliveryLocation": {
        "hash": "u0wc0j",
        "latitude": 48.015807,
        "longitude": 9.501031
      },
      "loadFactor": 8
    },
    {
      "id": 2002,
      "pickupLocation": {
        "hash": "u0wqdb",
        "latitude": 48.955734,
        "longitude": 8.920005
      },
      "deliveryLocation": {
        "hash": "u0xjv2",
        "latitude": 48.8275424,
        "longitude": 10.0785846
      },
      "loadFactor": 7
    },
    {
      "id": 9422,
      "pickupLocation": {
        "hash": "u28k82",
        "latitude": 48.605431,
        "longitude": 11.623412
      },
      "deliveryLocation": {
        "hash": "u284s1",
        "latitude": 48.258832,
        "longitude": 11.433929
      },
      "loadFactor": 8
    },
    {
      "id": 5696,
      "pickupLocation": {
        "hash": "u623rm",
        "latitude": 57.9060825,
        "longitude": 11.9246143
      },
      "deliveryLocation": {
        "hash": "u4p1hd",
        "latitude": 56.4380315,
        "longitude": 10.049585
      },
      "loadFactor": 7
    },
    {
      "id": 3512,
      "pickupLocation": {
        "hash": "u0wqdb",
        "latitude": 48.955734,
        "longitude": 8.920005
      },
      "deliveryLocation": {
        "hash": "u0wsvs",
        "latitude": 48.67276,
        "longitude": 9.3838396
      },
      "loadFactor": 8
    }
  ]
}