{
  "vehicles": [
    {
      "id": 6858,
      "priceKm": 2.4506139341348643,
      "startLocation": {
        "hash": "u295fv",
        "latitude": 48.50313978567147,
        "longitude": 12.780211411454605
      }
    },
    {
      "id": 2327,
      "priceKm": 2.538932879771602,
      "startLocation": {
        "hash": "u0zdgf",
        "latitude": 49.71814636261469,
        "longitude": 10.714585622722993
      }
    },
    {
      "id": 9742,
      "priceKm": 1.9079843418174536,
      "startLocation": {
        "hash": "u1mwrd",
        "latitude": 53.14405014957512,
        "longitude": 8.070989378997592
      }
    }
  ],
  "orders": [
    {
      "id": 4596,
      "pickupLocation": {
        "hash": "u1r44f",
        "latitude": 52.3946254,
        "longitude": 9.9746905
      },
      "deliveryLocation": {
        "hash": "u2e818",
        "latitude": 47.8131752,
        "longitude": 16.2440319
      },
      "loadFactor": 4
    },
    {
      "id": 6587,
      "pickupLocation": {
        "hash": "u09wbu",
        "latitude": 49.024273,
        "longitude": 2.146492
      },
      "deliveryLocation": {
        "hash": "u0b1dd",
        "latitude": 49.493757,
        "longitude": 0.120504
      },
      "loadFactor": 7
    },
    {
      "id": 6293,
      "pickupLocation": {
        "hash": "u1yv19",
        "latitude": 55.7283668,
        "longitude": 9.5609573
      },
      "deliveryLocation": {
        "hash": "u17cxt",
        "latitude": 52.3264425,
        "longitude": 5.61288
      },
      "loadFactor": 7
    },
    {
      "id": 2354,
      "pickupLocation": {
        "hash": "u0wqdb",
        "latitude": 48.955734,
        "longitude": 8.920005
      },
      "deliveryLocation": {
        "hash": "u0wk68",
        "latitude": 48.5646203,
        "longitude": 8.9026083
      },
      "loadFactor": 8
    },
    {
      "id": 2048,
      "pickupLocation": {
        "hash": "u1mr3b",
        "latitude": 53.3106603,
        "longitude": 7.4671401
      },
      "deliveryLocation": {
        "hash": "u0wkn8",
        "latitude": 48.5184696,
        "longitude": 9.0809913
      },
      "loadFactor": 6
    },
    {
      "id": 666,
      "pickupLocation": {
        "hash": "ezkybz",
        "latitude": 42.010704,
        "longitude": -4.532763
      },
      "deliveryLocation": {
        "hash": "u026v1",
        "latitude": 46.8975329,
        "longitude": 0.5756671
      },
      "loadFactor": 8
    },
    {
      "id": 9197,
      "pickupLocation": {
        "hash": "ezwztv",
        "latitude": 43.5365614,
        "longitude": -1.5001035
      },
      "deliveryLocation": {
        "hash": "u0cbft",
        "latitude": 49.379856,
        "longitude": 2.581037
      },
      "loadFactor": 8
    }
  ]
}