{
  "vehicles": [
    {
      "id": 7642,
      "priceKm": 2.1654705883469543,
      "startLocation": {
        "hash": "u29r67",
        "latitude": 49.10835740728496,
        "longitude": 13.107121647810867
      }
    },
    {
      "id": 5074,
      "priceKm": 2.5464678261344904,
      "startLocation": {
        "hash": "u336zm",
        "latitude": 52.54565370628362,
        "longitude": 13.328075199877647
      }
    },
    {
      "id": 8756,
      "priceKm": 1.449097708062587,
      "startLocation": {
        "hash": "u29ks6",
        "latitude": 48.61491473140332,
        "longitude": 13.204516503967064
      }
    }
  ],
  "orders": [
    {
      "id": 1373,
      "pickupLocation": {
        "hash": "u0zchs",
        "latitude": 49.419392,
        "longitude": 11.098348
      },
      "deliveryLocation": {
        "hash": "u0zf4m",
        "latitude": 49.5980682,
        "longitude": 11.0037355
      },
      "loadFactor": 7
    },
    {
      "id": 3249,
      "pickupLocation": {
        "hash": "u28k82",
        "latitude": 48.605431,
        "longitude": 11.623412
      },
      "deliveryLocation": {
        "hash": "u0wcwu",
        "latitude": 48.098441,
        "longitude": 9.789994
      },
      "loadFactor": 8
    },
    {
      "id": 4474,
      "pickupLocation": {
        "hash": "u1huxx",
        "latitude": 51.455206,
        "longitude": 7.012273
      },
      "deliveryLocation": {
        "hash": "u1jhxw",
        "latitude": 51.4508333,
        "longitude": 7.3661111
      },
      "loadFactor": 7
    },
    {
      "id": 1714,
      "pickupLocation": {
        "hash": "u281z7",
        "latitude": 48.137272,
        "longitude": 11.575482
      },
      "deliveryLocation": {
        "hash": "u1nsmy",
        "latitude": 51.408161,
        "longitude": 9.402353
      },
      "loadFactor": 5
    },
    {
      "id": 4273,
      "pickupLocation": {
        "hash": "u1m9r4",
        "latitude": 52.2667,
        "longitude": 8.05
      },
      "deliveryLocation": {
        "hash": "u1huxx",
        "latitude": 51.455206,
        "longitude": 7.012273
      },
      "loadFactor": 6
    },
    {
      "id": 2326,
      "pickupLocation": {
        "hash": "u28k82",
        "latitude": 48.605431,
        "longitude": 11.623412
      },
      "deliveryLocation": {
        "hash": "u281fd",
        "latitude": 48.134004,
        "longitude": 11.365731
      },
      "loadFactor": 7
    },
    {
      "id": 5763,
      "pickupLocation": {
        "hash": "u1511b",
        "latitude": 50.802795,
        "longitude": 4.302606
      },
      "deliveryLocation": {
        "hash": "u28rh1",
        "latitude": 49.052933,
        "longitude": 11.7818442
      },
      "loadFactor": 8
    }
  ]
}