{
  "vehicles": [
    {
      "id": 8465,
      "priceKm": 1.461171394588261,
      "startLocation": {
        "hash": "u0e381",
        "latitude": 48.08452086838032,
        "longitude": 4.573709785160374
      }
    },
    {
      "id": 9096,
      "priceKm": 1.4825048895241715,
      "startLocation": {
        "hash": "u0wskb",
        "latitude": 48.563687574916116,
        "longitude": 9.353391292405401
      }
    },
    {
      "id": 4180,
      "priceKm": 1.3877650831039694,
      "startLocation": {
        "hash": "u0tt7p",
        "latitude": 48.77419381886772,
        "longitude": 7.875207524030045
      }
    }
  ],
  "orders": [
    {
      "id": 6497,
      "pickupLocation": {
        "hash": "u0wqdb",
        "latitude": 48.955734,
        "longitude": 8.920005
      },
      "deliveryLocation": {
        "hash": "u0y9sr",
        "latitude": 49.5221611,
        "longitude": 9.3324589
      },
      "loadFactor": 8
    },
    {
      "id": 2041,
      "pickupLocation": {
        "hash": "u1m9r4",
        "latitude": 52.2667,
        "longitude": 8.05
      },
      "deliveryLocation": {
        "hash": "u295qt",
        "latitude": 48.4167085,
        "longitude": 12.9449265
      },
      "loadFactor": 8
    },
    {
      "id": 2355,
      "pickupLocation": {
        "hash": "u28k82",
        "latitude": 48.605431,
        "longitude": 11.623412
      },
      "deliveryLocation": {
        "hash": "u283dv",
        "latitude": 48.106218,
        "longitude": 11.72896
      },
      "loadFactor": 8
    },
    {
      "id": 7574,
      "pickupLocation": {
        "hash": "u0wqdb",
        "latitude": 48.955734,
        "longitude": 8.920005
      },
      "deliveryLocation": {
        "hash": "u0wmt5",
        "latitude": 48.799749,
        "longitude": 9.012757
      },
      "loadFactor": 8
    },
    {
      "id": 10974,
      "pickupLocation": {
        "hash": "u1jhb5",
        "latitude": 51.4767191,
        "longitude": 7.0372498
      },
      "deliveryLocation": {
        "hash": "u1x0es",
        "latitude": 53.550341,
        "longitude": 10.000654
      },
      "loadFactor": 8
    },
    {
      "id": 114,
      "pickupLocation": {
        "hash": "u0zchs",
        "latitude": 49.419392,
        "longitude": 11.098348
      },
      "deliveryLocation": {
        "hash": "u2bqr0",
        "latitude": 50.3219032,
        "longitude": 11.917881
      },
      "loadFactor": 8
    },
    {
      "id": 8145,
      "pickupLocation": {
        "hash": "u3k3xt",
        "latitude": 52.324619,
        "longitude": 17.56506
      },
      "deliveryLocation": {
        "hash": "u3b7kq",
        "latitude": 55.4498749,
        "longitude": 11.7992897
      },
      "loadFactor": 2
    }
  ]
}