{
  "vehicles": [
    {
      "id": 8908,
      "priceKm": 2.033909902238916,
      "startLocation": {
        "hash": "u2bwb9",
        "latitude": 50.41532173448263,
        "longitude": 11.980097272418307
      }
    },
    {
      "id": 7222,
      "priceKm": 1.1740107102400077,
      "startLocation": {
        "hash": "u1xehe",
        "latitude": 53.98301781562344,
        "longitude": 10.7549112972942
      }
    },
    {
      "id": 444,
      "priceKm": 1.2209961387995474,
      "startLocation": {
        "hash": "u1ww84",
        "latitude": 54.59614649100123,
        "longitude": 9.142062175814752
      }
    }
  ],
  "orders": [
    {
      "id": 2396,
      "pickupLocation": {
        "hash": "u2s1vq",
        "latitude": 48.153538,
        "longitude": 17.109671
      },
      "deliveryLocation": {
        "hash": "u885fd",
        "latitude": 48.4871292,
        "longitude": 22.6150093
      },
      "loadFactor": 7
    },
    {
      "id": 4027,
      "pickupLocation": {
        "hash": "u28k82",
        "latitude": 48.605431,
        "longitude": 11.623412
      },
      "deliveryLocation": {
        "hash": "u28980",
        "latitude": 48.076631,
        "longitude": 11.964077
      },
      "loadFactor": 8
    },
    {
      "id": 9795,
      "pickupLocation": {
        "hash": "u0wqdb",
        "latitude": 48.955734,
        "longitude": 8.920005
      },
      "deliveryLocation": {
        "hash": "u0xj8h",
        "latitude": 48.8055579,
        "longitude": 9.847215
      },
      "loadFactor": 5
    },
    {
      "id": 9814,
      "pickupLocation": {
        "hash": "u2c0s2",
        "latitude": 49.308084,
        "longitude": 12.845029
      },
      "deliveryLocation": {
        "hash": "u28k2t",
        "latitude": 48.5910722,
        "longitude": 11.6306979
      },
      "loadFactor": 8
    },
    {
      "id": 1389,
      "pickupLocation": {
        "hash": "u1rdjq",
        "latitude": 52.420559,
        "longitude": 10.786168
      },
      "deliveryLocation": {
        "hash": "u081he",
        "latitude": 48.0077362,
        "longitude": 0.199527
      },
      "loadFactor": 8
    },
    {
      "id": 1319,
      "pickupLocation": {
        "hash": "u1huxx",
        "latitude": 51.455206,
        "longitude": 7.012273
      },
      "deliveryLocation": {
        "hash": "u1htye",
        "latitude": 51.6572456,
        "longitude": 6.6238542
      },
      "loadFactor": 7
    },
    {
      "id": 8803,
      "pickupLocation": {
        "hash": "u1r2em",
        "latitude": 52.148021,
        "longitude": 10.348964
      },
      "deliveryLocation": {
        "hash": "u1mswg",
        "latitude": 52.841192,
        "longitude": 8.039031
      },
      "loadFactor": 7
    }
  ]
}