{
  "vehicles": [
    {
      "id": 826,
      "priceKm": 2.693641590854019,
      "startLocation": {
        "hash": "u1rnj5",
        "latitude": 53.105057527976,
        "longitude": 10.063683221438819
      }
    },
    {
      "id": 2798,
      "priceKm": 1.3190002879114933,
      "startLocation": {
        "hash": "u3k4t5",
        "latitude": 52.49224162027933,
        "longitude": 17.098890270764223
      }
    },
    {
      "id": 311,
      "priceKm": 1.5950119382302899,
      "startLocation": {
        "hash": "u0ye5f",
        "latitude": 49.760718566969885,
        "longitude": 9.307909655305636
      }
    }
  ],
  "orders": [
    {
      "id": 8042,
      "pickupLocation": {
        "hash": "ezwgdd",
        "latitude": 42.818857,
        "longitude": -1.644464
      },
      "deliveryLocation": {
        "hash": "u331rw",
        "latitude": 52.287106,
        "longitude": 12.98605
      },
      "loadFactor": 8
    },
    {
      "id": 3287,
      "pickupLocation": {
        "hash": "u30cj7",
        "latitude": 50.819903,
        "longitude": 12.539787
      },
      "deliveryLocation": {
        "hash": "u0zjt6",
        "latitude": 50.199673,
        "longitude": 10.078067
      },
      "loadFactor": 7
    },
    {
      "id": 8872,
      "pickupLocation": {
        "hash": "u1m9r4",
        "latitude": 52.2667,
        "longitude": 8.05
      },
      "deliveryLocation": {
        "hash": "u0vee1",
        "latitude": 49.8440162,
        "longitude": 7.8731346
      },
      "loadFactor": 8
    },
    {
      "id": 1196,
      "pickupLocation": {
        "hash": "u334u8",
        "latitude": 52.518784,
        "longitude": 12.85469
      },
      "deliveryLocation": {
        "hash": "u0x16q",
        "latitude": 48.067062,
        "longitude": 9.953344
      },
      "loadFactor": 7
    },
    {
      "id": 851,
      "pickupLocation": {
        "hash": "u3b7ku",
        "latitude": 55.4385976,
        "longitude": 11.8119572
      },
      "deliveryLocation": {
        "hash": "u1ye7u",
        "latitude": 55.4378931,
        "longitude": 9.3076099
      },
      "loadFactor": 9
    },
    {
      "id": 4133,
      "pickupLocation": {
        "hash": "u2s1vq",
        "latitude": 48.1535378,
        "longitude": 17.1096706
      },
      "deliveryLocation": {
        "hash": "u1m9r4",
        "latitude": 52.2667007,
        "longitude": 8.0500002
      },
      "loadFactor": 7
    },
    {
      "id": 7419,
      "pickupLocation": {
        "hash": "u0wqdb",
        "latitude": 48.955734,
        "longitude": 8.920005
      },
      "deliveryLocation": {
        "hash": "u0wk3z",
        "latitude": 48.603234,
        "longitude": 8.871391
      },
      "loadFactor": 8
    }
  ]
}