{
  "vehicles": [
    {
      "id": 1693,
      "priceKm": 2.1688324601151683,
      "startLocation": {
        "hash": "u0ugut",
        "latitude": 49.90776665171108,
        "longitude": 6.8809930423868
      }
    },
    {
      "id": 2794,
      "priceKm": 1.3222072281849881,
      "startLocation": {
        "hash": "u1rt5b",
        "latitude": 52.91300630450399,
        "longitude": 10.718679897792429
      }
    },
    {
      "id": 7540,
      "priceKm": 2.236473355824508,
      "startLocation": {
        "hash": "u30nh8",
        "latitude": 51.684814134061874,
        "longitude": 11.458679762063177
      }
    }
  ],
  "orders": [
    {
      "id": 6786,
      "pickupLocation": {
        "hash": "u3zhcj",
        "latitude": 55.706831,
        "longitude": 21.1414911
      },
      "deliveryLocation": {
        "hash": "u9c024",
        "latitude": 54.9004751,
        "longitude": 23.9125463
      },
      "loadFactor": 7
    },
    {
      "id": 2021,
      "pickupLocation": {
        "hash": "u30cj7",
        "latitude": 50.819903,
        "longitude": 12.539787
      },
      "deliveryLocation": {
        "hash": "u0zkxh",
        "latitude": 50.0317955,
        "longitude": 10.5066214
      },
      "loadFactor": 7
    },
    {
      "id": 4477,
      "pickupLocation": {
        "hash": "u28k82",
        "latitude": 48.605431,
        "longitude": 11.623412
      },
      "deliveryLocation": {
        "hash": "u281z7",
        "latitude": 48.137272,
        "longitude": 11.575482
      },
      "loadFactor": 8
    },
    {
      "id": 4378,
      "pickupLocation": {
        "hash": "u1ngm0",
        "latitude": 51.2,
        "longitude": 9.71667
      },
      "deliveryLocation": {
        "hash": "u0vfq5",
        "latitude": 49.6356,
        "longitude": 8.35972
      },
      "loadFactor": 7
    },
    {
      "id": 2092,
      "pickupLocation": {
        "hash": "u30cj7",
        "latitude": 50.819903,
        "longitude": 12.539787
      },
      "deliveryLocation": {
        "hash": "u0z569",
        "latitude": 49.7976122,
        "longitude": 9.9591666
      },
      "loadFactor": 7
    },
    {
      "id": 10651,
      "pickupLocation": {
        "hash": "u1mxsy",
        "latitude": 53.387024,
        "longitude": 7.952453
      },
      "deliveryLocation": {
        "hash": "u1jjeg",
        "latitude": 51.611819,
        "longitude": 7.200754
      },
      "loadFactor": 8
    },
    {
      "id": 10709,
      "pickupLocation": {
        "hash": "u28k82",
        "latitude": 48.605431,
        "longitude": 11.623412
      },
      "deliveryLocation": {
        "hash": "u2841z",
        "latitude": 48.202947,
        "longitude": 11.329427
      },
      "loadFactor": 10
    }
  ]
}