{
  "vehicles": [
    {
      "id": 961,
      "priceKm": 2.9406628837825126,
      "startLocation": {
        "hash": "u2cdmg",
        "latitude": 49.63458496985124,
        "longitude": 13.62105428099783
      }
    },
    {
      "id": 3436,
      "priceKm": 1.4285417268453635,
      "startLocation": {
        "hash": "u14uyf",
        "latitude": 51.47378059512971,
        "longitude": 4.1727437904964715
      }
    },
    {
      "id": 6208,
      "priceKm": 2.3990461090251163,
      "startLocation": {
        "hash": "u1z8rk",
        "latitude": 54.912811370462165,
        "longitude": 10.871628553020853
      }
    }
  ],
  "orders": [
    {
      "id": 10148,
      "pickupLocation": {
        "hash": "u1mxsy",
        "latitude": 53.387024,
        "longitude": 7.952453
      },
      "deliveryLocation": {
        "hash": "u0x57d",
        "latitude": 48.395497,
        "longitude": 10.00589
      },
      "loadFactor": 7
    },
    {
      "id": 10993,
      "pickupLocation": {
        "hash": "u38s58",
        "latitude": 54.1440837,
        "longitude": 12.107098
      },
      "deliveryLocation": {
        "hash": "u1q52c",
        "latitude": 52.609453,
        "longitude": 8.480184
      },
      "loadFactor": 6
    },
    {
      "id": 3285,
      "pickupLocation": {
        "hash": "u0fntc",
        "latitude": 50.370368,
        "longitude": 3.076138
      },
      "deliveryLocation": {
        "hash": "u0y7c5",
        "latitude": 49.894931,
        "longitude": 8.836895
      },
      "loadFactor": 8
    },
    {
      "id": 4556,
      "pickupLocation": {
        "hash": "u30cj7",
        "latitude": 50.819903,
        "longitude": 12.539787
      },
      "deliveryLocation": {
        "hash": "u0ygd7",
        "latitude": 49.8511127,
        "longitude": 9.5995792
      },
      "loadFactor": 8
    },
    {
      "id": 1720,
      "pickupLocation": {
        "hash": "u0zck4",
        "latitude": 49.45385,
        "longitude": 11.077324
      },
      "deliveryLocation": {
        "hash": "u29kw7",
        "latitude": 48.6231918,
        "longitude": 13.2907
      },
      "loadFactor": 5
    },
    {
      "id": 7638,
      "pickupLocation": {
        "hash": "u1mxsy",
        "latitude": 53.387024,
        "longitude": 7.952453
      },
      "deliveryLocation": {
        "hash": "u0uve3",
        "latitude": 50.196246,
        "longitude": 6.830503
      },
      "loadFactor": 7
    },
    {
      "id": 8146,
      "pickupLocation": {
        "hash": "u30cj7",
        "latitude": 50.819903,
        "longitude": 12.539787
      },
      "deliveryLocation": {
        "hash": "u0z52y",
        "latitude": 49.824966,
        "longitude": 9.87984
      },
      "loadFactor": 7
    }
  ]
}