{
  "vehicles": [
    {
      "id": 7057,
      "priceKm": 2.698320303367408,
      "startLocation": {
        "hash": "u2d8br",
        "latitude": 47.98295515121237,
        "longitude": 14.786454014279066
      }
    },
    {
      "id": 4008,
      "priceKm": 2.8660606397611503,
      "startLocation": {
        "hash": "u31b1q",
        "latitude": 50.66017865518398,
        "longitude": 13.7726356994189
      }
    },
    {
      "id": 2440,
      "priceKm": 2.508463539713276,
      "startLocation": {
        "hash": "u29yp4",
        "latitude": 48.882053528275414,
        "longitude": 14.026291225749295
      }
    }
  ],
  "orders": [
    {
      "id": 8471,
      "pickupLocation": {
        "hash": "u28k82",
        "latitude": 48.605431,
        "longitude": 11.623412
      },
      "deliveryLocation": {
        "hash": "u0xvq2",
        "latitude": 48.737195,
        "longitude": 11.179527
      },
      "loadFactor": 7
    },
    {
      "id": 7365,
      "pickupLocation": {
        "hash": "u0fvcp",
        "latitude": 50.26983,
        "longitude": 3.915832
      },
      "deliveryLocation": {
        "hash": "gbwc9y",
        "latitude": 48.111454,
        "longitude": -1.679298
      },
      "loadFactor": 7
    },
    {
      "id": 4866,
      "pickupLocation": {
        "hash": "u1qcvw",
        "latitude": 52.374481,
        "longitude": 9.738563
      },
      "deliveryLocation": {
        "hash": "u292vw",
        "latitude": 47.9802361,
        "longitude": 13.2548599
      },
      "loadFactor": 4
    },
    {
      "id": 6546,
      "pickupLocation": {
        "hash": "u1huxx",
        "latitude": 51.455206,
        "longitude": 7.012273
      },
      "deliveryLocation": {
        "hash": "u28n6f",
        "latitude": 48.9264412,
        "longitude": 11.3745117
      },
      "loadFactor": 6
    },
    {
      "id": 10980,
      "pickupLocation": {
        "hash": "u38eez",
        "latitude": 54.092433,
        "longitude": 12.128724
      },
      "deliveryLocation": {
        "hash": "u1rd5r",
        "latitude": 52.42373,
        "longitude": 10.69592
      },
      "loadFactor": 6
    },
    {
      "id": 8314,
      "pickupLocation": {
        "hash": "u0zck4",
        "latitude": 49.45385,
        "longitude": 11.077324
      },
      "deliveryLocation": {
        "hash": "u297qg",
        "latitude": 48.4012146,
        "longitude": 13.3107462
      },
      "loadFactor": 7
    },
    {
      "id": 9155,
      "pickupLocation": {
        "hash": "u0wx9f",
        "latitude": 49.142292,
        "longitude": 9.218655
      },
      "deliveryLocation": {
        "hash": "u1ngdz",
        "latitude": 51.281479,
        "longitude": 9.615827
      },
      "loadFactor": 8
    }
  ]
}