{
  "vehicles": [
    {
      "id": 6277,
      "priceKm": 2.595590430974586,
      "startLocation": {
        "hash": "u0x86n",
        "latitude": 47.8894506036497,
        "longitude": 10.644248856234851
      }
    },
    {
      "id": 1715,
      "priceKm": 1.5147815129977455,
      "startLocation": {
        "hash": "u2c496",
        "latitude": 49.673792053706705,
        "longitude": 12.72004909358124
      }
    },
    {
      "id": 8125,
      "priceKm": 2.0202666506777636,
      "startLocation": {
        "hash": "u15sry",
        "latitude": 51.40547330031204,
        "longitude": 5.266656903393556
      }
    },
    {
      "id": 166,
      "priceKm": 1.0928913917597562,
      "startLocation": {
        "hash": "u0v6d6",
        "latitude": 49.66929037292234,
        "longitude": 7.485503200997581
      }
    }
  ],
  "orders": [
    {
      "id": 1884,
      "pickupLocation": {
        "hash": "u2s1vq",
        "latitude": 48.153538,
        "longitude": 17.109671
      },
      "deliveryLocation": {
        "hash": "u0y5sz",
        "latitude": 49.872775,
        "longitude": 8.651178
      },
      "loadFactor": 4
    },
    {
      "id": 2391,
      "pickupLocation": {
        "hash": "u1mxsy",
        "latitude": 53.387024,
        "longitude": 7.952453
      },
      "deliveryLocation": {
        "hash": "u1hg10",
        "latitude": 51.153144,
        "longitude": 6.729766
      },
      "loadFactor": 8
    },
    {
      "id": 4160,
      "pickupLocation": {
        "hash": "u0b1dd",
        "latitude": 49.493757,
        "longitude": 0.120504
      },
      "deliveryLocation": {
        "hash": "u15rgh",
        "latitude": 52.011497,
        "longitude": 4.710554
      },
      "loadFactor": 3
    },
    {
      "id": 7563,
      "pickupLocation": {
        "hash": "u1mxsy",
        "latitude": 53.387024,
        "longitude": 7.952453
      },
      "deliveryLocation": {
        "hash": "u314p3",
        "latitude": 50.982628,
        "longitude": 12.982286
      },
      "loadFactor": 8
    },
    {
      "id": 10519,
      "pickupLocation": {
        "hash": "u28k82",
        "latitude": 48.605431,
        "longitude": 11.623412
      },
      "deliveryLocation": {
        "hash": "u28she",
        "latitude": 48.536217,
        "longitude": 12.151655
      },
      "loadFactor": 4
    },
    {
      "id": 2903,
      "pickupLocation": {
        "hash": "u1q52c",
        "latitude": 52.609453,
        "longitude": 8.480184
      },
      "deliveryLocation": {
        "hash": "u1huxx",
        "latitude": 51.455206,
        "longitude": 7.012273
      },
      "loadFactor": 7
    },
    {
      "id": 4884,
      "pickupLocation": {
        "hash": "u32203",
        "latitude": 52.039425,
        "longitude": 11.613103
      },
      "deliveryLocation": {
        "hash": "u0xyc0",
        "latitude": 49.0025758,
        "longitude": 10.9525663
      },
      "loadFactor": 6
    }
  ]
}