{
  "vehicles": [
    {
      "id": 3902,
      "priceKm": 1.5795284921848247,
      "startLocation": {
        "hash": "u0rqy7",
        "latitude": 47.6092890764165,
        "longitude": 10.470184487677239
      }
    },
    {
      "id": 9110,
      "priceKm": 1.7909116260549887,
      "startLocation": {
        "hash": "u389bc",
        "latitude": 53.755214505528855,
        "longitude": 11.993134272088673
      }
    },
    {
      "id": 6694,
      "priceKm": 2.782368716214445,
      "startLocation": {
        "hash": "u0xbzv",
        "latitude": 47.976716132348834,
        "longitude": 11.2470387881944
      }
    },
    {
      "id": 4081,
      "priceKm": 2.4953965306167163,
      "startLocation": {
        "hash": "u1zf0h",
        "latitude": 55.2211937608672,
        "longitude": 10.904577319867204
      }
    }
  ],
  "orders": [
    {
      "id": 5581,
      "pickupLocation": {
        "hash": "u1rdjq",
        "latitude": 52.420559,
        "longitude": 10.786168
      },
      "deliveryLocation": {
        "hash": "u151rr",
        "latitude": 50.8864441,
        "longitude": 4.540854
      },
      "loadFactor": 7
    },
    {
      "id": 5130,
      "pickupLocation": {
        "hash": "u2c0s2",
        "latitude": 49.308084,
        "longitude": 12.845029
      },
      "deliveryLocation": {
        "hash": "u29jsb",
        "latitude": 48.7806071,
        "longitude": 12.8690362
      },
      "loadFactor": 8
    },
    {
      "id": 7021,
      "pickupLocation": {
        "hash": "u0wqdb",
        "latitude": 48.955734,
        "longitude": 8.920005
      },
      "deliveryLocation": {
        "hash": "u0wv5f",
        "latitude": 48.705294,
        "longitude": 9.660796
      },
      "loadFactor": 7
    },
    {
      "id": 310,
      "pickupLocation": {
        "hash": "u30bs3",
        "latitude": 50.718504,
        "longitude": 12.493927
      },
      "deliveryLocation": {
        "hash": "u0wqdb",
        "latitude": 48.955734,
        "longitude": 8.920005
      },
      "loadFactor": 7
    },
    {
      "id": 3752,
      "pickupLocation": {
        "hash": "u07s9j",
        "latitude": 47.226186,
        "longitude": 4.970567
      },
      "deliveryLocation": {
        "hash": "u0b1dd",
        "latitude": 49.493757,
        "longitude": 0.120504
      },
      "loadFactor": 3
    },
    {
      "id": 7672,
      "pickupLocation": {
        "hash": "u1r2em",
        "latitude": 52.148021,
        "longitude": 10.348964
      },
      "deliveryLocation": {
        "hash": "u1m9r4",
        "latitude": 52.2667,
        "longitude": 8.05
      },
      "loadFactor": 4
    },
    {
      "id": 6746,
      "pickupLocation": {
        "hash": "u1ngm0",
        "latitude": 51.2,
        "longitude": 9.71667
      },
      "deliveryLocation": {
        "hash": "u0vccv",
        "latitude": 49.558184,
        "longitude": 8.165932
      },
      "loadFactor": 8
    }
  ]
}