{
  "vehicles": [
    {
      "id": 5776,
      "priceKm": 1.411004522168647,
      "startLocation": {
        "hash": "u2bqby",
        "latitude": 50.43924247223398,
        "longitude": 11.637044725657072
      }
    },
    {
      "id": 7323,
      "priceKm": 1.7110677895972206,
      "startLocation": {
        "hash": "u1tv8e",
        "latitude": 54.42302026577772,
        "longitude": 8.116587879196807
      }
    },
    {
      "id": 5599,
      "priceKm": 2.504651857271125,
      "startLocation": {
        "hash": "u0tmnt",
        "latitude": 48.718989901690854,
        "longitude": 7.672414046848672
      }
    },
    {
      "id": 5038,
      "priceKm": 1.7705505610217798,
      "startLocation": {
        "hash": "u3bk0v",
        "latitude": 55.5749970035868,
        "longitude": 11.639108658133887
      }
    }
  ],
  "orders": [
    {
      "id": 9456,
      "pickupLocation": {
        "hash": "u28hgt",
        "latitude": 48.677765,
        "longitude": 11.411769
      },
      "deliveryLocation": {
        "hash": "u28k82",
        "latitude": 48.605431,
        "longitude": 11.623412
      },
      "loadFactor": 6
    },
    {
      "id": 7665,
      "pickupLocation": {
        "hash": "u28k82",
        "latitude": 48.605431,
        "longitude": 11.623412
      },
      "deliveryLocation": {
        "hash": "u0x0zx",
        "latitude": 47.986805,
        "longitude": 10.181323
      },
      "loadFactor": 8
    },
    {
      "id": 8940,
      "pickupLocation": {
        "hash": "u1m9r4",
        "latitude": 52.2667,
        "longitude": 8.05
      },
      "deliveryLocation": {
        "hash": "u0yp7k",
        "latitude": 50.5170003,
        "longitude": 8.5846482
      },
      "loadFactor": 8
    },
    {
      "id": 9237,
      "pickupLocation": {
        "hash": "u28k82",
        "latitude": 48.605431,
        "longitude": 11.623412
      },
      "deliveryLocation": {
        "hash": "u289qm",
        "latitude": 48.063853,
        "longitude": 12.23404
      },
      "loadFactor": 7
    },
    {
      "id": 11134,
      "pickupLocation": {
        "hash": "u28k82",
        "latitude": 48.605431,
        "longitude": 11.623412
      },
      "deliveryLocation": {
        "hash": "u28hgt",
        "latitude": 48.677763,
        "longitude": 11.411769
      },
      "loadFactor": 8
    },
    {
      "id": 9976,
      "pickupLocation": {
        "hash": "u0wqdb",
        "latitude": 48.955734,
        "longitude": 8.920005
      },
      "deliveryLocation": {
        "hash": "u0xj8h",
        "latitude": 48.8054062,
        "longitude": 9.8472853
      },
      "loadFactor": 6
    },
    {
      "id": 5743,
      "pickupLocation": {
        "hash": "u0wqdb",
        "latitude": 48.955734,
        "longitude": 8.920005
      },
      "deliveryLocation": {
        "hash": "u0wwer",
        "latitude": 48.9970853,
        "longitude": 9.2901786
      },
      "loadFactor": 6
    }
  ]
}