{
  "vehicles": [
    {
      "id": 3788,
      "priceKm": 2.0756220242810968,
      "startLocation": {
        "hash": "u0ufyk",
        "latitude": 49.72539394457637,
        "longitude": 6.963463645172566
      }
    },
    {
      "id": 6363,
      "priceKm": 2.4892782362723604,
      "startLocation": {
        "hash": "eyzgh7",
        "latitude": 38.51637145397413,
        "longitude": -0.16263617582632492
      }
    },
    {
      "id": 5270,
      "priceKm": 2.7517733230348425,
      "startLocation": {
        "hash": "u1r0by",
        "latitude": 52.19924671571045,
        "longitude": 9.887243488216937
      }
    },
    {
      "id": 6298,
      "priceKm": 1.60799336222121,
      "startLocation": {
        "hash": "u1rr1e",
        "latitude": 53.282121214495675,
        "longitude": 10.270441669590785
      }
    }
  ],
  "orders": [
    {
      "id": 10575,
      "pickupLocation": {
        "hash": "u28k82",
        "latitude": 48.605431,
        "longitude": 11.623412
      },
      "deliveryLocation": {
        "hash": "u0x83s",
        "latitude": 47.880379,
        "longitude": 10.622246
      },
      "loadFactor": 9
    },
    {
      "id": 4079,
      "pickupLocation": {
        "hash": "u1yv4m",
        "latitude": 55.7507,
        "longitude": 9.593335
      },
      "deliveryLocation": {
        "hash": "u392tz",
        "latitude": 53.5645212,
        "longitude": 13.2702999
      },
      "loadFactor": 4
    },
    {
      "id": 7796,
      "pickupLocation": {
        "hash": "u28k82",
        "latitude": 48.605431,
        "longitude": 11.623412
      },
      "deliveryLocation": {
        "hash": "u0rq3c",
        "latitude": 47.513536,
        "longitude": 10.281931
      },
      "loadFactor": 7
    },
    {
      "id": 2594,
      "pickupLocation": {
        "hash": "u1mpkp",
        "latitude": 53.346473,
        "longitude": 7.214199
      },
      "deliveryLocation": {
        "hash": "u0xvr9",
        "latitude": 48.7441691,
        "longitude": 11.2351246
      },
      "loadFactor": 7
    },
    {
      "id": 1172,
      "pickupLocation": {
        "hash": "u2gtdh",
        "latitude": 50.212498,
        "longitude": 16.262725
      },
      "deliveryLocation": {
        "hash": "u1xd7n",
        "latitude": 53.866444,
        "longitude": 10.684738
      },
      "loadFactor": 6
    },
    {
      "id": 1496,
      "pickupLocation": {
        "hash": "u2kx33",
        "latitude": 47.687611,
        "longitude": 17.634682
      },
      "deliveryLocation": {
        "hash": "u2bqr0",
        "latitude": 50.3219032,
        "longitude": 11.917881
      },
      "loadFactor": 8
    },
    {
      "id": 1678,
      "pickupLocation": {
        "hash": "u28k82",
        "latitude": 48.605431,
        "longitude": 11.623412
      },
      "deliveryLocation": {
        "hash": "u283dv",
        "latitude": 48.106218,
        "longitude": 11.72896
      },
      "loadFactor": 7
    }
  ]
}