{
  "vehicles": [
    {
      "id": 3021,
      "priceKm": 2.581097654688425,
      "startLocation": {
        "hash": "u0trqv",
        "latitude": 49.118854002987966,
        "longitude": 7.6880691780679165
      }
    },
    {
      "id": 7364,
      "priceKm": 2.7624260802431007,
      "startLocation": {
        "hash": "u1q5d2",
        "latitude": 52.650462836353086,
        "longitude": 8.541623511625518
      }
    },
    {
      "id": 4054,
      "priceKm": 2.6476093626643418,
      "startLocation": {
        "hash": "u1kt8m",
        "latitude": 53.03006187244955,
        "longitude": 6.344834447687044
      }
    },
    {
      "id": 5322,
      "priceKm": 1.5030692736096616,
      "startLocation": {
        "hash": "u39nsy",
        "latitude": 54.61745918363501,
        "longitude": 12.873255364380382
      }
    }
  ],
  "orders": [
    {
      "id": 1794,
      "pickupLocation": {
        "hash": "u28k82",
        "latitude": 48.605431,
        "longitude": 11.623412
      },
      "deliveryLocation": {
        "hash": "u0rxc9",
        "latitude": 47.775065,
        "longitude": 10.617085
      },
      "loadFactor": 5
    },
    {
      "id": 2743,
      "pickupLocation": {
        "hash": "u30u9s",
        "latitude": 51.439009,
        "longitude": 12.371469
      },
      "deliveryLocation": {
        "hash": "u0z560",
        "latitude": 49.79245,
        "longitude": 9.932966
      },
      "loadFactor": 7
    },
    {
      "id": 7290,
      "pickupLocation": {
        "hash": "eztr32",
        "latitude": 43.46231,
        "longitude": -3.810107
      },
      "deliveryLocation": {
        "hash": "u02mxe",
        "latitude": 47.3906174,
        "longitude": 0.6893
      },
      "loadFactor": 8
    },
    {
      "id": 691,
      "pickupLocation": {
        "hash": "u30u9s",
        "latitude": 51.439009,
        "longitude": 12.371469
      },
      "deliveryLocation": {
        "hash": "u0zq26",
        "latitude": 50.329727,
        "longitude": 10.2064416
      },
      "loadFactor": 7
    },
    {
      "id": 765,
      "pickupLocation": {
        "hash": "u1m9r4",
        "latitude": 52.2667,
        "longitude": 8.05
      },
      "deliveryLocation": {
        "hash": "u1h3ky",
        "latitude": 50.8782381,
        "longitude": 6.1855904
      },
      "loadFactor": 8
    },
    {
      "id": 4481,
      "pickupLocation": {
        "hash": "u30bs3",
        "latitude": 50.718504,
        "longitude": 12.493927
      },
      "deliveryLocation": {
        "hash": "u0zchs",
        "latitude": 49.419392,
        "longitude": 11.098348
      },
      "loadFactor": 6
    },
    {
      "id": 1450,
      "pickupLocation": {
        "hash": "u30cdb",
        "latitude": 50.889108,
        "longitude": 12.431532
      },
      "deliveryLocation": {
        "hash": "u0w4h2",
        "latitude": 48.1652577,
        "longitude": 8.628453
      },
      "loadFactor": 7
    }
  ]
}