{
  "vehicles": [
    {
      "id": 7129,
      "priceKm": 2.013041966318025,
      "startLocation": {
        "hash": "ezy5ff",
        "latitude": 44.26765910188303,
        "longitude": -2.6907465222176437
      }
    },
    {
      "id": 7569,
      "priceKm": 2.8247686305036304,
      "startLocation": {
        "hash": "u0xy8u",
        "latitude": 48.98127345060893,
        "longitude": 10.93536922911834
      }
    },
    {
      "id": 9016,
      "priceKm": 1.1783087906130678,
      "startLocation": {
        "hash": "u1vp5r",
        "latitude": 56.11592678517034,
        "longitude": 7.175462549298786
      }
    },
    {
      "id": 2069,
      "priceKm": 1.6848408636225125,
      "startLocation": {
        "hash": "u2c8jr",
        "latitude": 49.261498460065454,
        "longitude": 13.592143083166675
      }
    }
  ],
  "orders": [
    {
      "id": 10962,
      "pickupLocation": {
        "hash": "u0f0nr",
        "latitude": 49.259963,
        "longitude": 3.090591
      },
      "deliveryLocation": {
        "hash": "u140xp",
        "latitude": 50.7531242,
        "longitude": 3.1209021
      },
      "loadFactor": 7
    },
    {
      "id": 4154,
      "pickupLocation": {
        "hash": "u0wqdb",
        "latitude": 48.955734,
        "longitude": 8.920005
      },
      "deliveryLocation": {
        "hash": "u0wv5b",
        "latitude": 48.6943345,
        "longitude": 9.6662261
      },
      "loadFactor": 6
    },
    {
      "id": 6255,
      "pickupLocation": {
        "hash": "u14736",
        "latitude": 51.208255,
        "longitude": 3.226148
      },
      "deliveryLocation": {
        "hash": "u155kh",
        "latitude": 51.2210388,
        "longitude": 4.3998189
      },
      "loadFactor": 7
    },
    {
      "id": 9135,
      "pickupLocation": {
        "hash": "u30cj7",
        "latitude": 50.819903,
        "longitude": 12.539787
      },
      "deliveryLocation": {
        "hash": "u0yumg",
        "latitude": 49.9853105,
        "longitude": 9.7529348
      },
      "loadFactor": 8
    },
    {
      "id": 4777,
      "pickupLocation": {
        "hash": "u0wqdb",
        "latitude": 48.955734,
        "longitude": 8.920005
      },
      "deliveryLocation": {
        "hash": "u0wqqn",
        "latitude": 48.9491667,
        "longitude": 9.0534386
      },
      "loadFactor": 2
    },
    {
      "id": 8274,
      "pickupLocation": {
        "hash": "u1mxsy",
        "latitude": 53.387024,
        "longitude": 7.952453
      },
      "deliveryLocation": {
        "hash": "u0vnwu",
        "latitude": 50.386263,
        "longitude": 7.338674
      },
      "loadFactor": 8
    },
    {
      "id": 4305,
      "pickupLocation": {
        "hash": "u1r2em",
        "latitude": 52.148021,
        "longitude": 10.348964
      },
      "deliveryLocation": {
        "hash": "u1mww4",
        "latitude": 53.185155,
        "longitude": 8.003488
      },
      "loadFactor": 8
    }
  ]
}