{
  "vehicles": [
    {
      "id": 8417,
      "priceKm": 2.407788530096824,
      "startLocation": {
        "hash": "u1qcjk",
        "latitude": 52.23267277947552,
        "longitude": 9.730906968922177
      }
    },
    {
      "id": 3692,
      "priceKm": 1.8207370917364671,
      "startLocation": {
        "hash": "u30ytk",
        "latitude": 51.79411127196666,
        "longitude": 12.537556757667435
      }
    },
    {
      "id": 2560,
      "priceKm": 1.482400398250588,
      "startLocation": {
        "hash": "ez7fgf",
        "latitude": 41.277077596312814,
        "longitude": -5.803797982761447
      }
    },
    {
      "id": 676,
      "priceKm": 2.5927787319695277,
      "startLocation": {
        "hash": "u1jujj",
        "latitude": 51.35949496318745,
        "longitude": 8.306175216931083
      }
    }
  ],
  "orders": [
    {
      "id": 5593,
      "pickupLocation": {
        "hash": "u1huxx",
        "latitude": 51.455206,
        "longitude": 7.012273
      },
      "deliveryLocation": {
        "hash": "u1hg2e",
        "latitude": 51.2165,
        "longitude": 6.7019
      },
      "loadFactor": 7
    },
    {
      "id": 10073,
      "pickupLocation": {
        "hash": "u2c0s2",
        "latitude": 49.308084,
        "longitude": 12.845029
      },
      "deliveryLocation": {
        "hash": "u2bdkq",
        "latitude": 49.6525138,
        "longitude": 12.1412439
      },
      "loadFactor": 8
    },
    {
      "id": 11081,
      "pickupLocation": {
        "hash": "u1mpd8",
        "latitude": 53.351613,
        "longitude": 7.147359
      },
      "deliveryLocation": {
        "hash": "u0mvcy",
        "latitude": 47.4504862,
        "longitude": 8.1684054
      },
      "loadFactor": 4
    },
    {
      "id": 372,
      "pickupLocation": {
        "hash": "u32203",
        "latitude": 52.039425,
        "longitude": 11.613103
      },
      "deliveryLocation": {
        "hash": "u0zcs2",
        "latitude": 49.4849109,
        "longitude": 11.0937825
      },
      "loadFactor": 6
    },
    {
      "id": 9871,
      "pickupLocation": {
        "hash": "u0wqdb",
        "latitude": 48.955734,
        "longitude": 8.920005
      },
      "deliveryLocation": {
        "hash": "u0wt7c",
        "latitude": 48.742178,
        "longitude": 9.3144229
      },
      "loadFactor": 7
    },
    {
      "id": 10523,
      "pickupLocation": {
        "hash": "u28k82",
        "latitude": 48.605431,
        "longitude": 11.623412
      },
      "deliveryLocation": {
        "hash": "u0xkqg",
        "latitude": 48.581165,
        "longitude": 10.495495
      },
      "loadFactor": 7
    },
    {
      "id": 8201,
      "pickupLocation": {
        "hash": "u0wqdb",
        "latitude": 48.955734,
        "longitude": 8.920005
      },
      "deliveryLocation": {
        "hash": "u0wv5q",
        "latitude": 48.726082,
        "longitude": 9.6420971
      },
      "loadFactor": 7
    }
  ]
}