{
  "vehicles": [
    {
      "id": 8550,
      "priceKm": 2.171888203029948,
      "startLocation": {
        "hash": "u2k50u",
        "latitude": 46.95606767188726,
        "longitude": 16.916997474172927
      }
    },
    {
      "id": 8718,
      "priceKm": 1.5664606923445912,
      "startLocation": {
        "hash": "u1u8ed",
        "latitude": 54.94634589382616,
        "longitude": 6.489340783443092
      }
    },
    {
      "id": 2604,
      "priceKm": 1.8171926603765118,
      "startLocation": {
        "hash": "u0sw9d",
        "latitude": 48.96914382018824,
        "longitude": 6.4025085699407
      }
    },
    {
      "id": 5572,
      "priceKm": 1.821859183086474,
      "startLocation": {
        "hash": "u1ey32",
        "latitude": 54.54117887809371,
        "longitude": 5.3383559814639
      }
    }
  ],
  "orders": [
    {
      "id": 4631,
      "pickupLocation": {
        "hash": "u6s1e9",
        "latitude": 59.3343059,
        "longitude": 17.0381816
      },
      "deliveryLocation": {
        "hash": "u1yubg",
        "latitude": 55.7000046,
        "longitude": 9.5333242
      },
      "loadFactor": 8
    },
    {
      "id": 836,
      "pickupLocation": {
        "hash": "u30bs3",
        "latitude": 50.718504,
        "longitude": 12.493927
      },
      "deliveryLocation": {
        "hash": "u1huxx",
        "latitude": 51.455206,
        "longitude": 7.012273
      },
      "loadFactor": 8
    },
    {
      "id": 1240,
      "pickupLocation": {
        "hash": "u30u9s",
        "latitude": 51.439009,
        "longitude": 12.371469
      },
      "deliveryLocation": {
        "hash": "u0zjmr",
        "latitude": 50.1851415,
        "longitude": 10.0775445
      },
      "loadFactor": 7
    },
    {
      "id": 1439,
      "pickupLocation": {
        "hash": "u28k82",
        "latitude": 48.605431,
        "longitude": 11.623412
      },
      "deliveryLocation": {
        "hash": "u0x57d",
        "latitude": 48.395497,
        "longitude": 10.00589
      },
      "loadFactor": 8
    },
    {
      "id": 10110,
      "pickupLocation": {
        "hash": "u1huxx",
        "latitude": 51.455206,
        "longitude": 7.012273
      },
      "deliveryLocation": {
        "hash": "u1he4g",
        "latitude": 51.169583,
        "longitude": 6.457627
      },
      "loadFactor": 5
    },
    {
      "id": 10757,
      "pickupLocation": {
        "hash": "u30cj7",
        "latitude": 50.819903,
        "longitude": 12.539787
      },
      "deliveryLocation": {
        "hash": "u0zkx7",
        "latitude": 50.0311909,
        "longitude": 10.5231782
      },
      "loadFactor": 7
    },
    {
      "id": 8034,
      "pickupLocation": {
        "hash": "u0wqdb",
        "latitude": 48.955734,
        "longitude": 8.920005
      },
      "deliveryLocation": {
        "hash": "u0y2xw",
        "latitude": 49.3407322,
        "longitude": 9.1191102
      },
      "loadFactor": 4
    }
  ]
}