{
  "vehicles": [
    {
      "id": 3648,
      "priceKm": 1.6671335635055116,
      "startLocation": {
        "hash": "u6nd3s",
        "latitude": 56.66752006935631,
        "longitude": 20.463065018127296
      }
    },
    {
      "id": 12,
      "priceKm": 2.6362333425560305,
      "startLocation": {
        "hash": "u147xu",
        "latitude": 51.26445234933148,
        "longitude": 3.508203090683872
      }
    },
    {
      "id": 7620,
      "priceKm": 1.6492625754418528,
      "startLocation": {
        "hash": "u2txgz",
        "latitude": 49.216228065793224,
        "longitude": 19.15313283138592
      }
    },
    {
      "id": 7590,
      "priceKm": 2.4186374707861154,
      "startLocation": {
        "hash": "gbyz0f",
        "latitude": 50.462533209019085,
        "longitude": -1.714394406665405
      }
    }
  ],
  "orders": [
    {
      "id": 9710,
      "pickupLocation": {
        "hash": "u28k82",
        "latitude": 48.605431,
        "longitude": 11.623412
      },
      "deliveryLocation": {
        "hash": "u282t2",
        "latitude": 47.901573,
        "longitude": 11.839625
      },
      "loadFactor": 8
    },
    {
      "id": 4920,
      "pickupLocation": {
        "hash": "u1huxx",
        "latitude": 51.455206,
        "longitude": 7.012273
      },
      "deliveryLocation": {
        "hash": "u1hg7h",
        "latitude": 51.2218333,
        "longitude": 6.8218705
      },
      "loadFactor": 8
    },
    {
      "id": 23,
      "pickupLocation": {
        "hash": "u1huxx",
        "latitude": 51.455206,
        "longitude": 7.012273
      },
      "deliveryLocation": {
        "hash": "u1j5dy",
        "latitude": 51.2757588,
        "longitude": 7.1577256
      },
      "loadFactor": 7
    },
    {
      "id": 7066,
      "pickupLocation": {
        "hash": "u1mxsy",
        "latitude": 53.387024,
        "longitude": 7.952453
      },
      "deliveryLocation": {
        "hash": "u2bxk0",
        "latitude": 50.495063,
        "longitude": 12.134652
      },
      "loadFactor": 8
    },
    {
      "id": 1657,
      "pickupLocation": {
        "hash": "u30u9s",
        "latitude": 51.439009,
        "longitude": 12.371469
      },
      "deliveryLocation": {
        "hash": "u0zr09",
        "latitude": 50.459487,
        "longitude": 10.2232484
      },
      "loadFactor": 7
    },
    {
      "id": 4374,
      "pickupLocation": {
        "hash": "u0wqdb",
        "latitude": 48.955734,
        "longitude": 8.920005
      },
      "deliveryLocation": {
        "hash": "u0wv8g",
        "latitude": 48.7999992,
        "longitude": 9.53333
      },
      "loadFactor": 7
    },
    {
      "id": 3319,
      "pickupLocation": {
        "hash": "u1huxx",
        "latitude": 51.455206,
        "longitude": 7.012273
      },
      "deliveryLocation": {
        "hash": "u1jh7t",
        "latitude": 51.4007187,
        "longitude": 7.1862488
      },
      "loadFactor": 9
    }
  ]
}