{
  "vehicles": [
    {
      "id": 568,
      "priceKm": 2.9858291948711493,
      "startLocation": {
        "hash": "u2c6td",
        "latitude": 49.67048427828622,
        "longitude": 13.258682349829375
      }
    },
    {
      "id": 1408,
      "priceKm": 2.3681561575379826,
      "startLocation": {
        "hash": "u0z5tk",
        "latitude": 49.857262585129995,
        "longitude": 10.07470338958473
      }
    },
    {
      "id": 2008,
      "priceKm": 2.794938961257056,
      "startLocation": {
        "hash": "u4juq7",
        "latitude": 57.01796379955569,
        "longitude": 8.363774032818247
      }
    },
    {
      "id": 8218,
      "priceKm": 1.4060467700773913,
      "startLocation": {
        "hash": "u2gj10",
        "latitude": 50.09806738297422,
        "longitude": 15.521682087970003
      }
    }
  ],
  "orders": [
    {
      "id": 3422,
      "pickupLocation": {
        "hash": "u1rdjq",
        "latitude": 52.420559,
        "longitude": 10.786168
      },
      "deliveryLocation": {
        "hash": "u0zck4",
        "latitude": 49.45385,
        "longitude": 11.077324
      },
      "loadFactor": 7
    },
    {
      "id": 6462,
      "pickupLocation": {
        "hash": "u0zchs",
        "latitude": 49.419392,
        "longitude": 11.098348
      },
      "deliveryLocation": {
        "hash": "u28pu8",
        "latitude": 49.1748886,
        "longitude": 11.4497967
      },
      "loadFactor": 6
    },
    {
      "id": 4955,
      "pickupLocation": {
        "hash": "u30bs3",
        "latitude": 50.718504,
        "longitude": 12.493927
      },
      "deliveryLocation": {
        "hash": "u21g07",
        "latitude": 45.548133,
        "longitude": 13.729491
      },
      "loadFactor": 6
    },
    {
      "id": 5105,
      "pickupLocation": {
        "hash": "u1mxsy",
        "latitude": 53.387024,
        "longitude": 7.952453
      },
      "deliveryLocation": {
        "hash": "u0z4zm",
        "latitude": 49.73225,
        "longitude": 10.166006
      },
      "loadFactor": 8
    },
    {
      "id": 295,
      "pickupLocation": {
        "hash": "u0yenz",
        "latitude": 49.784752,
        "longitude": 9.44109
      },
      "deliveryLocation": {
        "hash": "u1nsmy",
        "latitude": 51.408161,
        "longitude": 9.402353
      },
      "loadFactor": 8
    },
    {
      "id": 5942,
      "pickupLocation": {
        "hash": "u1rdjq",
        "latitude": 52.420559,
        "longitude": 10.786168
      },
      "deliveryLocation": {
        "hash": "u0n8t1",
        "latitude": 45.0966644,
        "longitude": 9.3624582
      },
      "loadFactor": 7
    },
    {
      "id": 1670,
      "pickupLocation": {
        "hash": "u0wqdb",
        "latitude": 48.955734,
        "longitude": 8.920005
      },
      "deliveryLocation": {
        "hash": "u0y9sr",
        "latitude": 49.5221611,
        "longitude": 9.3324589
      },
      "loadFactor": 6
    }
  ]
}