{
  "vehicles": [
    {
      "id": 369,
      "priceKm": 2.0777411828946164,
      "startLocation": {
        "hash": "u04npq",
        "latitude": 46.09085555629883,
        "longitude": 3.136823768917901
      }
    }
  ],
  "orders": [
    {
      "id": 5292,
      "pickupLocation": {
        "hash": "u09qd0",
        "latitude": 48.959139,
        "longitude": 1.855432
      },
      "deliveryLocation": {
        "hash": "u110sd",
        "latitude": 50.7251854,
        "longitude": 1.613305
      },
      "loadFactor": 8
    },
    {
      "id": 5433,
      "pickupLocation": {
        "hash": "u30cj7",
        "latitude": 50.819903,
        "longitude": 12.539787
      },
      "deliveryLocation": {
        "hash": "u0z4t1",
        "latitude": 49.6660995,
        "longitude": 10.0651054
      },
      "loadFactor": 9
    },
    {
      "id": 7400,
      "pickupLocation": {
        "hash": "u0f0nr",
        "latitude": 49.259963,
        "longitude": 3.090591
      },
      "deliveryLocation": {
        "hash": "u140p8",
        "latitude": 50.6294212,
        "longitude": 3.1469879
      },
      "loadFactor": 8
    },
    {
      "id": 14,
      "pickupLocation": {
        "hash": "u1mxsy",
        "latitude": 53.387024,
        "longitude": 7.952453
      },
      "deliveryLocation": {
        "hash": "u301z8",
        "latitude": 50.93314,
        "longitude": 11.583309
      },
      "loadFactor": 8
    },
    {
      "id": 180,
      "pickupLocation": {
        "hash": "u0wqdb",
        "latitude": 48.955734,
        "longitude": 8.920005
      },
      "deliveryLocation": {
        "hash": "u0wwqw",
        "latitude": 48.9471455,
        "longitude": 9.4341813
      },
      "loadFactor": 8
    }
  ]
}