{
  "vehicles": [
    {
      "id": 7776,
      "priceKm": 1.780882486504758,
      "startLocation": {
        "hash": "u1hz05",
        "latitude": 51.874943096038365,
        "longitude": 6.68080076012836
      }
    }
  ],
  "orders": [
    {
      "id": 3390,
      "pickupLocation": {
        "hash": "u2kx33",
        "latitude": 47.687611,
        "longitude": 17.634682
      },
      "deliveryLocation": {
        "hash": "u29s66",
        "latitude": 48.574014,
        "longitude": 13.460645
      },
      "loadFactor": 8
    },
    {
      "id": 4869,
      "pickupLocation": {
        "hash": "u28hgt",
        "latitude": 48.677765,
        "longitude": 11.411769
      },
      "deliveryLocation": {
        "hash": "u28k82",
        "latitude": 48.605431,
        "longitude": 11.623412
      },
      "loadFactor": 8
    },
    {
      "id": 9830,
      "pickupLocation": {
        "hash": "u0zck4",
        "latitude": 49.45385,
        "longitude": 11.077324
      },
      "deliveryLocation": {
        "hash": "u0xyct",
        "latitude": 49.0305519,
        "longitude": 10.9726963
      },
      "loadFactor": 7
    },
    {
      "id": 6999,
      "pickupLocation": {
        "hash": "u1rdjq",
        "latitude": 52.420559,
        "longitude": 10.786168
      },
      "deliveryLocation": {
        "hash": "u1mpeg",
        "latitude": 53.3669586,
        "longitude": 7.2059498
      },
      "loadFactor": 7
    },
    {
      "id": 239,
      "pickupLocation": {
        "hash": "u30cj7",
        "latitude": 50.819904,
        "longitude": 12.539787
      },
      "deliveryLocation": {
        "hash": "u0yu3f",
        "latitude": 49.9777077,
        "longitude": 9.5778539
      },
      "loadFactor": 6
    }
  ]
}