{
  "vehicles": [
    {
      "id": 7903,
      "priceKm": 1.4465536060367068,
      "startLocation": {
        "hash": "u285fc",
        "latitude": 48.47771066208128,
        "longitude": 11.373011012686256
      }
    }
  ],
  "orders": [
    {
      "id": 10542,
      "pickupLocation": {
        "hash": "u1r2em",
        "latitude": 52.148021,
        "longitude": 10.348964
      },
      "deliveryLocation": {
        "hash": "u1mpeg",
        "latitude": 53.36696,
        "longitude": 7.20595
      },
      "loadFactor": 8
    },
    {
      "id": 7139,
      "pickupLocation": {
        "hash": "u1r2em",
        "latitude": 52.148021,
        "longitude": 10.348964
      },
      "deliveryLocation": {
        "hash": "u1mzc0",
        "latitude": 53.39573,
        "longitude": 8.137243
      },
      "loadFactor": 8
    },
    {
      "id": 5652,
      "pickupLocation": {
        "hash": "u3k4he",
        "latitude": 52.4040031,
        "longitude": 17.0754108
      },
      "deliveryLocation": {
        "hash": "u1x0es",
        "latitude": 53.550341,
        "longitude": 10.000654
      },
      "loadFactor": 7
    },
    {
      "id": 7264,
      "pickupLocation": {
        "hash": "u0fntc",
        "latitude": 50.370368,
        "longitude": 3.076138
      },
      "deliveryLocation": {
        "hash": "u0y1vh",
        "latitude": 49.552304,
        "longitude": 8.666455
      },
      "loadFactor": 8
    },
    {
      "id": 1916,
      "pickupLocation": {
        "hash": "u1rdk3",
        "latitude": 52.435841,
        "longitude": 10.742137
      },
      "deliveryLocation": {
        "hash": "u17bed",
        "latitude": 52.1303558,
        "longitude": 5.428699
      },
      "loadFactor": 7
    }
  ]
}