{
  "vehicles": [
    {
      "id": 2549,
      "priceKm": 2.028254851897633,
      "startLocation": {
        "hash": "u0xxkj",
        "latitude": 49.11496733942217,
        "longitude": 10.726455446112535
      }
    }
  ],
  "orders": [
    {
      "id": 8181,
      "pickupLocation": {
        "hash": "u0wqdb",
        "latitude": 48.955734,
        "longitude": 8.920005
      },
      "deliveryLocation": {
        "hash": "u0wxzs",
        "latitude": 49.2004273,
        "longitude": 9.4754969
      },
      "loadFactor": 8
    },
    {
      "id": 8689,
      "pickupLocation": {
        "hash": "u0tddp",
        "latitude": 48.295226,
        "longitude": 7.823876
      },
      "deliveryLocation": {
        "hash": "u2b18g",
        "latitude": 49.5009314,
        "longitude": 11.2885842
      },
      "loadFactor": 8
    },
    {
      "id": 5123,
      "pickupLocation": {
        "hash": "u1mxsy",
        "latitude": 53.387024,
        "longitude": 7.952453
      },
      "deliveryLocation": {
        "hash": "u0xhzj",
        "latitude": 48.676764,
        "longitude": 10.152923
      },
      "loadFactor": 8
    },
    {
      "id": 3713,
      "pickupLocation": {
        "hash": "u28rh1",
        "latitude": 49.051888,
        "longitude": 11.782505
      },
      "deliveryLocation": {
        "hash": "u0wxb9",
        "latitude": 49.1812198,
        "longitude": 9.1718358
      },
      "loadFactor": 8
    },
    {
      "id": 2026,
      "pickupLocation": {
        "hash": "u1mxsy",
        "latitude": 53.387024,
        "longitude": 7.952453
      },
      "deliveryLocation": {
        "hash": "u0xbjs",
        "latitude": 47.839073,
        "longitude": 11.142432
      },
      "loadFactor": 8
    }
  ]
}