{
  "vehicles": [
    {
      "id": 6107,
      "priceKm": 1.4602754017486839,
      "startLocation": {
        "hash": "u0zk6g",
        "latitude": 49.98319560623059,
        "longitude": 10.322526158085957
      }
    }
  ],
  "orders": [
    {
      "id": 2804,
      "pickupLocation": {
        "hash": "u2gtdh",
        "latitude": 50.212498,
        "longitude": 16.262725
      },
      "deliveryLocation": {
        "hash": "u1mpeg",
        "latitude": 53.36696,
        "longitude": 7.20595
      },
      "loadFactor": 7
    },
    {
      "id": 4079,
      "pickupLocation": {
        "hash": "u1yv4m",
        "latitude": 55.7507,
        "longitude": 9.593335
      },
      "deliveryLocation": {
        "hash": "u392tz",
        "latitude": 53.5645212,
        "longitude": 13.2702999
      },
      "loadFactor": 4
    },
    {
      "id": 1081,
      "pickupLocation": {
        "hash": "u2c0s2",
        "latitude": 49.308084,
        "longitude": 12.845029
      },
      "deliveryLocation": {
        "hash": "u28k82",
        "latitude": 48.605431,
        "longitude": 11.623412
      },
      "loadFactor": 8
    },
    {
      "id": 9027,
      "pickupLocation": {
        "hash": "u0wqdb",
        "latitude": 48.955734,
        "longitude": 8.920005
      },
      "deliveryLocation": {
        "hash": "u0wx98",
        "latitude": 49.1346901,
        "longitude": 9.2159604
      },
      "loadFactor": 6
    },
    {
      "id": 1886,
      "pickupLocation": {
        "hash": "u0wqdb",
        "latitude": 48.955734,
        "longitude": 8.920005
      },
      "deliveryLocation": {
        "hash": "u0wscf",
        "latitude": 48.6617737,
        "longitude": 9.2236786
      },
      "loadFactor": 8
    }
  ]
}