{
  "vehicles": [
    {
      "id": 3765,
      "priceKm": 2.1731447851305643,
      "startLocation": {
        "hash": "u2ekxc",
        "latitude": 48.61252738167279,
        "longitude": 16.169394671872485
      }
    }
  ],
  "orders": [
    {
      "id": 5841,
      "pickupLocation": {
        "hash": "u1yv4m",
        "latitude": 55.7507,
        "longitude": 9.593335
      },
      "deliveryLocation": {
        "hash": "u170w3",
        "latitude": 52.1297264,
        "longitude": 4.4957125
      },
      "loadFactor": 8
    },
    {
      "id": 9615,
      "pickupLocation": {
        "hash": "u1rj2n",
        "latitude": 52.9873886,
        "longitude": 9.844552
      },
      "deliveryLocation": {
        "hash": "u15rrq",
        "latitude": 51.9374886,
        "longitude": 4.8911061
      },
      "loadFactor": 7
    },
    {
      "id": 6172,
      "pickupLocation": {
        "hash": "u28k82",
        "latitude": 48.605431,
        "longitude": 11.623412
      },
      "deliveryLocation": {
        "hash": "u28980",
        "latitude": 48.076631,
        "longitude": 11.964077
      },
      "loadFactor": 9
    },
    {
      "id": 2011,
      "pickupLocation": {
        "hash": "u32203",
        "latitude": 52.039425,
        "longitude": 11.613103
      },
      "deliveryLocation": {
        "hash": "u0ymcd",
        "latitude": 50.2425094,
        "longitude": 8.8581313
      },
      "loadFactor": 7
    },
    {
      "id": 2493,
      "pickupLocation": {
        "hash": "ezwgdd",
        "latitude": 42.818857,
        "longitude": -1.644464
      },
      "deliveryLocation": {
        "hash": "u28k82",
        "latitude": 48.605431,
        "longitude": 11.623412
      },
      "loadFactor": 8
    }
  ]
}