{
  "vehicles": [
    {
      "id": 8256,
      "priceKm": 1.4586634638866243,
      "startLocation": {
        "hash": "u290jk",
        "latitude": 47.83929178284579,
        "longitude": 12.897233456789774
      }
    }
  ],
  "orders": [
    {
      "id": 9379,
      "pickupLocation": {
        "hash": "u2c0s2",
        "latitude": 49.308084,
        "longitude": 12.845029
      },
      "deliveryLocation": {
        "hash": "u0zgbn",
        "latitude": 49.9119929,
        "longitude": 10.8990657
      },
      "loadFactor": 8
    },
    {
      "id": 4264,
      "pickupLocation": {
        "hash": "ezwgdd",
        "latitude": 42.818857,
        "longitude": -1.644464
      },
      "deliveryLocation": {
        "hash": "u1nezs",
        "latitude": 51.309266,
        "longitude": 9.477016
      },
      "loadFactor": 8
    },
    {
      "id": 9009,
      "pickupLocation": {
        "hash": "u28k82",
        "latitude": 48.605431,
        "longitude": 11.623412
      },
      "deliveryLocation": {
        "hash": "u0xhzj",
        "latitude": 48.676764,
        "longitude": 10.152923
      },
      "loadFactor": 8
    },
    {
      "id": 6713,
      "pickupLocation": {
        "hash": "u1hu9e",
        "latitude": 51.433434,
        "longitude": 6.749769
      },
      "deliveryLocation": {
        "hash": "u38eez",
        "latitude": 54.092433,
        "longitude": 12.128724
      },
      "loadFactor": 8
    },
    {
      "id": 7047,
      "pickupLocation": {
        "hash": "u0zck4",
        "latitude": 49.45385,
        "longitude": 11.077324
      },
      "deliveryLocation": {
        "hash": "u29jyc",
        "latitude": 48.833242,
        "longitude": 12.962093
      },
      "loadFactor": 6
    }
  ]
}