{
  "vehicles": [
    {
      "id": 675,
      "priceKm": 2.043278172501518,
      "startLocation": {
        "hash": "u0se17",
        "latitude": 48.35660797895197,
        "longitude": 6.3934960006003445
      }
    }
  ],
  "orders": [
    {
      "id": 2449,
      "pickupLocation": {
        "hash": "u1mxsy",
        "latitude": 53.387024,
        "longitude": 7.952453
      },
      "deliveryLocation": {
        "hash": "u1jksj",
        "latitude": 51.445525,
        "longitude": 7.567465
      },
      "loadFactor": 7
    },
    {
      "id": 10281,
      "pickupLocation": {
        "hash": "u0zchs",
        "latitude": 49.419392,
        "longitude": 11.098348
      },
      "deliveryLocation": {
        "hash": "u0zdvb",
        "latitude": 49.7046089,
        "longitude": 10.8077526
      },
      "loadFactor": 8
    },
    {
      "id": 9158,
      "pickupLocation": {
        "hash": "sp37gy",
        "latitude": 41.476918,
        "longitude": 1.928397
      },
      "deliveryLocation": {
        "hash": "u0tddp",
        "latitude": 48.295226,
        "longitude": 7.823876
      },
      "loadFactor": 9
    },
    {
      "id": 5275,
      "pickupLocation": {
        "hash": "u0wxcg",
        "latitude": 49.191735,
        "longitude": 9.224944
      },
      "deliveryLocation": {
        "hash": "u0tddp",
        "latitude": 48.295226,
        "longitude": 7.823876
      },
      "loadFactor": 5
    },
    {
      "id": 10130,
      "pickupLocation": {
        "hash": "u30bs3",
        "latitude": 50.718504,
        "longitude": 12.493927
      },
      "deliveryLocation": {
        "hash": "u0zck4",
        "latitude": 49.45385,
        "longitude": 11.077324
      },
      "loadFactor": 7
    }
  ]
}