{
  "vehicles": [
    {
      "id": 7990,
      "priceKm": 2.9050907018208028,
      "startLocation": {
        "hash": "u0v0rg",
        "latitude": 49.28009412014039,
        "longitude": 7.378804700273572
      }
    }
  ],
  "orders": [
    {
      "id": 893,
      "pickupLocation": {
        "hash": "u0wqdb",
        "latitude": 48.955734,
        "longitude": 8.920005
      },
      "deliveryLocation": {
        "hash": "u0wvzd",
        "latitude": 48.835287,
        "longitude": 9.8231574
      },
      "loadFactor": 7
    },
    {
      "id": 5385,
      "pickupLocation": {
        "hash": "u2s1vq",
        "latitude": 48.153538,
        "longitude": 17.109671
      },
      "deliveryLocation": {
        "hash": "u2fcv4",
        "latitude": 49.539144,
        "longitude": 15.3473048
      },
      "loadFactor": 8
    },
    {
      "id": 1833,
      "pickupLocation": {
        "hash": "u0wqdb",
        "latitude": 48.955734,
        "longitude": 8.920005
      },
      "deliveryLocation": {
        "hash": "u0wv5b",
        "latitude": 48.6943345,
        "longitude": 9.6662261
      },
      "loadFactor": 8
    },
    {
      "id": 11144,
      "pickupLocation": {
        "hash": "u1mxsy",
        "latitude": 53.387024,
        "longitude": 7.952453
      },
      "deliveryLocation": {
        "hash": "u0yhzq",
        "latitude": 50.088766,
        "longitude": 8.766286
      },
      "loadFactor": 8
    },
    {
      "id": 3572,
      "pickupLocation": {
        "hash": "u0zchs",
        "latitude": 49.419392,
        "longitude": 11.098348
      },
      "deliveryLocation": {
        "hash": "u0zdvb",
        "latitude": 49.7046089,
        "longitude": 10.8077526
      },
      "loadFactor": 8
    }
  ]
}