{
  "vehicles": [
    {
      "id": 3758,
      "priceKm": 1.5120684746979765,
      "startLocation": {
        "hash": "u1yh8x",
        "latitude": 55.67704331807478,
        "longitude": 8.470387766602071
      }
    }
  ],
  "orders": [
    {
      "id": 6157,
      "pickupLocation": {
        "hash": "u30u9s",
        "latitude": 51.439009,
        "longitude": 12.371469
      },
      "deliveryLocation": {
        "hash": "u0z4z7",
        "latitude": 49.7236067,
        "longitude": 10.1641672
      },
      "loadFactor": 7
    },
    {
      "id": 660,
      "pickupLocation": {
        "hash": "spey61",
        "latitude": 43.294806,
        "longitude": 5.370816
      },
      "deliveryLocation": {
        "hash": "u0s0hd",
        "latitude": 47.827,
        "longitude": 5.82363
      },
      "loadFactor": 8
    },
    {
      "id": 6986,
      "pickupLocation": {
        "hash": "u32203",
        "latitude": 52.039425,
        "longitude": 11.613103
      },
      "deliveryLocation": {
        "hash": "u28wew",
        "latitude": 48.9931203,
        "longitude": 12.1088358
      },
      "loadFactor": 7
    },
    {
      "id": 10130,
      "pickupLocation": {
        "hash": "u30bs3",
        "latitude": 50.718504,
        "longitude": 12.493927
      },
      "deliveryLocation": {
        "hash": "u0zck4",
        "latitude": 49.45385,
        "longitude": 11.077324
      },
      "loadFactor": 7
    },
    {
      "id": 6070,
      "pickupLocation": {
        "hash": "u0fb74",
        "latitude": 49.2752301,
        "longitude": 4.0023045
      },
      "deliveryLocation": {
        "hash": "u99zpy",
        "latitude": 54.7042831,
        "longitude": 25.3035356
      },
      "loadFactor": 7
    }
  ]
}