{
  "vehicles": [
    {
      "id": 7455,
      "priceKm": 1.15639114130681,
      "startLocation": {
        "hash": "u28p3y",
        "latitude": 49.123494585764,
        "longitude": 11.327004373662804
      }
    },
    {
      "id": 8979,
      "priceKm": 1.3682174940903158,
      "startLocation": {
        "hash": "u1rp57",
        "latitude": 53.28230713336414,
        "longitude": 9.993824953348861
      }
    },
    {
      "id": 6608,
      "priceKm": 2.633488453654113,
      "startLocation": {
        "hash": "u390hc",
        "latitude": 53.446261880319724,
        "longitude": 12.867280215962682
      }
    },
    {
      "id": 2894,
      "priceKm": 2.217015643574336,
      "startLocation": {
        "hash": "u1wsw4",
        "latitude": 54.24198700778735,
        "longitude": 9.410252143822726
      }
    },
    {
      "id": 3893,
      "priceKm": 2.378251728773556,
      "startLocation": {
        "hash": "u0zhk0",
        "latitude": 49.967598445451365,
        "longitude": 10.027343812179867
      }
    },
    {
      "id": 6306,
      "priceKm": 2.209797513227495,
      "startLocation": {
        "hash": "u135cj",
        "latitude": 52.7181451761362,
        "longitude": 1.4594866573503258
      }
    },
    {
      "id": 8169,
      "priceKm": 1.4085042930862797,
      "startLocation": {
        "hash": "u14mv5",
        "latitude": 51.65335817940785,
        "longitude": 3.3902326920560117
      }
    }
  ],
  "orders": [
    {
      "id": 2124,
      "pickupLocation": {
        "hash": "u28k82",
        "latitude": 48.605431,
        "longitude": 11.623412
      },
      "deliveryLocation": {
        "hash": "u281z7",
        "latitude": 48.137272,
        "longitude": 11.575482
      },
      "loadFactor": 8
    },
    {
      "id": 6917,
      "pickupLocation": {
        "hash": "u1q52c",
        "latitude": 52.609453,
        "longitude": 8.480184
      },
      "deliveryLocation": {
        "hash": "u1hukt",
        "latitude": 51.4019224,
        "longitude": 6.8786632
      },
      "loadFactor": 8
    },
    {
      "id": 637,
      "pickupLocation": {
        "hash": "u0fntc",
        "latitude": 50.370368,
        "longitude": 3.076138
      },
      "deliveryLocation": {
        "hash": "u0vtdf",
        "latitude": 50.198509,
        "longitude": 7.857818
      },
      "loadFactor": 8
    },
    {
      "id": 10914,
      "pickupLocation": {
        "hash": "u0wqdb",
        "latitude": 48.955734,
        "longitude": 8.920005
      },
      "deliveryLocation": {
        "hash": "u0wvh2",
        "latitude": 48.6947706,
        "longitude": 9.6789554
      },
      "loadFactor": 6
    },
    {
      "id": 10490,
      "pickupLocation": {
        "hash": "u1mxsy",
        "latitude": 53.387024,
        "longitude": 7.952453
      },
      "deliveryLocation": {
        "hash": "u0v565",
        "latitude": 49.809978,
        "longitude": 7.125695
      },
      "loadFactor": 8
    }
  ]
}