{
  "vehicles": [
    {
      "id": 6546,
      "priceKm": 2.452171995883142,
      "startLocation": {
        "hash": "u0zr4n",
        "latitude": 50.48465434541206,
        "longitude": 10.286373512175894
      }
    },
    {
      "id": 4552,
      "priceKm": 2.9528561732927,
      "startLocation": {
        "hash": "u2cbu3",
        "latitude": 49.357179582449355,
        "longitude": 13.903241474799714
      }
    },
    {
      "id": 3421,
      "priceKm": 2.5664291351887987,
      "startLocation": {
        "hash": "u0w8bm",
        "latitude": 47.97607977904681,
        "longitude": 9.151737551673268
      }
    },
    {
      "id": 6869,
      "priceKm": 2.8036827151471346,
      "startLocation": {
        "hash": "u0v5tw",
        "latitude": 49.87098826218746,
        "longitude": 7.283508191780867
      }
    },
    {
      "id": 6566,
      "priceKm": 1.140273282618959,
      "startLocation": {
        "hash": "u38pbu",
        "latitude": 54.82252588087407,
        "longitude": 11.289123940397644
      }
    },
    {
      "id": 2246,
      "priceKm": 1.4801901196809777,
      "startLocation": {
        "hash": "u1qdm2",
        "latitude": 52.429108958234444,
        "longitude": 9.377175721111605
      }
    },
    {
      "id": 875,
      "priceKm": 1.6379389065075975,
      "startLocation": {
        "hash": "u1ve7q",
        "latitude": 55.451373629780846,
        "longitude": 7.887748027110964
      }
    }
  ],
  "orders": [
    {
      "id": 9170,
      "pickupLocation": {
        "hash": "u1huxx",
        "latitude": 51.455206,
        "longitude": 7.012273
      },
      "deliveryLocation": {
        "hash": "u1hg7h",
        "latitude": 51.2218333,
        "longitude": 6.8218705
      },
      "loadFactor": 7
    },
    {
      "id": 7829,
      "pickupLocation": {
        "hash": "u1mr3b",
        "latitude": 53.3106603,
        "longitude": 7.4671401
      },
      "deliveryLocation": {
        "hash": "u0mx19",
        "latitude": 47.6469386,
        "longitude": 7.8095222
      },
      "loadFactor": 6
    },
    {
      "id": 6895,
      "pickupLocation": {
        "hash": "u281z7",
        "latitude": 48.137272,
        "longitude": 11.575482
      },
      "deliveryLocation": {
        "hash": "u1nsmy",
        "latitude": 51.408161,
        "longitude": 9.402353
      },
      "loadFactor": 6
    },
    {
      "id": 9653,
      "pickupLocation": {
        "hash": "u1ngm0",
        "latitude": 51.2,
        "longitude": 9.71667
      },
      "deliveryLocation": {
        "hash": "u0v0wc",
        "latitude": 49.316997,
        "longitude": 7.33332
      },
      "loadFactor": 8
    },
    {
      "id": 4806,
      "pickupLocation": {
        "hash": "u1yv4m",
        "latitude": 55.7507,
        "longitude": 9.593335
      },
      "deliveryLocation": {
        "hash": "u31f22",
        "latitude": 51.0250514,
        "longitude": 13.7323769
      },
      "loadFactor": 8
    }
  ]
}