{
  "vehicles": [
    {
      "id": 6329,
      "priceKm": 1.7353444330008174,
      "startLocation": {
        "hash": "u0smvt",
        "latitude": 48.853934481853365,
        "longitude": 6.227053816657465
      }
    },
    {
      "id": 7021,
      "priceKm": 2.543469983843311,
      "startLocation": {
        "hash": "u1r1gu",
        "latitude": 52.361451578546266,
        "longitude": 10.013645174879478
      }
    },
    {
      "id": 5776,
      "priceKm": 1.411004522168647,
      "startLocation": {
        "hash": "u2bqby",
        "latitude": 50.43924247223398,
        "longitude": 11.637044725657072
      }
    },
    {
      "id": 6455,
      "priceKm": 2.4583873659770026,
      "startLocation": {
        "hash": "u30r09",
        "latitude": 51.863851957431045,
        "longitude": 11.625364763877924
      }
    },
    {
      "id": 7968,
      "priceKm": 1.3077761033292254,
      "startLocation": {
        "hash": "u0w4st",
        "latitude": 48.281096346255126,
        "longitude": 8.635540697248178
      }
    },
    {
      "id": 730,
      "priceKm": 1.9287848795003137,
      "startLocation": {
        "hash": "eze80d",
        "latitude": 42.19982043985425,
        "longitude": -6.30279015464353
      }
    },
    {
      "id": 5581,
      "priceKm": 2.1015498386241616,
      "startLocation": {
        "hash": "u0zrb2",
        "latitude": 50.58648639291876,
        "longitude": 10.209066437805852
      }
    }
  ],
  "orders": [
    {
      "id": 10728,
      "pickupLocation": {
        "hash": "u1r2em",
        "latitude": 52.148021,
        "longitude": 10.348964
      },
      "deliveryLocation": {
        "hash": "u1t8se",
        "latitude": 53.541987,
        "longitude": 7.942914
      },
      "loadFactor": 8
    },
    {
      "id": 460,
      "pickupLocation": {
        "hash": "u0f0nr",
        "latitude": 49.259963,
        "longitude": 3.090591
      },
      "deliveryLocation": {
        "hash": "u0fnmx",
        "latitude": 50.3564034,
        "longitude": 3.057251
      },
      "loadFactor": 4
    },
    {
      "id": 1301,
      "pickupLocation": {
        "hash": "u1mr3b",
        "latitude": 53.3106603,
        "longitude": 7.4671401
      },
      "deliveryLocation": {
        "hash": "u0ts3g",
        "latitude": 48.5761791,
        "longitude": 7.8192615
      },
      "loadFactor": 6
    },
    {
      "id": 7997,
      "pickupLocation": {
        "hash": "u28k82",
        "latitude": 48.605431,
        "longitude": 11.623412
      },
      "deliveryLocation": {
        "hash": "u281z7",
        "latitude": 48.137272,
        "longitude": 11.575482
      },
      "loadFactor": 7
    },
    {
      "id": 1106,
      "pickupLocation": {
        "hash": "u1m9r4",
        "latitude": 52.2667,
        "longitude": 8.05
      },
      "deliveryLocation": {
        "hash": "u0vqse",
        "latitude": 50.3793464,
        "longitude": 7.5838223
      },
      "loadFactor": 8
    }
  ]
}