{
  "vehicles": [
    {
      "id": 7986,
      "priceKm": 2.710943984461065,
      "startLocation": {
        "hash": "u385xc",
        "latitude": 54.06005005594147,
        "longitude": 11.60010491783331
      }
    },
    {
      "id": 7667,
      "priceKm": 2.4035059555850578,
      "startLocation": {
        "hash": "ezrydb",
        "latitude": 41.927067196272255,
        "longitude": -0.2257891218939995
      }
    },
    {
      "id": 1816,
      "priceKm": 2.0261166509377686,
      "startLocation": {
        "hash": "u0xmdb",
        "latitude": 48.781829874787555,
        "longitude": 10.326728344866822
      }
    },
    {
      "id": 5319,
      "priceKm": 1.6211983912249235,
      "startLocation": {
        "hash": "u1qyrj",
        "latitude": 53.15910655528686,
        "longitude": 9.807006627638822
      }
    },
    {
      "id": 1491,
      "priceKm": 1.5840396097734082,
      "startLocation": {
        "hash": "u0xyk7",
        "latitude": 48.93297456103921,
        "longitude": 11.092850836193605
      }
    },
    {
      "id": 8316,
      "priceKm": 1.1794598129129845,
      "startLocation": {
        "hash": "u1qx9q",
        "latitude": 53.38439850770674,
        "longitude": 9.201549892665364
      }
    },
    {
      "id": 9383,
      "priceKm": 1.5512752997304369,
      "startLocation": {
        "hash": "u1p079",
        "latitude": 50.67689160901759,
        "longitude": 10.00207025372595
      }
    }
  ],
  "orders": [
    {
      "id": 2467,
      "pickupLocation": {
        "hash": "u28k82",
        "latitude": 48.605431,
        "longitude": 11.623412
      },
      "deliveryLocation": {
        "hash": "u284s1",
        "latitude": 48.258832,
        "longitude": 11.433929
      },
      "loadFactor": 7
    },
    {
      "id": 3376,
      "pickupLocation": {
        "hash": "u2s1vq",
        "latitude": 48.153538,
        "longitude": 17.109671
      },
      "deliveryLocation": {
        "hash": "u2fkbn",
        "latitude": 50.087656,
        "longitude": 14.421213
      },
      "loadFactor": 9
    },
    {
      "id": 9017,
      "pickupLocation": {
        "hash": "u2s1vq",
        "latitude": 48.153538,
        "longitude": 17.109671
      },
      "deliveryLocation": {
        "hash": "u885fd",
        "latitude": 48.4871292,
        "longitude": 22.6150093
      },
      "loadFactor": 8
    },
    {
      "id": 9151,
      "pickupLocation": {
        "hash": "u1hu9e",
        "latitude": 51.433434,
        "longitude": 6.749769
      },
      "deliveryLocation": {
        "hash": "u30cj7",
        "latitude": 50.819903,
        "longitude": 12.539787
      },
      "loadFactor": 8
    },
    {
      "id": 3836,
      "pickupLocation": {
        "hash": "ezky9z",
        "latitude": 41.962737,
        "longitude": -4.488345
      },
      "deliveryLocation": {
        "hash": "spexrh",
        "latitude": 43.487234,
        "longitude": 5.23429
      },
      "loadFactor": 8
    }
  ]
}