{
  "vehicles": [
    {
      "id": 5865,
      "priceKm": 1.7237772961625561,
      "startLocation": {
        "hash": "u1mgsy",
        "latitude": 52.680715008902915,
        "longitude": 8.294938267419411
      }
    },
    {
      "id": 8940,
      "priceKm": 2.526545826836429,
      "startLocation": {
        "hash": "u1nj8k",
        "latitude": 51.617567646376116,
        "longitude": 8.457315407521154
      }
    },
    {
      "id": 259,
      "priceKm": 2.248128939270199,
      "startLocation": {
        "hash": "u0z7rk",
        "latitude": 49.81395502865979,
        "longitude": 10.51414276630288
      }
    },
    {
      "id": 1465,
      "priceKm": 1.5200151649017328,
      "startLocation": {
        "hash": "u2cqbx",
        "latitude": 50.44387900431213,
        "longitude": 13.037786964798341
      }
    },
    {
      "id": 8909,
      "priceKm": 1.624874766495307,
      "startLocation": {
        "hash": "u1t55r",
        "latitude": 54.007417818845006,
        "longitude": 7.178673209048389
      }
    },
    {
      "id": 9581,
      "priceKm": 1.6830606291098267,
      "startLocation": {
        "hash": "u28m5c",
        "latitude": 48.69874603125052,
        "longitude": 11.770333591776529
      }
    },
    {
      "id": 7878,
      "priceKm": 2.312659984241029,
      "startLocation": {
        "hash": "u0tuzd",
        "latitude": 48.659203432736106,
        "longitude": 8.41609268179017
      }
    }
  ],
  "orders": [
    {
      "id": 7638,
      "pickupLocation": {
        "hash": "u1mxsy",
        "latitude": 53.387024,
        "longitude": 7.952453
      },
      "deliveryLocation": {
        "hash": "u0uve3",
        "latitude": 50.196246,
        "longitude": 6.830503
      },
      "loadFactor": 7
    },
    {
      "id": 6944,
      "pickupLocation": {
        "hash": "u30cj7",
        "latitude": 50.819903,
        "longitude": 12.539787
      },
      "deliveryLocation": {
        "hash": "u0z573",
        "latitude": 49.7983368,
        "longitude": 9.9926862
      },
      "loadFactor": 7
    },
    {
      "id": 537,
      "pickupLocation": {
        "hash": "u28k82",
        "latitude": 48.605431,
        "longitude": 11.623412
      },
      "deliveryLocation": {
        "hash": "u0ryht",
        "latitude": 47.493781,
        "longitude": 11.104039
      },
      "loadFactor": 8
    },
    {
      "id": 1272,
      "pickupLocation": {
        "hash": "u0wqdb",
        "latitude": 48.955734,
        "longitude": 8.920005
      },
      "deliveryLocation": {
        "hash": "u0xjvd",
        "latitude": 48.838877,
        "longitude": 10.095376
      },
      "loadFactor": 4
    },
    {
      "id": 10888,
      "pickupLocation": {
        "hash": "u1rdk3",
        "latitude": 52.435841,
        "longitude": 10.742137
      },
      "deliveryLocation": {
        "hash": "u1m9r4",
        "latitude": 52.2667007,
        "longitude": 8.0500002
      },
      "loadFactor": 7
    }
  ]
}