{
  "vehicles": [
    {
      "id": 8547,
      "priceKm": 2.0176599543789258,
      "startLocation": {
        "hash": "u15fzr",
        "latitude": 51.14720701725941,
        "longitude": 5.5969370558766185
      }
    },
    {
      "id": 4612,
      "priceKm": 2.163122208484258,
      "startLocation": {
        "hash": "u2bhd8",
        "latitude": 50.010325012706325,
        "longitude": 11.366745219745846
      }
    },
    {
      "id": 3761,
      "priceKm": 2.7880050062643607,
      "startLocation": {
        "hash": "u0qhxx",
        "latitude": 47.23890109096023,
        "longitude": 8.769033587194203
      }
    },
    {
      "id": 8905,
      "priceKm": 1.6291485878821406,
      "startLocation": {
        "hash": "u1v3h4",
        "latitude": 55.03252683989124,
        "longitude": 7.567291628861373
      }
    },
    {
      "id": 214,
      "priceKm": 2.4854730102553724,
      "startLocation": {
        "hash": "u0y47w",
        "latitude": 49.65042706853372,
        "longitude": 8.597043873978574
      }
    },
    {
      "id": 7970,
      "priceKm": 1.4549657967899572,
      "startLocation": {
        "hash": "u0cx4x",
        "latitude": 50.48870399770387,
        "longitude": 2.2287339551051413
      }
    },
    {
      "id": 4573,
      "priceKm": 2.156216109053737,
      "startLocation": {
        "hash": "u1qr6t",
        "latitude": 53.338221865614244,
        "longitude": 8.903236731605174
      }
    }
  ],
  "orders": [
    {
      "id": 5708,
      "pickupLocation": {
        "hash": "u0f0nr",
        "latitude": 49.259963,
        "longitude": 3.090591
      },
      "deliveryLocation": {
        "hash": "u09t9b",
        "latitude": 48.7826195,
        "longitude": 2.190608
      },
      "loadFactor": 9
    },
    {
      "id": 10937,
      "pickupLocation": {
        "hash": "u0zchs",
        "latitude": 49.419392,
        "longitude": 11.098348
      },
      "deliveryLocation": {
        "hash": "u29pbp",
        "latitude": 49.2178192,
        "longitude": 12.6663828
      },
      "loadFactor": 2
    },
    {
      "id": 7731,
      "pickupLocation": {
        "hash": "u30cdb",
        "latitude": 50.889108,
        "longitude": 12.431532
      },
      "deliveryLocation": {
        "hash": "u0tddp",
        "latitude": 48.295226,
        "longitude": 7.823876
      },
      "loadFactor": 6
    },
    {
      "id": 3539,
      "pickupLocation": {
        "hash": "u30bs3",
        "latitude": 50.718504,
        "longitude": 12.493927
      },
      "deliveryLocation": {
        "hash": "u1rd5r",
        "latitude": 52.42373,
        "longitude": 10.69592
      },
      "loadFactor": 7
    },
    {
      "id": 4786,
      "pickupLocation": {
        "hash": "u0wqdb",
        "latitude": 48.955734,
        "longitude": 8.920005
      },
      "deliveryLocation": {
        "hash": "u0wx9f",
        "latitude": 49.142291,
        "longitude": 9.218655
      },
      "loadFactor": 7
    }
  ]
}