{
  "vehicles": [
    {
      "id": 2034,
      "priceKm": 1.4057062104368856,
      "startLocation": {
        "hash": "u0vxye",
        "latitude": 50.59757539979233,
        "longitude": 8.022416657373203
      }
    },
    {
      "id": 2749,
      "priceKm": 1.276776949019296,
      "startLocation": {
        "hash": "u0s8z7",
        "latitude": 47.965516058290895,
        "longitude": 6.647420681074729
      }
    },
    {
      "id": 3104,
      "priceKm": 1.254145835708818,
      "startLocation": {
        "hash": "u607tv",
        "latitude": 56.897659045225865,
        "longitude": 11.855567681479132
      }
    },
    {
      "id": 1778,
      "priceKm": 2.273800333539812,
      "startLocation": {
        "hash": "u1w4u8",
        "latitude": 53.92296171335157,
        "longitude": 8.637683120057709
      }
    },
    {
      "id": 715,
      "priceKm": 2.7475140558394258,
      "startLocation": {
        "hash": "u1jzg8",
        "latitude": 51.99145425452698,
        "longitude": 8.24433056475711
      }
    },
    {
      "id": 49,
      "priceKm": 1.691332356944549,
      "startLocation": {
        "hash": "u2ch93",
        "latitude": 50.018851840165745,
        "longitude": 12.714718493095644
      }
    },
    {
      "id": 9035,
      "priceKm": 1.2598359843386326,
      "startLocation": {
        "hash": "u1n5zw",
        "latitude": 51.318171942983255,
        "longitude": 8.777854145929792
      }
    }
  ],
  "orders": [
    {
      "id": 577,
      "pickupLocation": {
        "hash": "u1yv4m",
        "latitude": 55.7507,
        "longitude": 9.593335
      },
      "deliveryLocation": {
        "hash": "sxfscc",
        "latitude": 44.4361382,
        "longitude": 26.1027431
      },
      "loadFactor": 5
    },
    {
      "id": 2353,
      "pickupLocation": {
        "hash": "u1huxx",
        "latitude": 51.455206,
        "longitude": 7.012273
      },
      "deliveryLocation": {
        "hash": "u1hgw6",
        "latitude": 51.25441,
        "longitude": 6.95678
      },
      "loadFactor": 6
    },
    {
      "id": 8685,
      "pickupLocation": {
        "hash": "u2c0s2",
        "latitude": 49.308084,
        "longitude": 12.845029
      },
      "deliveryLocation": {
        "hash": "u0zc5t",
        "latitude": 49.4272262,
        "longitude": 11.0581612
      },
      "loadFactor": 8
    },
    {
      "id": 7797,
      "pickupLocation": {
        "hash": "u0f0nr",
        "latitude": 49.259963,
        "longitude": 3.090591
      },
      "deliveryLocation": {
        "hash": "spsxen",
        "latitude": 43.5398445,
        "longitude": 6.46558
      },
      "loadFactor": 7
    },
    {
      "id": 45,
      "pickupLocation": {
        "hash": "u1qcvw",
        "latitude": 52.374481,
        "longitude": 9.738563
      },
      "deliveryLocation": {
        "hash": "u0zck4",
        "latitude": 49.45385,
        "longitude": 11.077324
      },
      "loadFactor": 4
    }
  ]
}