{
  "vehicles": [
    {
      "id": 3163,
      "priceKm": 1.9018911408822,
      "startLocation": {
        "hash": "u34qcc",
        "latitude": 51.8199096182152,
        "longitude": 14.496862419044142
      }
    },
    {
      "id": 3255,
      "priceKm": 2.8450308231265673,
      "startLocation": {
        "hash": "u2esvp",
        "latitude": 48.68658059039455,
        "longitude": 16.400857497841844
      }
    },
    {
      "id": 5108,
      "priceKm": 1.9834357910754328,
      "startLocation": {
        "hash": "u1nvqf",
        "latitude": 51.564229437296596,
        "longitude": 9.789388580666852
      }
    },
    {
      "id": 4150,
      "priceKm": 1.066878075652715,
      "startLocation": {
        "hash": "u22v8x",
        "latitude": 47.414437556540996,
        "longitude": 12.335132939835589
      }
    },
    {
      "id": 5586,
      "priceKm": 2.916496510747599,
      "startLocation": {
        "hash": "u2kue3",
        "latitude": 47.204207352917884,
        "longitude": 18.08298014063214
      }
    },
    {
      "id": 964,
      "priceKm": 2.1493792371796543,
      "startLocation": {
        "hash": "u1sqp6",
        "latitude": 54.5066992069764,
        "longitude": 6.300366214267076
      }
    },
    {
      "id": 4719,
      "priceKm": 1.7303318774151784,
      "startLocation": {
        "hash": "u280h9",
        "latitude": 47.820604243435085,
        "longitude": 11.4541817597479
      }
    }
  ],
  "orders": [
    {
      "id": 4836,
      "pickupLocation": {
        "hash": "u1yv4m",
        "latitude": 55.7507,
        "longitude": 9.593335
      },
      "deliveryLocation": {
        "hash": "u1rzyq",
        "latitude": 53.4287483,
        "longitude": 11.1837361
      },
      "loadFactor": 8
    },
    {
      "id": 3298,
      "pickupLocation": {
        "hash": "u1yv4m",
        "latitude": 55.7507,
        "longitude": 9.593335
      },
      "deliveryLocation": {
        "hash": "u15f35",
        "latitude": 51.0412009,
        "longitude": 5.3257466
      },
      "loadFactor": 8
    },
    {
      "id": 153,
      "pickupLocation": {
        "hash": "u1mpeg",
        "latitude": 53.36696,
        "longitude": 7.20595
      },
      "deliveryLocation": {
        "hash": "u1rdjq",
        "latitude": 52.420559,
        "longitude": 10.786168
      },
      "loadFactor": 7
    },
    {
      "id": 6222,
      "pickupLocation": {
        "hash": "u09y0z",
        "latitude": 48.908299,
        "longitude": 2.5035
      },
      "deliveryLocation": {
        "hash": "u0b1dd",
        "latitude": 49.493757,
        "longitude": 0.120504
      },
      "loadFactor": 7
    },
    {
      "id": 6088,
      "pickupLocation": {
        "hash": "u28k82",
        "latitude": 48.605431,
        "longitude": 11.623412
      },
      "deliveryLocation": {
        "hash": "u284x7",
        "latitude": 48.273069,
        "longitude": 11.570272
      },
      "loadFactor": 8
    }
  ]
}