{
  "vehicles": [
    {
      "id": 8004,
      "priceKm": 2.5128591539084955,
      "startLocation": {
        "hash": "u2fx4j",
        "latitude": 50.48138953512414,
        "longitude": 14.862286511818922
      }
    },
    {
      "id": 9714,
      "priceKm": 1.173618795999246,
      "startLocation": {
        "hash": "u34k86",
        "latitude": 51.432445181846276,
        "longitude": 14.428151204006166
      }
    },
    {
      "id": 4178,
      "priceKm": 2.070809891394319,
      "startLocation": {
        "hash": "u1subm",
        "latitude": 54.30090426738816,
        "longitude": 6.6930365493143125
      }
    },
    {
      "id": 6636,
      "priceKm": 2.464784152420333,
      "startLocation": {
        "hash": "u1m7b3",
        "latitude": 52.6980863070468,
        "longitude": 7.395300156268815
      }
    },
    {
      "id": 365,
      "priceKm": 2.7185672844407858,
      "startLocation": {
        "hash": "u332c3",
        "latitude": 52.16917807977607,
        "longitude": 13.0723782346738
      }
    },
    {
      "id": 1903,
      "priceKm": 1.6567563382936181,
      "startLocation": {
        "hash": "u0qqwn",
        "latitude": 47.583815506942344,
        "longitude": 9.06300754374421
      }
    },
    {
      "id": 859,
      "priceKm": 1.9276077834129786,
      "startLocation": {
        "hash": "u1jn20",
        "latitude": 51.72702813958284,
        "longitude": 7.037738437331223
      }
    }
  ],
  "orders": [
    {
      "id": 6773,
      "pickupLocation": {
        "hash": "u0wqdb",
        "latitude": 48.955734,
        "longitude": 8.920005
      },
      "deliveryLocation": {
        "hash": "u0wwqw",
        "latitude": 48.9471455,
        "longitude": 9.4341813
      },
      "loadFactor": 7
    },
    {
      "id": 4447,
      "pickupLocation": {
        "hash": "u30cj7",
        "latitude": 50.819903,
        "longitude": 12.539787
      },
      "deliveryLocation": {
        "hash": "u0z560",
        "latitude": 49.79245,
        "longitude": 9.932966
      },
      "loadFactor": 7
    },
    {
      "id": 10884,
      "pickupLocation": {
        "hash": "spey61",
        "latitude": 43.294806,
        "longitude": 5.370816
      },
      "deliveryLocation": {
        "hash": "u0bu08",
        "latitude": 49.924618,
        "longitude": 1.079144
      },
      "loadFactor": 8
    },
    {
      "id": 7713,
      "pickupLocation": {
        "hash": "u0wqdb",
        "latitude": 48.955734,
        "longitude": 8.920005
      },
      "deliveryLocation": {
        "hash": "u0wzms",
        "latitude": 49.112397,
        "longitude": 9.736906
      },
      "loadFactor": 8
    },
    {
      "id": 484,
      "pickupLocation": {
        "hash": "u1yv4m",
        "latitude": 55.7507,
        "longitude": 9.593335
      },
      "deliveryLocation": {
        "hash": "u14639",
        "latitude": 51.0298878,
        "longitude": 3.2301692
      },
      "loadFactor": 8
    }
  ]
}