{
  "vehicles": [
    {
      "id": 7847,
      "priceKm": 2.10316622638493,
      "startLocation": {
        "hash": "u1uy1d",
        "latitude": 55.91490756935016,
        "longitude": 6.747915396885554
      }
    },
    {
      "id": 3780,
      "priceKm": 2.980097442063639,
      "startLocation": {
        "hash": "u2bfe6",
        "latitude": 49.66952601841907,
        "longitude": 12.450064215826613
      }
    },
    {
      "id": 5873,
      "priceKm": 2.0114265064356376,
      "startLocation": {
        "hash": "u2c9z7",
        "latitude": 49.54298018299742,
        "longitude": 13.68363246827857
      }
    },
    {
      "id": 497,
      "priceKm": 2.893809285805163,
      "startLocation": {
        "hash": "u302ww",
        "latitude": 50.746058509074594,
        "longitude": 11.890257924830657
      }
    },
    {
      "id": 4134,
      "priceKm": 2.074823977023078,
      "startLocation": {
        "hash": "u1nh4z",
        "latitude": 51.36953895584948,
        "longitude": 8.568636430678797
      }
    },
    {
      "id": 5727,
      "priceKm": 2.413232907345546,
      "startLocation": {
        "hash": "u1ntuz",
        "latitude": 51.678533169722726,
        "longitude": 9.350570960150948
      }
    },
    {
      "id": 9059,
      "priceKm": 1.0453349099430944,
      "startLocation": {
        "hash": "u15q93",
        "latitude": 51.77810088255172,
        "longitude": 4.6301730855909025
      }
    }
  ],
  "orders": [
    {
      "id": 5838,
      "pickupLocation": {
        "hash": "u1ye7g",
        "latitude": 55.436921,
        "longitude": 9.3126331
      },
      "deliveryLocation": {
        "hash": "u17bm2",
        "latitude": 52.0776043,
        "longitude": 5.5043816
      },
      "loadFactor": 7
    },
    {
      "id": 8617,
      "pickupLocation": {
        "hash": "u32203",
        "latitude": 52.039425,
        "longitude": 11.613103
      },
      "deliveryLocation": {
        "hash": "u0uumh",
        "latitude": 49.9899011,
        "longitude": 6.9051139
      },
      "loadFactor": 7
    },
    {
      "id": 6438,
      "pickupLocation": {
        "hash": "u0wqdb",
        "latitude": 48.955734,
        "longitude": 8.920005
      },
      "deliveryLocation": {
        "hash": "u0wv0u",
        "latitude": 48.714906,
        "longitude": 9.525919
      },
      "loadFactor": 6
    },
    {
      "id": 6456,
      "pickupLocation": {
        "hash": "u0wqdb",
        "latitude": 48.955734,
        "longitude": 8.920005
      },
      "deliveryLocation": {
        "hash": "u0xjv2",
        "latitude": 48.8275424,
        "longitude": 10.0785846
      },
      "loadFactor": 6
    },
    {
      "id": 10065,
      "pickupLocation": {
        "hash": "u1mpd8",
        "latitude": 53.351613,
        "longitude": 7.147359
      },
      "deliveryLocation": {
        "hash": "u0gphf",
        "latitude": 50.4653854,
        "longitude": 4.4301758
      },
      "loadFactor": 6
    }
  ]
}