{
  "vehicles": [
    {
      "id": 3859,
      "priceKm": 1.6016868626285492,
      "startLocation": {
        "hash": "u23q7s",
        "latitude": 47.531334393678485,
        "longitude": 13.172068045051697
      }
    },
    {
      "id": 6814,
      "priceKm": 2.074442942377703,
      "startLocation": {
        "hash": "u4n3h5",
        "latitude": 56.44613930379748,
        "longitude": 8.967737063638904
      }
    },
    {
      "id": 4560,
      "priceKm": 1.6780904079208203,
      "startLocation": {
        "hash": "u1pd3x",
        "latitude": 51.05913423704258,
        "longitude": 10.621698905800805
      }
    }
  ],
  "orders": [
    {
      "id": 7226,
      "pickupLocation": {
        "hash": "u0zchs",
        "latitude": 49.419392,
        "longitude": 11.098348
      },
      "deliveryLocation": {
        "hash": "u0zej1",
        "latitude": 49.7538872,
        "longitude": 10.7756863
      },
      "loadFactor": 8
    },
    {
      "id": 4022,
      "pickupLocation": {
        "hash": "u2c0s2",
        "latitude": 49.308084,
        "longitude": 12.845029
      },
      "deliveryLocation": {
        "hash": "u28wp2",
        "latitude": 48.8719444,
        "longitude": 12.2738889
      },
      "loadFactor": 6
    },
    {
      "id": 5217,
      "pickupLocation": {
        "hash": "u32203",
        "latitude": 52.039425,
        "longitude": 11.613103
      },
      "deliveryLocation": {
        "hash": "u0w1us",
        "latitude": 48.146728,
        "longitude": 8.6373203
      },
      "loadFactor": 8
    },
    {
      "id": 5441,
      "pickupLocation": {
        "hash": "u1r2em",
        "latitude": 52.148021,
        "longitude": 10.348964
      },
      "deliveryLocation": {
        "hash": "u1mff3",
        "latitude": 52.522249,
        "longitude": 8.195311
      },
      "loadFactor": 4
    },
    {
      "id": 1247,
      "pickupLocation": {
        "hash": "u0wqdb",
        "latitude": 48.955734,
        "longitude": 8.920005
      },
      "deliveryLocation": {
        "hash": "u0z06y",
        "latitude": 49.2979698,
        "longitude": 9.9749527
      },
      "loadFactor": 9
    },
    {
      "id": 5947,
      "pickupLocation": {
        "hash": "u0wqdb",
        "latitude": 48.955734,
        "longitude": 8.920005
      },
      "deliveryLocation": {
        "hash": "u0wv5b",
        "latitude": 48.6945075,
        "longitude": 9.6660442
      },
      "loadFactor": 7
    }
  ]
}