{
  "vehicles": [
    {
      "id": 8101,
      "priceKm": 2.634120597373541,
      "startLocation": {
        "hash": "u1qnyg",
        "latitude": 53.23456614026024,
        "longitude": 8.74241978182061
      }
    },
    {
      "id": 3412,
      "priceKm": 1.6747881498353554,
      "startLocation": {
        "hash": "u0tb9y",
        "latitude": 47.934497452431295,
        "longitude": 8.16804491246562
      }
    },
    {
      "id": 2043,
      "priceKm": 2.2848405055280416,
      "startLocation": {
        "hash": "u1p1gd",
        "latitude": 50.948990762242666,
        "longitude": 9.999969184133928
      }
    }
  ],
  "orders": [
    {
      "id": 4237,
      "pickupLocation": {
        "hash": "u1mpd8",
        "latitude": 53.351613,
        "longitude": 7.147359
      },
      "deliveryLocation": {
        "hash": "u1x0es",
        "latitude": 53.550341,
        "longitude": 10.000654
      },
      "loadFactor": 6
    },
    {
      "id": 7081,
      "pickupLocation": {
        "hash": "u28hgt",
        "latitude": 48.677765,
        "longitude": 11.411769
      },
      "deliveryLocation": {
        "hash": "u1x0es",
        "latitude": 53.550341,
        "longitude": 10.000654
      },
      "loadFactor": 8
    },
    {
      "id": 4047,
      "pickupLocation": {
        "hash": "u14k10",
        "latitude": 51.331438,
        "longitude": 3.208329
      },
      "deliveryLocation": {
        "hash": "u0gnvh",
        "latitude": 50.431853,
        "longitude": 4.448942
      },
      "loadFactor": 7
    },
    {
      "id": 2730,
      "pickupLocation": {
        "hash": "u2kx33",
        "latitude": 47.687611,
        "longitude": 17.634682
      },
      "deliveryLocation": {
        "hash": "u0v16t",
        "latitude": 49.4691827,
        "longitude": 7.1468539
      },
      "loadFactor": 8
    },
    {
      "id": 3406,
      "pickupLocation": {
        "hash": "u30cj7",
        "latitude": 50.8199043,
        "longitude": 12.5397873
      },
      "deliveryLocation": {
        "hash": "u1he4x",
        "latitude": 51.1911469,
        "longitude": 6.4417081
      },
      "loadFactor": 4
    },
    {
      "id": 2136,
      "pickupLocation": {
        "hash": "u30cdb",
        "latitude": 50.889108,
        "longitude": 12.431532
      },
      "deliveryLocation": {
        "hash": "u0tytz",
        "latitude": 48.996549,
        "longitude": 8.3466619
      },
      "loadFactor": 9
    }
  ]
}