{
  "vehicles": [
    {
      "id": 2836,
      "priceKm": 2.428259309114903,
      "startLocation": {
        "hash": "u0rqht",
        "latitude": 47.49255264692899,
        "longitude": 10.395567232370176
      }
    },
    {
      "id": 7569,
      "priceKm": 2.8247686305036304,
      "startLocation": {
        "hash": "u0xy8u",
        "latitude": 48.98127345060893,
        "longitude": 10.93536922911834
      }
    },
    {
      "id": 1775,
      "priceKm": 1.1452875456983398,
      "startLocation": {
        "hash": "u0sfvg",
        "latitude": 48.31748775472882,
        "longitude": 6.937231244880141
      }
    }
  ],
  "orders": [
    {
      "id": 6871,
      "pickupLocation": {
        "hash": "u0wqdb",
        "latitude": 48.955734,
        "longitude": 8.920005
      },
      "deliveryLocation": {
        "hash": "u0wk68",
        "latitude": 48.5646203,
        "longitude": 8.9026083
      },
      "loadFactor": 6
    },
    {
      "id": 6658,
      "pickupLocation": {
        "hash": "u1mxsy",
        "latitude": 53.387024,
        "longitude": 7.952453
      },
      "deliveryLocation": {
        "hash": "u1hsj3",
        "latitude": 51.334037,
        "longitude": 6.55925
      },
      "loadFactor": 8
    },
    {
      "id": 9925,
      "pickupLocation": {
        "hash": "u0wqdb",
        "latitude": 48.955734,
        "longitude": 8.920005
      },
      "deliveryLocation": {
        "hash": "u0wwqu",
        "latitude": 48.9357136,
        "longitude": 9.447632
      },
      "loadFactor": 8
    },
    {
      "id": 5584,
      "pickupLocation": {
        "hash": "u2c0s2",
        "latitude": 49.308084,
        "longitude": 12.845029
      },
      "deliveryLocation": {
        "hash": "u0zfg8",
        "latitude": 49.7055719,
        "longitude": 11.0608078
      },
      "loadFactor": 8
    },
    {
      "id": 1204,
      "pickupLocation": {
        "hash": "ezpc9x",
        "latitude": 39.679171,
        "longitude": -0.277415
      },
      "deliveryLocation": {
        "hash": "u02mw9",
        "latitude": 47.3814,
        "longitude": 0.637919
      },
      "loadFactor": 9
    },
    {
      "id": 6869,
      "pickupLocation": {
        "hash": "u1r2em",
        "latitude": 52.148021,
        "longitude": 10.348964
      },
      "deliveryLocation": {
        "hash": "u1mff3",
        "latitude": 52.522249,
        "longitude": 8.195311
      },
      "loadFactor": 6
    }
  ]
}