{
  "vehicles": [
    {
      "id": 7702,
      "priceKm": 1.4338258670525723,
      "startLocation": {
        "hash": "u17zxh",
        "latitude": 53.372812676316954,
        "longitude": 5.5821619702756795
      }
    },
    {
      "id": 8401,
      "priceKm": 1.8103925597727681,
      "startLocation": {
        "hash": "u0zn37",
        "latitude": 50.33879110506405,
        "longitude": 9.906964183088945
      }
    },
    {
      "id": 7859,
      "priceKm": 1.4207988516052814,
      "startLocation": {
        "hash": "u4pcf3",
        "latitude": 56.566246073222466,
        "longitude": 11.003039096104152
      }
    }
  ],
  "orders": [
    {
      "id": 3203,
      "pickupLocation": {
        "hash": "u33db8",
        "latitude": 52.51704,
        "longitude": 13.388855
      },
      "deliveryLocation": {
        "hash": "u1x0es",
        "latitude": 53.550341,
        "longitude": 10.000654
      },
      "loadFactor": 5
    },
    {
      "id": 10277,
      "pickupLocation": {
        "hash": "u2c0s2",
        "latitude": 49.308084,
        "longitude": 12.845029
      },
      "deliveryLocation": {
        "hash": "u2bk8r",
        "latitude": 50.0534328,
        "longitude": 11.6156574
      },
      "loadFactor": 8
    },
    {
      "id": 2914,
      "pickupLocation": {
        "hash": "u28k82",
        "latitude": 48.605431,
        "longitude": 11.623412
      },
      "deliveryLocation": {
        "hash": "u0xvq2",
        "latitude": 48.737195,
        "longitude": 11.179527
      },
      "loadFactor": 8
    },
    {
      "id": 8862,
      "pickupLocation": {
        "hash": "u28jkj",
        "latitude": 48.765933,
        "longitude": 11.431703
      },
      "deliveryLocation": {
        "hash": "ezzxst",
        "latitude": 44.9445,
        "longitude": -0.498033
      },
      "loadFactor": 7
    },
    {
      "id": 5171,
      "pickupLocation": {
        "hash": "u1huxx",
        "latitude": 51.455206,
        "longitude": 7.012273
      },
      "deliveryLocation": {
        "hash": "u1hswq",
        "latitude": 51.4529703,
        "longitude": 6.6088597
      },
      "loadFactor": 2
    },
    {
      "id": 8164,
      "pickupLocation": {
        "hash": "u0fvcp",
        "latitude": 50.26983,
        "longitude": 3.915832
      },
      "deliveryLocation": {
        "hash": "u05mhw",
        "latitude": 45.9143,
        "longitude": 4.77378
      },
      "loadFactor": 8
    }
  ]
}