{
  "vehicles": [
    {
      "id": 727,
      "priceKm": 2.4417712770826334,
      "startLocation": {
        "hash": "u9g3tf",
        "latitude": 55.12331903169527,
        "longitude": 27.327731587590897
      }
    },
    {
      "id": 499,
      "priceKm": 1.9510789064681362,
      "startLocation": {
        "hash": "u0rpz7",
        "latitude": 47.78775105728968,
        "longitude": 10.169625296248311
      }
    },
    {
      "id": 1105,
      "priceKm": 2.2437119961846035,
      "startLocation": {
        "hash": "u094cx",
        "latitude": 48.33493968236107,
        "longitude": 1.474397316879533
      }
    }
  ],
  "orders": [
    {
      "id": 9957,
      "pickupLocation": {
        "hash": "u28k82",
        "latitude": 48.605431,
        "longitude": 11.623412
      },
      "deliveryLocation": {
        "hash": "u0xmyt",
        "latitude": 48.851658,
        "longitude": 10.488587
      },
      "loadFactor": 2
    },
    {
      "id": 1752,
      "pickupLocation": {
        "hash": "u30u9s",
        "latitude": 51.439009,
        "longitude": 12.371469
      },
      "deliveryLocation": {
        "hash": "u0z562",
        "latitude": 49.7913044,
        "longitude": 9.9533548
      },
      "loadFactor": 8
    },
    {
      "id": 11162,
      "pickupLocation": {
        "hash": "u1mxsy",
        "latitude": 53.387024,
        "longitude": 7.952453
      },
      "deliveryLocation": {
        "hash": "u304q0",
        "latitude": 51.021987,
        "longitude": 11.514185
      },
      "loadFactor": 8
    },
    {
      "id": 1594,
      "pickupLocation": {
        "hash": "spd533",
        "latitude": 42.768357,
        "longitude": 2.870928
      },
      "deliveryLocation": {
        "hash": "gbpnqc",
        "latitude": 46.1049652,
        "longitude": -1.1093349
      },
      "loadFactor": 8
    },
    {
      "id": 4303,
      "pickupLocation": {
        "hash": "u30u9u",
        "latitude": 51.4405756,
        "longitude": 12.3825795
      },
      "deliveryLocation": {
        "hash": "u0z54c",
        "latitude": 49.7568252,
        "longitude": 9.9675466
      },
      "loadFactor": 10
    },
    {
      "id": 1587,
      "pickupLocation": {
        "hash": "u1rdk3",
        "latitude": 52.435841,
        "longitude": 10.742137
      },
      "deliveryLocation": {
        "hash": "u2fhgq",
        "latitude": 50.0888786,
        "longitude": 14.2125654
      },
      "loadFactor": 7
    }
  ]
}