{
  "vehicles": [
    {
      "id": 3166,
      "priceKm": 2.1247107214903704,
      "startLocation": {
        "hash": "u4p8ey",
        "latitude": 56.37528815845546,
        "longitude": 10.712930106475884
      }
    },
    {
      "id": 9651,
      "priceKm": 2.814349122290618,
      "startLocation": {
        "hash": "u1r0f9",
        "latitude": 52.17296958148323,
        "longitude": 9.963839001106159
      }
    },
    {
      "id": 795,
      "priceKm": 1.869492423897934,
      "startLocation": {
        "hash": "u0zr20",
        "latitude": 50.49327462089408,
        "longitude": 10.205244047894151
      }
    }
  ],
  "orders": [
    {
      "id": 2367,
      "pickupLocation": {
        "hash": "u14k10",
        "latitude": 51.331438,
        "longitude": 3.208329
      },
      "deliveryLocation": {
        "hash": "u143pn",
        "latitude": 50.837635,
        "longitude": 3.477484
      },
      "loadFactor": 8
    },
    {
      "id": 2822,
      "pickupLocation": {
        "hash": "u2c0s2",
        "latitude": 49.308084,
        "longitude": 12.845029
      },
      "deliveryLocation": {
        "hash": "u2bs7q",
        "latitude": 50.0041472,
        "longitude": 12.0973053
      },
      "loadFactor": 8
    },
    {
      "id": 9573,
      "pickupLocation": {
        "hash": "u0b1x4",
        "latitude": 49.496622,
        "longitude": 0.316745
      },
      "deliveryLocation": {
        "hash": "u05fp4",
        "latitude": 45.362713,
        "longitude": 5.591349
      },
      "loadFactor": 3
    },
    {
      "id": 9378,
      "pickupLocation": {
        "hash": "u0zchs",
        "latitude": 49.419392,
        "longitude": 11.098348
      },
      "deliveryLocation": {
        "hash": "u297qg",
        "latitude": 48.4012146,
        "longitude": 13.3107462
      },
      "loadFactor": 7
    },
    {
      "id": 4821,
      "pickupLocation": {
        "hash": "u1mxsy",
        "latitude": 53.387024,
        "longitude": 7.952453
      },
      "deliveryLocation": {
        "hash": "u1jf5f",
        "latitude": 50.989116,
        "longitude": 8.256128
      },
      "loadFactor": 8
    },
    {
      "id": 6724,
      "pickupLocation": {
        "hash": "u1rdjq",
        "latitude": 52.420559,
        "longitude": 10.786168
      },
      "deliveryLocation": {
        "hash": "u0y5sz",
        "latitude": 49.872775,
        "longitude": 8.651178
      },
      "loadFactor": 7
    }
  ]
}