{
  "vehicles": [
    {
      "id": 922,
      "priceKm": 2.847782541331658,
      "startLocation": {
        "hash": "u1q5d2",
        "latitude": 52.647998844672344,
        "longitude": 8.545739222389923
      }
    },
    {
      "id": 4411,
      "priceKm": 1.1033428253740372,
      "startLocation": {
        "hash": "u2922y",
        "latitude": 47.89135191971907,
        "longitude": 13.041533226672291
      }
    },
    {
      "id": 5234,
      "priceKm": 2.332756421593142,
      "startLocation": {
        "hash": "u0my7s",
        "latitude": 47.52934902511163,
        "longitude": 8.241487614132648
      }
    }
  ],
  "orders": [
    {
      "id": 9086,
      "pickupLocation": {
        "hash": "u0zchs",
        "latitude": 49.419392,
        "longitude": 11.098348
      },
      "deliveryLocation": {
        "hash": "u2bjcc",
        "latitude": 50.2397842,
        "longitude": 11.3277674
      },
      "loadFactor": 9
    },
    {
      "id": 9918,
      "pickupLocation": {
        "hash": "u1mr3b",
        "latitude": 53.3106603,
        "longitude": 7.4671401
      },
      "deliveryLocation": {
        "hash": "u0vqfm",
        "latitude": 50.4349704,
        "longitude": 7.4855614
      },
      "loadFactor": 9
    },
    {
      "id": 7650,
      "pickupLocation": {
        "hash": "u2c0s2",
        "latitude": 49.308084,
        "longitude": 12.845029
      },
      "deliveryLocation": {
        "hash": "u2877f",
        "latitude": 48.3964737,
        "longitude": 11.7706861
      },
      "loadFactor": 8
    },
    {
      "id": 6085,
      "pickupLocation": {
        "hash": "u1qcvw",
        "latitude": 52.374481,
        "longitude": 9.738563
      },
      "deliveryLocation": {
        "hash": "u1rdhn",
        "latitude": 52.4206543,
        "longitude": 10.7231331
      },
      "loadFactor": 4
    },
    {
      "id": 6176,
      "pickupLocation": {
        "hash": "u1mxsy",
        "latitude": 53.387024,
        "longitude": 7.952453
      },
      "deliveryLocation": {
        "hash": "u0zqnj",
        "latitude": 50.301952,
        "longitude": 10.469355
      },
      "loadFactor": 8
    },
    {
      "id": 6780,
      "pickupLocation": {
        "hash": "u0wqdb",
        "latitude": 48.955734,
        "longitude": 8.920005
      },
      "deliveryLocation": {
        "hash": "u0y2ng",
        "latitude": 49.2375623,
        "longitude": 9.0877793
      },
      "loadFactor": 8
    }
  ]
}