{
  "vehicles": [
    {
      "id": 63,
      "priceKm": 2.1408733597305183,
      "startLocation": {
        "hash": "u1mc8g",
        "latitude": 52.31502063255671,
        "longitude": 8.12529852064125
      }
    },
    {
      "id": 7560,
      "priceKm": 2.581340159753407,
      "startLocation": {
        "hash": "u1kg8x",
        "latitude": 52.68900017428961,
        "longitude": 6.71086730253332
      }
    },
    {
      "id": 5085,
      "priceKm": 2.189008636823563,
      "startLocation": {
        "hash": "u157un",
        "latitude": 51.3219238315824,
        "longitude": 4.747766281741539
      }
    }
  ],
  "orders": [
    {
      "id": 3692,
      "pickupLocation": {
        "hash": "u1hu9e",
        "latitude": 51.433434,
        "longitude": 6.749769
      },
      "deliveryLocation": {
        "hash": "u3618r",
        "latitude": 52.3353686,
        "longitude": 14.0737729
      },
      "loadFactor": 8
    },
    {
      "id": 10686,
      "pickupLocation": {
        "hash": "u14k10",
        "latitude": 51.331438,
        "longitude": 3.208329
      },
      "deliveryLocation": {
        "hash": "u33db8",
        "latitude": 52.51704,
        "longitude": 13.388855
      },
      "loadFactor": 3
    },
    {
      "id": 7223,
      "pickupLocation": {
        "hash": "u2kx33",
        "latitude": 47.687609,
        "longitude": 17.634682
      },
      "deliveryLocation": {
        "hash": "u1n54p",
        "latitude": 51.193085,
        "longitude": 8.533829
      },
      "loadFactor": 8
    },
    {
      "id": 10531,
      "pickupLocation": {
        "hash": "u1y5bd",
        "latitude": 55.516827,
        "longitude": 8.4691762
      },
      "deliveryLocation": {
        "hash": "u1mc24",
        "latitude": 52.26263,
        "longitude": 8.0928618
      },
      "loadFactor": 8
    },
    {
      "id": 7725,
      "pickupLocation": {
        "hash": "u1yv4m",
        "latitude": 55.7507,
        "longitude": 9.593335
      },
      "deliveryLocation": {
        "hash": "u1hptg",
        "latitude": 51.9619428,
        "longitude": 5.8864858
      },
      "loadFactor": 8
    },
    {
      "id": 2916,
      "pickupLocation": {
        "hash": "u1mxsy",
        "latitude": 53.387024,
        "longitude": 7.952453
      },
      "deliveryLocation": {
        "hash": "u317y7",
        "latitude": 51.304868,
        "longitude": 13.287096
      },
      "loadFactor": 8
    }
  ]
}