{
  "vehicles": [
    {
      "id": 9835,
      "priceKm": 1.6455525101803468,
      "startLocation": {
        "hash": "u2fne3",
        "latitude": 50.37221746290576,
        "longitude": 14.208793874649217
      }
    },
    {
      "id": 6125,
      "priceKm": 1.6423908657030453,
      "startLocation": {
        "hash": "u1t207",
        "latitude": 53.459238582532606,
        "longitude": 7.402996745414343
      }
    },
    {
      "id": 2112,
      "priceKm": 2.5464388160403257,
      "startLocation": {
        "hash": "u1scwe",
        "latitude": 53.722389817884334,
        "longitude": 6.976234568689907
      }
    }
  ],
  "orders": [
    {
      "id": 7065,
      "pickupLocation": {
        "hash": "u1mxsy",
        "latitude": 53.387024,
        "longitude": 7.952453
      },
      "deliveryLocation": {
        "hash": "u30e22",
        "latitude": 51.2,
        "longitude": 11.9667
      },
      "loadFactor": 8
    },
    {
      "id": 927,
      "pickupLocation": {
        "hash": "u28k82",
        "latitude": 48.605431,
        "longitude": 11.623412
      },
      "deliveryLocation": {
        "hash": "u0x9r7",
        "latitude": 48.051497,
        "longitude": 10.873773
      },
      "loadFactor": 6
    },
    {
      "id": 8011,
      "pickupLocation": {
        "hash": "u0wqdb",
        "latitude": 48.955734,
        "longitude": 8.920005
      },
      "deliveryLocation": {
        "hash": "u0ydpx",
        "latitude": 49.6101837,
        "longitude": 9.4732437
      },
      "loadFactor": 8
    },
    {
      "id": 8660,
      "pickupLocation": {
        "hash": "u1huxx",
        "latitude": 51.455206,
        "longitude": 7.012273
      },
      "deliveryLocation": {
        "hash": "u1j5dy",
        "latitude": 51.27621,
        "longitude": 7.15296
      },
      "loadFactor": 8
    },
    {
      "id": 10607,
      "pickupLocation": {
        "hash": "ezpc9x",
        "latitude": 39.679171,
        "longitude": -0.277415
      },
      "deliveryLocation": {
        "hash": "u0skgy",
        "latitude": 48.684916,
        "longitude": 6.143701
      },
      "loadFactor": 9
    },
    {
      "id": 3666,
      "pickupLocation": {
        "hash": "u0tddp",
        "latitude": 48.295226,
        "longitude": 7.823876
      },
      "deliveryLocation": {
        "hash": "u334s3",
        "latitude": 52.476925,
        "longitude": 12.844397
      },
      "loadFactor": 8
    }
  ]
}