{
  "vehicles": [
    {
      "id": 1960,
      "priceKm": 2.9244794069344104,
      "startLocation": {
        "hash": "u1tp83",
        "latitude": 54.761657919926336,
        "longitude": 7.050147797224793
      }
    },
    {
      "id": 2454,
      "priceKm": 2.6684589107871397,
      "startLocation": {
        "hash": "gby76c",
        "latitude": 49.79986445087158,
        "longitude": -2.3342521018400504
      }
    },
    {
      "id": 6812,
      "priceKm": 1.5627175740651242,
      "startLocation": {
        "hash": "u0tz5r",
        "latitude": 49.082571058910645,
        "longitude": 8.236086287596791
      }
    }
  ],
  "orders": [
    {
      "id": 4665,
      "pickupLocation": {
        "hash": "u1huxx",
        "latitude": 51.455206,
        "longitude": 7.012273
      },
      "deliveryLocation": {
        "hash": "u1hequ",
        "latitude": 51.2195963,
        "longitude": 6.6314461
      },
      "loadFactor": 4
    },
    {
      "id": 134,
      "pickupLocation": {
        "hash": "sp37gy",
        "latitude": 41.476918,
        "longitude": 1.928397
      },
      "deliveryLocation": {
        "hash": "u0y5sz",
        "latitude": 49.872775,
        "longitude": 8.651178
      },
      "loadFactor": 8
    },
    {
      "id": 4104,
      "pickupLocation": {
        "hash": "u1mr2f",
        "latitude": 53.3196983,
        "longitude": 7.42273
      },
      "deliveryLocation": {
        "hash": "u0mqy4",
        "latitude": 47.60462,
        "longitude": 7.65345
      },
      "loadFactor": 6
    },
    {
      "id": 8618,
      "pickupLocation": {
        "hash": "u2c0s2",
        "latitude": 49.308084,
        "longitude": 12.845029
      },
      "deliveryLocation": {
        "hash": "u29js3",
        "latitude": 48.7858739,
        "longitude": 12.8474443
      },
      "loadFactor": 6
    },
    {
      "id": 10023,
      "pickupLocation": {
        "hash": "u1huxx",
        "latitude": 51.455206,
        "longitude": 7.012273
      },
      "deliveryLocation": {
        "hash": "u1jw7w",
        "latitude": 51.761295,
        "longitude": 7.8973225
      },
      "loadFactor": 7
    },
    {
      "id": 5516,
      "pickupLocation": {
        "hash": "u0b1dd",
        "latitude": 49.493755,
        "longitude": 0.120504
      },
      "deliveryLocation": {
        "hash": "u14736",
        "latitude": 51.208255,
        "longitude": 3.226148
      },
      "loadFactor": 8
    }
  ]
}