{
  "vehicles": [
    {
      "id": 252,
      "priceKm": 1.3877271819772352,
      "startLocation": {
        "hash": "u1strn",
        "latitude": 54.39402248727616,
        "longitude": 6.6409787791034995
      }
    },
    {
      "id": 6441,
      "priceKm": 1.4121515837820133,
      "startLocation": {
        "hash": "u2u4ge",
        "latitude": 49.72342368907734,
        "longitude": 17.030219473602873
      }
    },
    {
      "id": 6022,
      "priceKm": 2.9178002363555477,
      "startLocation": {
        "hash": "u0qymz",
        "latitude": 47.54404497730755,
        "longitude": 9.75441333800846
      }
    },
    {
      "id": 9787,
      "priceKm": 1.4575824744873556,
      "startLocation": {
        "hash": "u4p1d7",
        "latitude": 56.53352285086878,
        "longitude": 9.9435594717409
      }
    },
    {
      "id": 1934,
      "priceKm": 1.2357169131791346,
      "startLocation": {
        "hash": "u0wdgd",
        "latitude": 48.31237136070729,
        "longitude": 9.300419126298431
      }
    },
    {
      "id": 6370,
      "priceKm": 2.900597054547209,
      "startLocation": {
        "hash": "u3b093",
        "latitude": 54.93893740761979,
        "longitude": 11.30800520386237
      }
    },
    {
      "id": 2710,
      "priceKm": 2.9079494480217476,
      "startLocation": {
        "hash": "u1nky2",
        "latitude": 51.46115604506429,
        "longitude": 9.066342362234959
      }
    }
  ],
  "orders": [
    {
      "id": 6908,
      "pickupLocation": {
        "hash": "u1yv4m",
        "latitude": 55.7507,
        "longitude": 9.593335
      },
      "deliveryLocation": {
        "hash": "u17bm2",
        "latitude": 52.0776043,
        "longitude": 5.5043816
      },
      "loadFactor": 8
    },
    {
      "id": 1815,
      "pickupLocation": {
        "hash": "u1qf5y",
        "latitude": 52.4193614,
        "longitude": 9.6574947
      },
      "deliveryLocation": {
        "hash": "u1mpeg",
        "latitude": 53.36696,
        "longitude": 7.20595
      },
      "loadFactor": 4
    },
    {
      "id": 2169,
      "pickupLocation": {
        "hash": "u1yv4m",
        "latitude": 55.7507,
        "longitude": 9.593335
      },
      "deliveryLocation": {
        "hash": "u1kq4r",
        "latitude": 53.1279235,
        "longitude": 6.0796601
      },
      "loadFactor": 7
    },
    {
      "id": 3004,
      "pickupLocation": {
        "hash": "u1m9r4",
        "latitude": 52.2667,
        "longitude": 8.05
      },
      "deliveryLocation": {
        "hash": "u283dw",
        "latitude": 48.1111775,
        "longitude": 11.7141967
      },
      "loadFactor": 8
    },
    {
      "id": 1936,
      "pickupLocation": {
        "hash": "u1hg5r",
        "latitude": 51.1912416,
        "longitude": 6.8247886
      },
      "deliveryLocation": {
        "hash": "u0fb74",
        "latitude": 49.2752301,
        "longitude": 4.0023045
      },
      "loadFactor": 7
    },
    {
      "id": 352,
      "pickupLocation": {
        "hash": "u1huxx",
        "latitude": 51.455206,
        "longitude": 7.012273
      },
      "deliveryLocation": {
        "hash": "u1hswq",
        "latitude": 51.4529703,
        "longitude": 6.6088597
      },
      "loadFactor": 7
    }
  ]
}