{
  "vehicles": [
    {
      "id": 9750,
      "priceKm": 2.9995651609044502,
      "startLocation": {
        "hash": "u0dv9w",
        "latitude": 48.81525644806006,
        "longitude": 3.9393458156755043
      }
    },
    {
      "id": 1481,
      "priceKm": 1.7605039043910458,
      "startLocation": {
        "hash": "u38r1j",
        "latitude": 54.700085752276905,
        "longitude": 11.655812642918187
      }
    },
    {
      "id": 462,
      "priceKm": 2.0800903063893585,
      "startLocation": {
        "hash": "u0z3gz",
        "latitude": 49.56625887467346,
        "longitude": 10.367438212310635
      }
    },
    {
      "id": 7971,
      "priceKm": 1.8840056264403824,
      "startLocation": {
        "hash": "u2b4s2",
        "latitude": 49.65926240559517,
        "longitude": 11.446588830233233
      }
    },
    {
      "id": 8404,
      "priceKm": 2.3294190149255964,
      "startLocation": {
        "hash": "u08y8j",
        "latitude": 48.9876019617215,
        "longitude": 1.058694406851054
      }
    },
    {
      "id": 4019,
      "priceKm": 2.114876569429652,
      "startLocation": {
        "hash": "u0t1n3",
        "latitude": 47.99693752871115,
        "longitude": 7.306161580707069
      }
    },
    {
      "id": 1727,
      "priceKm": 1.222040741609187,
      "startLocation": {
        "hash": "u1j0pw",
        "latitude": 50.65927389093758,
        "longitude": 7.371094278383516
      }
    }
  ],
  "orders": [
    {
      "id": 6706,
      "pickupLocation": {
        "hash": "sxcxxr",
        "latitude": 44.955666,
        "longitude": 24.938927
      },
      "deliveryLocation": {
        "hash": "srfdpt",
        "latitude": 43.977552,
        "longitude": 15.098573
      },
      "loadFactor": 8
    },
    {
      "id": 4119,
      "pickupLocation": {
        "hash": "u32203",
        "latitude": 52.039425,
        "longitude": 11.613103
      },
      "deliveryLocation": {
        "hash": "u0ykr6",
        "latitude": 49.9785027,
        "longitude": 9.1126769
      },
      "loadFactor": 7
    },
    {
      "id": 2896,
      "pickupLocation": {
        "hash": "u1rdk3",
        "latitude": 52.435841,
        "longitude": 10.742137
      },
      "deliveryLocation": {
        "hash": "u3k4j5",
        "latitude": 52.399795,
        "longitude": 17.096351
      },
      "loadFactor": 8
    },
    {
      "id": 3356,
      "pickupLocation": {
        "hash": "u28k82",
        "latitude": 48.605431,
        "longitude": 11.623412
      },
      "deliveryLocation": {
        "hash": "u0xhzj",
        "latitude": 48.676764,
        "longitude": 10.152923
      },
      "loadFactor": 8
    },
    {
      "id": 7850,
      "pickupLocation": {
        "hash": "u0zchs",
        "latitude": 49.419392,
        "longitude": 11.098348
      },
      "deliveryLocation": {
        "hash": "u28wtm",
        "latitude": 48.9879532,
        "longitude": 12.1934834
      },
      "loadFactor": 8
    },
    {
      "id": 2556,
      "pickupLocation": {
        "hash": "u0zchs",
        "latitude": 49.419392,
        "longitude": 11.098348
      },
      "deliveryLocation": {
        "hash": "u0zc6p",
        "latitude": 49.477272,
        "longitude": 10.9896011
      },
      "loadFactor": 4
    }
  ]
}