{
  "vehicles": [
    {
      "id": 3466,
      "priceKm": 1.3274650208600742,
      "startLocation": {
        "hash": "u0vw0v",
        "latitude": 50.30480114739233,
        "longitude": 7.769666337705258
      }
    },
    {
      "id": 3927,
      "priceKm": 2.2437619016657426,
      "startLocation": {
        "hash": "u32msh",
        "latitude": 53.02316225394337,
        "longitude": 11.786147218857476
      }
    },
    {
      "id": 8283,
      "priceKm": 1.0100415582752789,
      "startLocation": {
        "hash": "sp6qgz",
        "latitude": 42.009844284155605,
        "longitude": 3.3292762802625178
      }
    },
    {
      "id": 235,
      "priceKm": 1.9656609468274446,
      "startLocation": {
        "hash": "u0v5ws",
        "latitude": 49.85980318508056,
        "longitude": 7.323655036032705
      }
    },
    {
      "id": 6802,
      "priceKm": 1.2407503435681544,
      "startLocation": {
        "hash": "u0vqxj",
        "latitude": 50.39008013155688,
        "longitude": 7.700753105937863
      }
    },
    {
      "id": 4084,
      "priceKm": 2.259570915179159,
      "startLocation": {
        "hash": "u1p7n6",
        "latitude": 51.165370361480925,
        "longitude": 10.471676117583131
      }
    },
    {
      "id": 4736,
      "priceKm": 1.2230462148352763,
      "startLocation": {
        "hash": "u28bbx",
        "latitude": 47.98386325804063,
        "longitude": 12.333383948433879
      }
    }
  ],
  "orders": [
    {
      "id": 2231,
      "pickupLocation": {
        "hash": "u1r2em",
        "latitude": 52.148021,
        "longitude": 10.348964
      },
      "deliveryLocation": {
        "hash": "u1mbvy",
        "latitude": 52.200762,
        "longitude": 8.338667
      },
      "loadFactor": 8
    },
    {
      "id": 6175,
      "pickupLocation": {
        "hash": "u1yubg",
        "latitude": 55.700005,
        "longitude": 9.533324
      },
      "deliveryLocation": {
        "hash": "u3391d",
        "latitude": 52.22276,
        "longitude": 13.42871
      },
      "loadFactor": 7
    },
    {
      "id": 452,
      "pickupLocation": {
        "hash": "u1nsmm",
        "latitude": 51.4033278,
        "longitude": 9.376824
      },
      "deliveryLocation": {
        "hash": "u1xh05",
        "latitude": 54.1580375,
        "longitude": 9.851837
      },
      "loadFactor": 8
    },
    {
      "id": 8460,
      "pickupLocation": {
        "hash": "u1huxx",
        "latitude": 51.455206,
        "longitude": 7.012273
      },
      "deliveryLocation": {
        "hash": "u1he86",
        "latitude": 51.2549482,
        "longitude": 6.3498276
      },
      "loadFactor": 8
    },
    {
      "id": 10250,
      "pickupLocation": {
        "hash": "u0spxz",
        "latitude": 49.169743,
        "longitude": 5.968539
      },
      "deliveryLocation": {
        "hash": "u30bs3",
        "latitude": 50.718504,
        "longitude": 12.493927
      },
      "loadFactor": 3
    },
    {
      "id": 5917,
      "pickupLocation": {
        "hash": "u1ngm0",
        "latitude": 51.2,
        "longitude": 9.71667
      },
      "deliveryLocation": {
        "hash": "u0ub99",
        "latitude": 49.316466,
        "longitude": 6.749846
      },
      "loadFactor": 8
    }
  ]
}