{
  "vehicles": [
    {
      "id": 4928,
      "priceKm": 1.4506235981693152,
      "startLocation": {
        "hash": "u29huh",
        "latitude": 48.67222794570533,
        "longitude": 12.834113254857439
      }
    },
    {
      "id": 1613,
      "priceKm": 1.0222805425239547,
      "startLocation": {
        "hash": "u28395",
        "latitude": 48.09542729744668,
        "longitude": 11.64864578708105
      }
    },
    {
      "id": 4665,
      "priceKm": 1.618285768505319,
      "startLocation": {
        "hash": "u1rfng",
        "latitude": 52.400455698734355,
        "longitude": 11.20141605999802
      }
    },
    {
      "id": 7426,
      "priceKm": 1.0924619593367106,
      "startLocation": {
        "hash": "u0vgey",
        "latitude": 49.869647234289005,
        "longitude": 8.253516914965626
      }
    },
    {
      "id": 6594,
      "priceKm": 1.0336751597709297,
      "startLocation": {
        "hash": "u0x1h6",
        "latitude": 48.00386940458378,
        "longitude": 10.039760471208707
      }
    },
    {
      "id": 5594,
      "priceKm": 2.5502120992075823,
      "startLocation": {
        "hash": "u0sgjj",
        "latitude": 48.370434646771024,
        "longitude": 6.9053061157867255
      }
    },
    {
      "id": 1978,
      "priceKm": 1.2948690577817803,
      "startLocation": {
        "hash": "u2u4f1",
        "latitude": 49.70814415585803,
        "longitude": 16.968908189518302
      }
    }
  ],
  "orders": [
    {
      "id": 5808,
      "pickupLocation": {
        "hash": "u0y12p",
        "latitude": 49.4792366,
        "longitude": 8.4391174
      },
      "deliveryLocation": {
        "hash": "u0vbn2",
        "latitude": 49.2231,
        "longitude": 8.36389
      },
      "loadFactor": 9
    },
    {
      "id": 2862,
      "pickupLocation": {
        "hash": "u0wqdb",
        "latitude": 48.955734,
        "longitude": 8.920005
      },
      "deliveryLocation": {
        "hash": "u0wt78",
        "latitude": 48.73886,
        "longitude": 9.30108
      },
      "loadFactor": 8
    },
    {
      "id": 1760,
      "pickupLocation": {
        "hash": "u0fntc",
        "latitude": 50.370368,
        "longitude": 3.076138
      },
      "deliveryLocation": {
        "hash": "u0b1dd",
        "latitude": 49.493757,
        "longitude": 0.120504
      },
      "loadFactor": 8
    },
    {
      "id": 7116,
      "pickupLocation": {
        "hash": "u0wqdb",
        "latitude": 48.955734,
        "longitude": 8.920005
      },
      "deliveryLocation": {
        "hash": "u0wwqw",
        "latitude": 48.9471455,
        "longitude": 9.4341813
      },
      "loadFactor": 4
    },
    {
      "id": 9212,
      "pickupLocation": {
        "hash": "u28k82",
        "latitude": 48.605431,
        "longitude": 11.623412
      },
      "deliveryLocation": {
        "hash": "u23pt0",
        "latitude": 47.728393,
        "longitude": 12.876115
      },
      "loadFactor": 6
    },
    {
      "id": 2438,
      "pickupLocation": {
        "hash": "spdwuj",
        "latitude": 43.401738,
        "longitude": 3.694185
      },
      "deliveryLocation": {
        "hash": "u0dk70",
        "latitude": 48.561258,
        "longitude": 3.297393
      },
      "loadFactor": 9
    }
  ]
}