{
  "vehicles": [
    {
      "id": 3014,
      "priceKm": 1.4163543545096322,
      "startLocation": {
        "hash": "u0xgj3",
        "latitude": 48.34915298801519,
        "longitude": 11.132696243756488
      }
    },
    {
      "id": 5672,
      "priceKm": 1.2313178923192916,
      "startLocation": {
        "hash": "u1qf73",
        "latitude": 52.434075332577116,
        "longitude": 9.643785451194582
      }
    },
    {
      "id": 5083,
      "priceKm": 1.3807246979441015,
      "startLocation": {
        "hash": "u2fpks",
        "latitude": 50.51608703273329,
        "longitude": 14.26300499161109
      }
    },
    {
      "id": 5606,
      "priceKm": 2.5771281175268452,
      "startLocation": {
        "hash": "u323ct",
        "latitude": 52.370474045987734,
        "longitude": 11.673277228824166
      }
    },
    {
      "id": 5664,
      "priceKm": 1.683450678852148,
      "startLocation": {
        "hash": "u09mqd",
        "latitude": 48.75096645881477,
        "longitude": 2.044280653299557
      }
    },
    {
      "id": 7987,
      "priceKm": 1.5351788636831862,
      "startLocation": {
        "hash": "u0vsk6",
        "latitude": 49.9810777872808,
        "longitude": 7.921340002064857
      }
    },
    {
      "id": 7263,
      "priceKm": 2.7421685748339453,
      "startLocation": {
        "hash": "sp38q3",
        "latitude": 40.83571281936948,
        "longitude": 2.3888913028916874
      }
    }
  ],
  "orders": [
    {
      "id": 89,
      "pickupLocation": {
        "hash": "u30bs3",
        "latitude": 50.718504,
        "longitude": 12.493927
      },
      "deliveryLocation": {
        "hash": "u28k82",
        "latitude": 48.605431,
        "longitude": 11.623412
      },
      "loadFactor": 7
    },
    {
      "id": 10778,
      "pickupLocation": {
        "hash": "u28k82",
        "latitude": 48.605431,
        "longitude": 11.623412
      },
      "deliveryLocation": {
        "hash": "u0xcn3",
        "latitude": 47.995571,
        "longitude": 11.175513
      },
      "loadFactor": 8
    },
    {
      "id": 5232,
      "pickupLocation": {
        "hash": "u3k4he",
        "latitude": 52.4040031,
        "longitude": 17.0754108
      },
      "deliveryLocation": {
        "hash": "u30u9s",
        "latitude": 51.4390106,
        "longitude": 12.3714685
      },
      "loadFactor": 7
    },
    {
      "id": 158,
      "pickupLocation": {
        "hash": "u1huxx",
        "latitude": 51.455206,
        "longitude": 7.012273
      },
      "deliveryLocation": {
        "hash": "u1j5zd",
        "latitude": 51.2967186,
        "longitude": 7.3693342
      },
      "loadFactor": 7
    },
    {
      "id": 5640,
      "pickupLocation": {
        "hash": "u0wqdb",
        "latitude": 48.955734,
        "longitude": 8.920005
      },
      "deliveryLocation": {
        "hash": "u0wscj",
        "latitude": 48.677525,
        "longitude": 9.1953218
      },
      "loadFactor": 10
    },
    {
      "id": 1267,
      "pickupLocation": {
        "hash": "u1mxsy",
        "latitude": 53.387024,
        "longitude": 7.952453
      },
      "deliveryLocation": {
        "hash": "u1rcee",
        "latitude": 52.314205,
        "longitude": 11.055726
      },
      "loadFactor": 8
    }
  ]
}