{
  "vehicles": [
    {
      "id": 7947,
      "priceKm": 1.317967752615795,
      "startLocation": {
        "hash": "u30y09",
        "latitude": 51.68591551203781,
        "longitude": 12.327533831823125
      }
    },
    {
      "id": 3631,
      "priceKm": 2.6407002329507536,
      "startLocation": {
        "hash": "u01ure",
        "latitude": 45.766271333224026,
        "longitude": 2.793742107699958
      }
    },
    {
      "id": 2112,
      "priceKm": 2.5464388160403257,
      "startLocation": {
        "hash": "u1scwe",
        "latitude": 53.722389817884334,
        "longitude": 6.976234568689907
      }
    },
    {
      "id": 1864,
      "priceKm": 2.4173967279185917,
      "startLocation": {
        "hash": "u0ybkd",
        "latitude": 49.27856582893748,
        "longitude": 9.693882028407042
      }
    },
    {
      "id": 5605,
      "priceKm": 1.9877035800676706,
      "startLocation": {
        "hash": "u9bsdj",
        "latitude": 55.66417450204169,
        "longitude": 23.292310000994288
      }
    },
    {
      "id": 5259,
      "priceKm": 1.3549331242571325,
      "startLocation": {
        "hash": "u0zs4m",
        "latitude": 49.949872348532615,
        "longitude": 10.647992937043732
      }
    },
    {
      "id": 4924,
      "priceKm": 2.7944774170587783,
      "startLocation": {
        "hash": "u0xdck",
        "latitude": 48.3225683536924,
        "longitude": 10.612489218354249
      }
    }
  ],
  "orders": [
    {
      "id": 4041,
      "pickupLocation": {
        "hash": "u0b1dd",
        "latitude": 49.493757,
        "longitude": 0.120504
      },
      "deliveryLocation": {
        "hash": "u15puh",
        "latitude": 52.009558,
        "longitude": 4.395527
      },
      "loadFactor": 3
    },
    {
      "id": 7131,
      "pickupLocation": {
        "hash": "u0wqdb",
        "latitude": 48.955734,
        "longitude": 8.920005
      },
      "deliveryLocation": {
        "hash": "u0wyvc",
        "latitude": 49.0093601,
        "longitude": 9.7556159
      },
      "loadFactor": 7
    },
    {
      "id": 9182,
      "pickupLocation": {
        "hash": "u3k4he",
        "latitude": 52.404003,
        "longitude": 17.075411
      },
      "deliveryLocation": {
        "hash": "u1w0ek",
        "latitude": 53.552227,
        "longitude": 8.586551
      },
      "loadFactor": 4
    },
    {
      "id": 7902,
      "pickupLocation": {
        "hash": "u0tddp",
        "latitude": 48.295226,
        "longitude": 7.823876
      },
      "deliveryLocation": {
        "hash": "u334s3",
        "latitude": 52.476925,
        "longitude": 12.844397
      },
      "loadFactor": 5
    },
    {
      "id": 516,
      "pickupLocation": {
        "hash": "u1qcvw",
        "latitude": 52.374481,
        "longitude": 9.738563
      },
      "deliveryLocation": {
        "hash": "u1ye73",
        "latitude": 55.425972,
        "longitude": 9.293642
      },
      "loadFactor": 4
    },
    {
      "id": 6321,
      "pickupLocation": {
        "hash": "u0fb74",
        "latitude": 49.2752301,
        "longitude": 4.0023045
      },
      "deliveryLocation": {
        "hash": "u0g1ew",
        "latitude": 49.5166774,
        "longitude": 4.3830507
      },
      "loadFactor": 8
    }
  ]
}