{
  "vehicles": [
    {
      "id": 6310,
      "priceKm": 2.8706383483673115,
      "startLocation": {
        "hash": "u31uhu",
        "latitude": 51.35159759631775,
        "longitude": 13.9200766553894
      }
    },
    {
      "id": 1872,
      "priceKm": 1.5306096775379614,
      "startLocation": {
        "hash": "u322c6",
        "latitude": 52.17745958190733,
        "longitude": 11.66088794722556
      }
    },
    {
      "id": 1537,
      "priceKm": 2.4204573275406034,
      "startLocation": {
        "hash": "u0zknn",
        "latitude": 49.95563967311036,
        "longitude": 10.469874133397061
      }
    },
    {
      "id": 8036,
      "priceKm": 1.2605216124749103,
      "startLocation": {
        "hash": "u2bdmt",
        "latitude": 49.64215904002559,
        "longitude": 12.201535298507112
      }
    },
    {
      "id": 4035,
      "priceKm": 1.2327870959076397,
      "startLocation": {
        "hash": "u66vbd",
        "latitude": 58.678680532448645,
        "longitude": 15.143999155173868
      }
    },
    {
      "id": 1965,
      "priceKm": 1.7211564956108378,
      "startLocation": {
        "hash": "u2b1h7",
        "latitude": 49.41218054665855,
        "longitude": 11.441781396122446
      }
    },
    {
      "id": 3523,
      "priceKm": 1.4307582620985524,
      "startLocation": {
        "hash": "u30y6m",
        "latitude": 51.752356801713916,
        "longitude": 12.41255609249261
      }
    }
  ],
  "orders": [
    {
      "id": 1577,
      "pickupLocation": {
        "hash": "u6s1e9",
        "latitude": 59.3343059,
        "longitude": 17.0381816
      },
      "deliveryLocation": {
        "hash": "u1yubg",
        "latitude": 55.700005,
        "longitude": 9.533324
      },
      "loadFactor": 7
    },
    {
      "id": 9902,
      "pickupLocation": {
        "hash": "u2kx33",
        "latitude": 47.687611,
        "longitude": 17.634682
      },
      "deliveryLocation": {
        "hash": "u0vccv",
        "latitude": 49.558767,
        "longitude": 8.1710573
      },
      "loadFactor": 8
    },
    {
      "id": 5120,
      "pickupLocation": {
        "hash": "u0fntc",
        "latitude": 50.370368,
        "longitude": 3.076138
      },
      "deliveryLocation": {
        "hash": "u0msmq",
        "latitude": 47.18965,
        "longitude": 7.973802
      },
      "loadFactor": 8
    },
    {
      "id": 4552,
      "pickupLocation": {
        "hash": "u334u8",
        "latitude": 52.518784,
        "longitude": 12.85469
      },
      "deliveryLocation": {
        "hash": "u0x576",
        "latitude": 48.398312,
        "longitude": 9.991046
      },
      "loadFactor": 7
    },
    {
      "id": 10823,
      "pickupLocation": {
        "hash": "u32203",
        "latitude": 52.039425,
        "longitude": 11.613103
      },
      "deliveryLocation": {
        "hash": "u2b8s9",
        "latitude": 49.3121844,
        "longitude": 12.1582781
      },
      "loadFactor": 8
    },
    {
      "id": 1291,
      "pickupLocation": {
        "hash": "u1q52c",
        "latitude": 52.609453,
        "longitude": 8.480184
      },
      "deliveryLocation": {
        "hash": "u2bsn6",
        "latitude": 49.9366434,
        "longitude": 12.2291429
      },
      "loadFactor": 8
    }
  ]
}