{
  "vehicles": [
    {
      "id": 3893,
      "priceKm": 2.378251728773556,
      "startLocation": {
        "hash": "u0zhk0",
        "latitude": 49.967598445451365,
        "longitude": 10.027343812179867
      }
    },
    {
      "id": 7032,
      "priceKm": 2.4646378239222653,
      "startLocation": {
        "hash": "u1wcm8",
        "latitude": 53.65751403957628,
        "longitude": 9.737454818194848
      }
    },
    {
      "id": 5732,
      "priceKm": 1.7389213819874094,
      "startLocation": {
        "hash": "u29w57",
        "latitude": 48.88407040589905,
        "longitude": 13.508534608254577
      }
    },
    {
      "id": 828,
      "priceKm": 2.5400527458657525,
      "startLocation": {
        "hash": "u380m2",
        "latitude": 53.482760865099685,
        "longitude": 11.485366895130523
      }
    },
    {
      "id": 6978,
      "priceKm": 2.447122866401925,
      "startLocation": {
        "hash": "u29nfg",
        "latitude": 49.01725014832785,
        "longitude": 12.779854374508924
      }
    },
    {
      "id": 1292,
      "priceKm": 1.8865050579590927,
      "startLocation": {
        "hash": "u1p52x",
        "latitude": 51.2384829028755,
        "longitude": 9.870185022975432
      }
    },
    {
      "id": 2402,
      "priceKm": 1.7251653446173074,
      "startLocation": {
        "hash": "u380nc",
        "latitude": 53.44820793420278,
        "longitude": 11.548469239275905
      }
    }
  ],
  "orders": [
    {
      "id": 610,
      "pickupLocation": {
        "hash": "u30cj7",
        "latitude": 50.819903,
        "longitude": 12.539787
      },
      "deliveryLocation": {
        "hash": "u0zkxs",
        "latitude": 50.0332537,
        "longitude": 10.5343175
      },
      "loadFactor": 7
    },
    {
      "id": 2889,
      "pickupLocation": {
        "hash": "u2kx33",
        "latitude": 47.687609,
        "longitude": 17.634682
      },
      "deliveryLocation": {
        "hash": "u21g07",
        "latitude": 45.548133,
        "longitude": 13.729491
      },
      "loadFactor": 8
    },
    {
      "id": 4046,
      "pickupLocation": {
        "hash": "u2c0s2",
        "latitude": 49.308084,
        "longitude": 12.845029
      },
      "deliveryLocation": {
        "hash": "u29jsb",
        "latitude": 48.7806071,
        "longitude": 12.8690362
      },
      "loadFactor": 8
    },
    {
      "id": 5647,
      "pickupLocation": {
        "hash": "u0zchs",
        "latitude": 49.419392,
        "longitude": 11.098348
      },
      "deliveryLocation": {
        "hash": "u0zc6p",
        "latitude": 49.477272,
        "longitude": 10.9896011
      },
      "loadFactor": 7
    },
    {
      "id": 2607,
      "pickupLocation": {
        "hash": "u28k82",
        "latitude": 48.605431,
        "longitude": 11.623412
      },
      "deliveryLocation": {
        "hash": "u0x42u",
        "latitude": 48.230534,
        "longitude": 9.877159
      },
      "loadFactor": 8
    },
    {
      "id": 2032,
      "pickupLocation": {
        "hash": "u0tddp",
        "latitude": 48.295226,
        "longitude": 7.823876
      },
      "deliveryLocation": {
        "hash": "u334s3",
        "latitude": 52.476925,
        "longitude": 12.844397
      },
      "loadFactor": 7
    }
  ]
}