{
  "vehicles": [
    {
      "id": 1105,
      "priceKm": 2.2437119961846035,
      "startLocation": {
        "hash": "u094cx",
        "latitude": 48.33493968236107,
        "longitude": 1.474397316879533
      }
    },
    {
      "id": 784,
      "priceKm": 1.616857637429659,
      "startLocation": {
        "hash": "u1y2c9",
        "latitude": 54.98126936994671,
        "longitude": 8.861972861359577
      }
    },
    {
      "id": 3300,
      "priceKm": 1.7496558399313893,
      "startLocation": {
        "hash": "u1eynd",
        "latitude": 54.508613764434315,
        "longitude": 5.569129264995604
      }
    },
    {
      "id": 2518,
      "priceKm": 1.8117181614162046,
      "startLocation": {
        "hash": "u1qvzr",
        "latitude": 53.0837600953063,
        "longitude": 9.816397763562348
      }
    },
    {
      "id": 6213,
      "priceKm": 1.4232424582600374,
      "startLocation": {
        "hash": "u326jk",
        "latitude": 52.40515568518327,
        "longitude": 11.83322699404738
      }
    },
    {
      "id": 4441,
      "priceKm": 1.425183332382891,
      "startLocation": {
        "hash": "sp4jzz",
        "latitude": 40.4292292875474,
        "longitude": 3.1574772712686316
      }
    },
    {
      "id": 8336,
      "priceKm": 1.6003604856008293,
      "startLocation": {
        "hash": "u1qgdy",
        "latitude": 52.68115008049666,
        "longitude": 9.615712820804006
      }
    }
  ],
  "orders": [
    {
      "id": 5505,
      "pickupLocation": {
        "hash": "u30cj7",
        "latitude": 50.819903,
        "longitude": 12.539787
      },
      "deliveryLocation": {
        "hash": "u0z578",
        "latitude": 49.7946346,
        "longitude": 10.000355
      },
      "loadFactor": 8
    },
    {
      "id": 4172,
      "pickupLocation": {
        "hash": "u0wqdb",
        "latitude": 48.955734,
        "longitude": 8.920005
      },
      "deliveryLocation": {
        "hash": "u0wzmm",
        "latitude": 49.118731,
        "longitude": 9.733477
      },
      "loadFactor": 8
    },
    {
      "id": 1596,
      "pickupLocation": {
        "hash": "u3zhcj",
        "latitude": 55.706831,
        "longitude": 21.1414911
      },
      "deliveryLocation": {
        "hash": "u9c024",
        "latitude": 54.9004751,
        "longitude": 23.9125463
      },
      "loadFactor": 7
    },
    {
      "id": 3030,
      "pickupLocation": {
        "hash": "u28jqm",
        "latitude": 48.766472,
        "longitude": 11.533357
      },
      "deliveryLocation": {
        "hash": "u1nsmy",
        "latitude": 51.408161,
        "longitude": 9.402353
      },
      "loadFactor": 2
    },
    {
      "id": 9354,
      "pickupLocation": {
        "hash": "u1yv4m",
        "latitude": 55.7507,
        "longitude": 9.593335
      },
      "deliveryLocation": {
        "hash": "u153bm",
        "latitude": 50.9649462,
        "longitude": 4.585071
      },
      "loadFactor": 7
    },
    {
      "id": 7568,
      "pickupLocation": {
        "hash": "u28k82",
        "latitude": 48.605431,
        "longitude": 11.623412
      },
      "deliveryLocation": {
        "hash": "u286b2",
        "latitude": 48.3,
        "longitude": 11.6167
      },
      "loadFactor": 6
    }
  ]
}