{
  "vehicles": [
    {
      "id": 4469,
      "priceKm": 2.4172258402825264,
      "startLocation": {
        "hash": "u1rxex",
        "latitude": 53.39332892805413,
        "longitude": 10.71021198963511
      }
    },
    {
      "id": 9414,
      "priceKm": 1.4166958445671067,
      "startLocation": {
        "hash": "u0t04y",
        "latitude": 47.848577863782545,
        "longitude": 7.159842974718462
      }
    },
    {
      "id": 2688,
      "priceKm": 1.5828246085352036,
      "startLocation": {
        "hash": "u2cmer",
        "latitude": 50.22405300366562,
        "longitude": 13.15540996881541
      }
    },
    {
      "id": 7591,
      "priceKm": 1.3052792695071187,
      "startLocation": {
        "hash": "u1huy8",
        "latitude": 51.4633296056018,
        "longitude": 6.971208708391172
      }
    },
    {
      "id": 9137,
      "priceKm": 2.826467075841224,
      "startLocation": {
        "hash": "u0xdux",
        "latitude": 48.33649231120363,
        "longitude": 10.7535312106948
      }
    },
    {
      "id": 4440,
      "priceKm": 1.6120664264364366,
      "startLocation": {
        "hash": "u2bcnp",
        "latitude": 49.43344835584205,
        "longitude": 12.575439483965935
      }
    },
    {
      "id": 101,
      "priceKm": 1.4309208060350442,
      "startLocation": {
        "hash": "u30s3h",
        "latitude": 51.39629483464881,
        "longitude": 12.0047025730469
      }
    }
  ],
  "orders": [
    {
      "id": 10704,
      "pickupLocation": {
        "hash": "u0zchs",
        "latitude": 49.419392,
        "longitude": 11.098348
      },
      "deliveryLocation": {
        "hash": "u2b1cy",
        "latitude": 49.5594521,
        "longitude": 11.3356562
      },
      "loadFactor": 8
    },
    {
      "id": 1347,
      "pickupLocation": {
        "hash": "u28k82",
        "latitude": 48.605431,
        "longitude": 11.623412
      },
      "deliveryLocation": {
        "hash": "u282t2",
        "latitude": 47.901573,
        "longitude": 11.839625
      },
      "loadFactor": 6
    },
    {
      "id": 10193,
      "pickupLocation": {
        "hash": "u1r2em",
        "latitude": 52.148021,
        "longitude": 10.348964
      },
      "deliveryLocation": {
        "hash": "u1mdjs",
        "latitude": 52.407695,
        "longitude": 7.979647
      },
      "loadFactor": 4
    },
    {
      "id": 9080,
      "pickupLocation": {
        "hash": "u0f0nr",
        "latitude": 49.259963,
        "longitude": 3.090591
      },
      "deliveryLocation": {
        "hash": "u02myc",
        "latitude": 47.4253689,
        "longitude": 0.6544536
      },
      "loadFactor": 8
    },
    {
      "id": 1884,
      "pickupLocation": {
        "hash": "u2s1vq",
        "latitude": 48.153538,
        "longitude": 17.109671
      },
      "deliveryLocation": {
        "hash": "u0y5sz",
        "latitude": 49.872775,
        "longitude": 8.651178
      },
      "loadFactor": 4
    },
    {
      "id": 2881,
      "pickupLocation": {
        "hash": "u0tyyn",
        "latitude": 49.0331667,
        "longitude": 8.3576384
      },
      "deliveryLocation": {
        "hash": "u1k4h2",
        "latitude": 52.387181,
        "longitude": 5.816362
      },
      "loadFactor": 5
    }
  ]
}