{
  "vehicles": [
    {
      "id": 7036,
      "priceKm": 2.560303437204162,
      "startLocation": {
        "hash": "u1ubn1",
        "latitude": 54.85292287695932,
        "longitude": 6.944970255280225
      }
    },
    {
      "id": 3482,
      "priceKm": 1.0595528747289085,
      "startLocation": {
        "hash": "u2fp7r",
        "latitude": 50.53504725219621,
        "longitude": 14.209807134735927
      }
    },
    {
      "id": 2047,
      "priceKm": 2.379964088908736,
      "startLocation": {
        "hash": "u1wcfk",
        "latitude": 53.77237670304801,
        "longitude": 9.592939253863701
      }
    },
    {
      "id": 6417,
      "priceKm": 1.1956610677704953,
      "startLocation": {
        "hash": "u1qv7y",
        "latitude": 52.988313722640406,
        "longitude": 9.660956424865597
      }
    },
    {
      "id": 8567,
      "priceKm": 2.6967653032073624,
      "startLocation": {
        "hash": "u0vd7f",
        "latitude": 49.627745913334415,
        "longitude": 7.910116585458233
      }
    },
    {
      "id": 1265,
      "priceKm": 1.769734323867603,
      "startLocation": {
        "hash": "u38w2n",
        "latitude": 54.56991094142302,
        "longitude": 11.960030073199066
      }
    }
  ],
  "orders": [
    {
      "id": 9840,
      "pickupLocation": {
        "hash": "u0wqdb",
        "latitude": 48.955734,
        "longitude": 8.920005
      },
      "deliveryLocation": {
        "hash": "u0wzm5",
        "latitude": 49.1049722,
        "longitude": 9.7157243
      },
      "loadFactor": 6
    },
    {
      "id": 8926,
      "pickupLocation": {
        "hash": "u1q52c",
        "latitude": 52.609453,
        "longitude": 8.480184
      },
      "deliveryLocation": {
        "hash": "u0vwx5",
        "latitude": 50.3780144,
        "longitude": 8.0420911
      },
      "loadFactor": 7
    },
    {
      "id": 4550,
      "pickupLocation": {
        "hash": "u334u8",
        "latitude": 52.518784,
        "longitude": 12.85469
      },
      "deliveryLocation": {
        "hash": "u0x83s",
        "latitude": 47.880379,
        "longitude": 10.622246
      },
      "loadFactor": 8
    },
    {
      "id": 7648,
      "pickupLocation": {
        "hash": "u28k82",
        "latitude": 48.605431,
        "longitude": 11.623412
      },
      "deliveryLocation": {
        "hash": "u28833",
        "latitude": 47.864404,
        "longitude": 12.00977
      },
      "loadFactor": 8
    },
    {
      "id": 6632,
      "pickupLocation": {
        "hash": "u30bs3",
        "latitude": 50.718504,
        "longitude": 12.493927
      },
      "deliveryLocation": {
        "hash": "u1m9r4",
        "latitude": 52.2667,
        "longitude": 8.05
      },
      "loadFactor": 7
    },
    {
      "id": 2760,
      "pickupLocation": {
        "hash": "u1m9r4",
        "latitude": 52.2667,
        "longitude": 8.05
      },
      "deliveryLocation": {
        "hash": "u1j09h",
        "latitude": 50.7401773,
        "longitude": 7.0775268
      },
      "loadFactor": 8
    },
    {
      "id": 4353,
      "pickupLocation": {
        "hash": "u0wqdb",
        "latitude": 48.955734,
        "longitude": 8.920005
      },
      "deliveryLocation": {
        "hash": "u0xjv2",
        "latitude": 48.8275424,
        "longitude": 10.0785846
      },
      "loadFactor": 7
    }
  ]
}