{
  "vehicles": [
    {
      "id": 9613,
      "priceKm": 1.879922197314415,
      "startLocation": {
        "hash": "u1qc2n",
        "latitude": 52.284759493023344,
        "longitude": 9.50142260506503
      }
    },
    {
      "id": 5723,
      "priceKm": 2.9061239061397464,
      "startLocation": {
        "hash": "u3h4v0",
        "latitude": 51.10979834318215,
        "longitude": 17.10475846666247
      }
    },
    {
      "id": 3927,
      "priceKm": 2.2437619016657426,
      "startLocation": {
        "hash": "u32msh",
        "latitude": 53.02316225394337,
        "longitude": 11.786147218857476
      }
    },
    {
      "id": 906,
      "priceKm": 1.6433568278548214,
      "startLocation": {
        "hash": "u1rvzt",
        "latitude": 53.07427759656697,
        "longitude": 11.23096523226556
      }
    },
    {
      "id": 4298,
      "priceKm": 1.0767479009730527,
      "startLocation": {
        "hash": "u1xx8e",
        "latitude": 54.772520159859674,
        "longitude": 10.574153316832465
      }
    },
    {
      "id": 7795,
      "priceKm": 1.64632078477627,
      "startLocation": {
        "hash": "u1q3f3",
        "latitude": 52.346809737816066,
        "longitude": 8.898193378170655
      }
    }
  ],
  "orders": [
    {
      "id": 6341,
      "pickupLocation": {
        "hash": "u1r2em",
        "latitude": 52.148021,
        "longitude": 10.348964
      },
      "deliveryLocation": {
        "hash": "u1mbvy",
        "latitude": 52.200762,
        "longitude": 8.338667
      },
      "loadFactor": 5
    },
    {
      "id": 4764,
      "pickupLocation": {
        "hash": "u30cdb",
        "latitude": 50.889108,
        "longitude": 12.431532
      },
      "deliveryLocation": {
        "hash": "u0w12x",
        "latitude": 48.0730826,
        "longitude": 8.4696331
      },
      "loadFactor": 6
    },
    {
      "id": 3207,
      "pickupLocation": {
        "hash": "u1yv4m",
        "latitude": 55.7507,
        "longitude": 9.593335
      },
      "deliveryLocation": {
        "hash": "u1kwy2",
        "latitude": 53.2226532,
        "longitude": 6.6096136
      },
      "loadFactor": 8
    },
    {
      "id": 10362,
      "pickupLocation": {
        "hash": "u1qf5y",
        "latitude": 52.4193614,
        "longitude": 9.6574947
      },
      "deliveryLocation": {
        "hash": "u22hvz",
        "latitude": 47.280693,
        "longitude": 11.507546
      },
      "loadFactor": 4
    },
    {
      "id": 10445,
      "pickupLocation": {
        "hash": "u1mpd8",
        "latitude": 53.351613,
        "longitude": 7.147359
      },
      "deliveryLocation": {
        "hash": "u0gphf",
        "latitude": 50.4653854,
        "longitude": 4.4301758
      },
      "loadFactor": 7
    },
    {
      "id": 4318,
      "pickupLocation": {
        "hash": "u1mxsy",
        "latitude": 53.387024,
        "longitude": 7.952453
      },
      "deliveryLocation": {
        "hash": "u0vxjb",
        "latitude": 50.453808,
        "longitude": 7.987996
      },
      "loadFactor": 8
    },
    {
      "id": 9670,
      "pickupLocation": {
        "hash": "u1mxsy",
        "latitude": 53.387024,
        "longitude": 7.952453
      },
      "deliveryLocation": {
        "hash": "u0y12p",
        "latitude": 49.479236,
        "longitude": 8.439117
      },
      "loadFactor": 8
    }
  ]
}