{
  "vehicles": [
    {
      "id": 7804,
      "priceKm": 1.7921336421722411,
      "startLocation": {
        "hash": "u1v2vw",
        "latitude": 55.012635779618506,
        "longitude": 7.628524557667769
      }
    },
    {
      "id": 7650,
      "priceKm": 2.9094485359992874,
      "startLocation": {
        "hash": "u22z0w",
        "latitude": 47.67189690840996,
        "longitude": 12.330763153352958
      }
    },
    {
      "id": 7941,
      "priceKm": 1.2119248422030997,
      "startLocation": {
        "hash": "u1k581",
        "latitude": 52.657397743833414,
        "longitude": 5.633715114329145
      }
    },
    {
      "id": 1246,
      "priceKm": 1.627015797625271,
      "startLocation": {
        "hash": "u3bzt1",
        "latitude": 56.17299578383024,
        "longitude": 12.533312245954507
      }
    },
    {
      "id": 2655,
      "priceKm": 1.0678043459439615,
      "startLocation": {
        "hash": "u0z08r",
        "latitude": 49.34716897677373,
        "longitude": 9.860622999958311
      }
    },
    {
      "id": 6124,
      "priceKm": 2.760685115614468,
      "startLocation": {
        "hash": "u0wd7k",
        "latitude": 48.23217622741772,
        "longitude": 9.28346158875462
      }
    }
  ],
  "orders": [
    {
      "id": 209,
      "pickupLocation": {
        "hash": "u0wqdb",
        "latitude": 48.955734,
        "longitude": 8.920005
      },
      "deliveryLocation": {
        "hash": "u0wsz0",
        "latitude": 48.6480103,
        "longitude": 9.4511042
      },
      "loadFactor": 8
    },
    {
      "id": 9263,
      "pickupLocation": {
        "hash": "u1yv4m",
        "latitude": 55.7507,
        "longitude": 9.593335
      },
      "deliveryLocation": {
        "hash": "u1hndz",
        "latitude": 51.8085311,
        "longitude": 5.7468506
      },
      "loadFactor": 8
    },
    {
      "id": 8357,
      "pickupLocation": {
        "hash": "u1mpeg",
        "latitude": 53.36696,
        "longitude": 7.20595
      },
      "deliveryLocation": {
        "hash": "u3k41k",
        "latitude": 52.40823,
        "longitude": 16.933365
      },
      "loadFactor": 8
    },
    {
      "id": 3478,
      "pickupLocation": {
        "hash": "u30cdb",
        "latitude": 50.889108,
        "longitude": 12.431532
      },
      "deliveryLocation": {
        "hash": "u1hg0p",
        "latitude": 51.195843,
        "longitude": 6.690083
      },
      "loadFactor": 6
    },
    {
      "id": 6033,
      "pickupLocation": {
        "hash": "u0b1x4",
        "latitude": 49.496622,
        "longitude": 0.316745
      },
      "deliveryLocation": {
        "hash": "u2ft9d",
        "latitude": 50.201865,
        "longitude": 14.84216
      },
      "loadFactor": 3
    },
    {
      "id": 2370,
      "pickupLocation": {
        "hash": "u32203",
        "latitude": 52.039425,
        "longitude": 11.613103
      },
      "deliveryLocation": {
        "hash": "u0y0kr",
        "latitude": 49.304988,
        "longitude": 8.6327405
      },
      "loadFactor": 8
    },
    {
      "id": 8187,
      "pickupLocation": {
        "hash": "u28hgt",
        "latitude": 48.677765,
        "longitude": 11.411769
      },
      "deliveryLocation": {
        "hash": "u0p6we",
        "latitude": 45.46104,
        "longitude": 10.484535
      },
      "loadFactor": 8
    }
  ]
}