{
  "vehicles": [
    {
      "id": 8782,
      "priceKm": 2.7884939660853965,
      "startLocation": {
        "hash": "u119tt",
        "latitude": 50.92057151683611,
        "longitude": 2.3530636140139354
      }
    },
    {
      "id": 6424,
      "priceKm": 1.2834203517452345,
      "startLocation": {
        "hash": "u1q1vm",
        "latitude": 52.36866120720965,
        "longitude": 8.668378363127994
      }
    },
    {
      "id": 117,
      "priceKm": 2.308765770810878,
      "startLocation": {
        "hash": "spss0v",
        "latitude": 42.923323802172014,
        "longitude": 6.371295771232115
      }
    },
    {
      "id": 8593,
      "priceKm": 1.4909535052812752,
      "startLocation": {
        "hash": "u1qjrc",
        "latitude": 52.96094360904977,
        "longitude": 8.78364411638443
      }
    },
    {
      "id": 6691,
      "priceKm": 2.2255171132610565,
      "startLocation": {
        "hash": "u2bdws",
        "latitude": 49.68143416096907,
        "longitude": 12.244565085740845
      }
    },
    {
      "id": 9747,
      "priceKm": 1.8987324714004847,
      "startLocation": {
        "hash": "u1541t",
        "latitude": 51.00578793778356,
        "longitude": 4.286872965468786
      }
    }
  ],
  "orders": [
    {
      "id": 7156,
      "pickupLocation": {
        "hash": "u0wqdb",
        "latitude": 48.955734,
        "longitude": 8.920005
      },
      "deliveryLocation": {
        "hash": "u0xj8h",
        "latitude": 48.8055579,
        "longitude": 9.847215
      },
      "loadFactor": 8
    },
    {
      "id": 5406,
      "pickupLocation": {
        "hash": "u1r2em",
        "latitude": 52.148021,
        "longitude": 10.348964
      },
      "deliveryLocation": {
        "hash": "u1m7d7",
        "latitude": 52.66591,
        "longitude": 7.485068
      },
      "loadFactor": 4
    },
    {
      "id": 1833,
      "pickupLocation": {
        "hash": "u0wqdb",
        "latitude": 48.955734,
        "longitude": 8.920005
      },
      "deliveryLocation": {
        "hash": "u0wv5b",
        "latitude": 48.6943345,
        "longitude": 9.6662261
      },
      "loadFactor": 8
    },
    {
      "id": 7291,
      "pickupLocation": {
        "hash": "u1mxsy",
        "latitude": 53.387024,
        "longitude": 7.952453
      },
      "deliveryLocation": {
        "hash": "u1j51j",
        "latitude": 51.1833,
        "longitude": 7.08333
      },
      "loadFactor": 8
    },
    {
      "id": 6060,
      "pickupLocation": {
        "hash": "u0wqdb",
        "latitude": 48.955734,
        "longitude": 8.920005
      },
      "deliveryLocation": {
        "hash": "u0y2ng",
        "latitude": 49.2369848,
        "longitude": 9.0883852
      },
      "loadFactor": 7
    },
    {
      "id": 7976,
      "pickupLocation": {
        "hash": "u1mxsy",
        "latitude": 53.387024,
        "longitude": 7.952453
      },
      "deliveryLocation": {
        "hash": "u313xt",
        "latitude": 50.916904,
        "longitude": 13.342934
      },
      "loadFactor": 8
    },
    {
      "id": 8985,
      "pickupLocation": {
        "hash": "u1h8gx",
        "latitude": 50.799731,
        "longitude": 6.48352
      },
      "deliveryLocation": {
        "hash": "u1m5ks",
        "latitude": 52.6295296,
        "longitude": 7.2367071
      },
      "loadFactor": 8
    }
  ]
}