{
  "vehicles": [
    {
      "id": 7095,
      "priceKm": 1.0785445234788034,
      "startLocation": {
        "hash": "u0xxsd",
        "latitude": 49.14281737026999,
        "longitude": 10.752295574013315
      }
    },
    {
      "id": 5607,
      "priceKm": 1.4358263613990674,
      "startLocation": {
        "hash": "u11um0",
        "latitude": 51.37598819687519,
        "longitude": 2.6849209860809378
      }
    },
    {
      "id": 9755,
      "priceKm": 1.8732668090998164,
      "startLocation": {
        "hash": "u0xkz4",
        "latitude": 48.66272798344362,
        "longitude": 10.505401232644516
      }
    },
    {
      "id": 182,
      "priceKm": 1.6323991870003511,
      "startLocation": {
        "hash": "u1kj7n",
        "latitude": 52.988017821744315,
        "longitude": 5.762248703725524
      }
    },
    {
      "id": 3300,
      "priceKm": 1.7496558399313893,
      "startLocation": {
        "hash": "u1eynd",
        "latitude": 54.508613764434315,
        "longitude": 5.569129264995604
      }
    },
    {
      "id": 9178,
      "priceKm": 2.9484779866889643,
      "startLocation": {
        "hash": "u0cd7h",
        "latitude": 49.640804207512794,
        "longitude": 2.251666171955057
      }
    }
  ],
  "orders": [
    {
      "id": 9810,
      "pickupLocation": {
        "hash": "u2fwg0",
        "latitude": 50.4095039,
        "longitude": 14.9040823
      },
      "deliveryLocation": {
        "hash": "u331rw",
        "latitude": 52.287106,
        "longitude": 12.98605
      },
      "loadFactor": 7
    },
    {
      "id": 10598,
      "pickupLocation": {
        "hash": "u0wqdb",
        "latitude": 48.955734,
        "longitude": 8.920005
      },
      "deliveryLocation": {
        "hash": "u0wt78",
        "latitude": 48.7388611,
        "longitude": 9.3010798
      },
      "loadFactor": 5
    },
    {
      "id": 6408,
      "pickupLocation": {
        "hash": "u0wqdb",
        "latitude": 48.955734,
        "longitude": 8.920005
      },
      "deliveryLocation": {
        "hash": "u0wxee",
        "latitude": 49.1493117,
        "longitude": 9.304862
      },
      "loadFactor": 7
    },
    {
      "id": 3650,
      "pickupLocation": {
        "hash": "u1hu9e",
        "latitude": 51.433434,
        "longitude": 6.749769
      },
      "deliveryLocation": {
        "hash": "u0qx8x",
        "latitude": 47.766702,
        "longitude": 9.166663
      },
      "loadFactor": 8
    },
    {
      "id": 4837,
      "pickupLocation": {
        "hash": "u1yv4m",
        "latitude": 55.7507,
        "longitude": 9.593335
      },
      "deliveryLocation": {
        "hash": "u1r3rd",
        "latitude": 52.2643013,
        "longitude": 10.5251064
      },
      "loadFactor": 8
    },
    {
      "id": 4781,
      "pickupLocation": {
        "hash": "u1q52c",
        "latitude": 52.609453,
        "longitude": 8.480184
      },
      "deliveryLocation": {
        "hash": "u1hukt",
        "latitude": 51.4019224,
        "longitude": 6.8786632
      },
      "loadFactor": 7
    },
    {
      "id": 8183,
      "pickupLocation": {
        "hash": "u0wqdb",
        "latitude": 48.955734,
        "longitude": 8.920005
      },
      "deliveryLocation": {
        "hash": "u0wsz0",
        "latitude": 48.64801,
        "longitude": 9.451104
      },
      "loadFactor": 8
    }
  ]
}