{
  "vehicles": [
    {
      "id": 789,
      "priceKm": 1.8810888265593597,
      "startLocation": {
        "hash": "u1wv3u",
        "latitude": 54.38734883488079,
        "longitude": 9.571358368076922
      }
    },
    {
      "id": 3458,
      "priceKm": 2.7901699426925926,
      "startLocation": {
        "hash": "u2bdec",
        "latitude": 49.66398322317949,
        "longitude": 12.124231982291732
      }
    },
    {
      "id": 6606,
      "priceKm": 1.5866389302486472,
      "startLocation": {
        "hash": "u0ygrc",
        "latitude": 49.7960974818939,
        "longitude": 9.834667537030413
      }
    },
    {
      "id": 2129,
      "priceKm": 1.3983790780357044,
      "startLocation": {
        "hash": "u23q3s",
        "latitude": 47.53110330970041,
        "longitude": 13.082566490747237
      }
    },
    {
      "id": 928,
      "priceKm": 1.5830116992193735,
      "startLocation": {
        "hash": "u30fve",
        "latitude": 51.12561987771787,
        "longitude": 12.546544914868276
      }
    },
    {
      "id": 7526,
      "priceKm": 2.2683237621357244,
      "startLocation": {
        "hash": "u6ee2f",
        "latitude": 59.64527788790897,
        "longitude": 16.207026349878934
      }
    }
  ],
  "orders": [
    {
      "id": 1052,
      "pickupLocation": {
        "hash": "u1yv4m",
        "latitude": 55.7507,
        "longitude": 9.593335
      },
      "deliveryLocation": {
        "hash": "u2d4vc",
        "latitude": 48.3051521,
        "longitude": 14.3178396
      },
      "loadFactor": 8
    },
    {
      "id": 8694,
      "pickupLocation": {
        "hash": "u331ry",
        "latitude": 52.28525,
        "longitude": 13.00737
      },
      "deliveryLocation": {
        "hash": "u32fjj",
        "latitude": 52.4125287,
        "longitude": 12.5316444
      },
      "loadFactor": 7
    },
    {
      "id": 4767,
      "pickupLocation": {
        "hash": "u28k82",
        "latitude": 48.605431,
        "longitude": 11.623412
      },
      "deliveryLocation": {
        "hash": "u282t2",
        "latitude": 47.901573,
        "longitude": 11.839625
      },
      "loadFactor": 7
    },
    {
      "id": 5583,
      "pickupLocation": {
        "hash": "u0wqdb",
        "latitude": 48.955734,
        "longitude": 8.920005
      },
      "deliveryLocation": {
        "hash": "u0wv5b",
        "latitude": 48.6945369,
        "longitude": 9.6667207
      },
      "loadFactor": 7
    },
    {
      "id": 6215,
      "pickupLocation": {
        "hash": "u1mxsy",
        "latitude": 53.387024,
        "longitude": 7.952453
      },
      "deliveryLocation": {
        "hash": "u301z8",
        "latitude": 50.93314,
        "longitude": 11.583309
      },
      "loadFactor": 7
    },
    {
      "id": 5151,
      "pickupLocation": {
        "hash": "u2kx33",
        "latitude": 47.687611,
        "longitude": 17.634682
      },
      "deliveryLocation": {
        "hash": "u0zvcw",
        "latitude": 50.2632484,
        "longitude": 10.9688034
      },
      "loadFactor": 8
    },
    {
      "id": 5034,
      "pickupLocation": {
        "hash": "u1yv4m",
        "latitude": 55.7507,
        "longitude": 9.593335
      },
      "deliveryLocation": {
        "hash": "u1hmb8",
        "latitude": 51.6371744,
        "longitude": 6.0037401
      },
      "loadFactor": 8
    }
  ]
}