{
  "vehicles": [
    {
      "id": 5966,
      "priceKm": 2.1401708634842453,
      "startLocation": {
        "hash": "u0x9sn",
        "latitude": 48.11233323704335,
        "longitude": 10.730337936749729
      }
    },
    {
      "id": 7588,
      "priceKm": 1.7753622277048442,
      "startLocation": {
        "hash": "u1nnn4",
        "latitude": 51.69494843989673,
        "longitude": 8.711886149278083
      }
    },
    {
      "id": 5124,
      "priceKm": 2.3192707357503117,
      "startLocation": {
        "hash": "u31d47",
        "latitude": 50.99780281774485,
        "longitude": 13.463043512398272
      }
    },
    {
      "id": 5267,
      "priceKm": 1.5569948899887982,
      "startLocation": {
        "hash": "u335zb",
        "latitude": 52.6953250075093,
        "longitude": 12.999580421259537
      }
    },
    {
      "id": 2815,
      "priceKm": 2.787856313180905,
      "startLocation": {
        "hash": "u1mydf",
        "latitude": 53.18762832965514,
        "longitude": 8.21354583637523
      }
    },
    {
      "id": 1677,
      "priceKm": 1.7488399383652498,
      "startLocation": {
        "hash": "u0wx5w",
        "latitude": 49.076805600447535,
        "longitude": 9.302099624894108
      }
    }
  ],
  "orders": [
    {
      "id": 1642,
      "pickupLocation": {
        "hash": "u3bu34",
        "latitude": 55.6070444,
        "longitude": 12.3559303
      },
      "deliveryLocation": {
        "hash": "u1m9t1",
        "latitude": 52.3058928,
        "longitude": 7.9552412
      },
      "loadFactor": 7
    },
    {
      "id": 10783,
      "pickupLocation": {
        "hash": "u1w0ek",
        "latitude": 53.552227,
        "longitude": 8.586551
      },
      "deliveryLocation": {
        "hash": "u0mst0",
        "latitude": 47.200912,
        "longitude": 7.961177
      },
      "loadFactor": 4
    },
    {
      "id": 10939,
      "pickupLocation": {
        "hash": "u2c0s2",
        "latitude": 49.308084,
        "longitude": 12.845029
      },
      "deliveryLocation": {
        "hash": "u2bqnn",
        "latitude": 50.3091775,
        "longitude": 11.8734449
      },
      "loadFactor": 8
    },
    {
      "id": 7405,
      "pickupLocation": {
        "hash": "u0wqdb",
        "latitude": 48.955734,
        "longitude": 8.920005
      },
      "deliveryLocation": {
        "hash": "u0wv5b",
        "latitude": 48.6945075,
        "longitude": 9.6660442
      },
      "loadFactor": 8
    },
    {
      "id": 11055,
      "pickupLocation": {
        "hash": "u334u8",
        "latitude": 52.518784,
        "longitude": 12.85469
      },
      "deliveryLocation": {
        "hash": "u0xhfn",
        "latitude": 48.683726,
        "longitude": 9.932732
      },
      "loadFactor": 7
    },
    {
      "id": 2665,
      "pickupLocation": {
        "hash": "u28k82",
        "latitude": 48.605431,
        "longitude": 11.623412
      },
      "deliveryLocation": {
        "hash": "u286m1",
        "latitude": 48.216725,
        "longitude": 11.825342
      },
      "loadFactor": 7
    },
    {
      "id": 9787,
      "pickupLocation": {
        "hash": "gbwc9y",
        "latitude": 48.111454,
        "longitude": -1.679298
      },
      "deliveryLocation": {
        "hash": "spzqg5",
        "latitude": 44.8013496,
        "longitude": 10.3280363
      },
      "loadFactor": 7
    }
  ]
}