{
  "vehicles": [
    {
      "id": 4615,
      "priceKm": 2.7264595714437174,
      "startLocation": {
        "hash": "u2cp4w",
        "latitude": 50.486741083039526,
        "longitude": 12.77263226295632
      }
    },
    {
      "id": 867,
      "priceKm": 1.3115170479686877,
      "startLocation": {
        "hash": "u1rtj5",
        "latitude": 52.92893203962804,
        "longitude": 10.766620732066174
      }
    },
    {
      "id": 2153,
      "priceKm": 2.575385235122572,
      "startLocation": {
        "hash": "u1q280",
        "latitude": 52.121739993362105,
        "longitude": 8.794996861838936
      }
    },
    {
      "id": 9842,
      "priceKm": 2.3111999186078855,
      "startLocation": {
        "hash": "u2df7c",
        "latitude": 48.2188147028863,
        "longitude": 15.286475432350045
      }
    },
    {
      "id": 3399,
      "priceKm": 2.003470442220884,
      "startLocation": {
        "hash": "u1h4tv",
        "latitude": 51.09639195037316,
        "longitude": 5.8838898530030574
      }
    },
    {
      "id": 9434,
      "priceKm": 1.4552392698711276,
      "startLocation": {
        "hash": "u0cxx8",
        "latitude": 50.538090813729625,
        "longitude": 2.445137299844395
      }
    }
  ],
  "orders": [
    {
      "id": 3203,
      "pickupLocation": {
        "hash": "u33db8",
        "latitude": 52.51704,
        "longitude": 13.388855
      },
      "deliveryLocation": {
        "hash": "u1x0es",
        "latitude": 53.550341,
        "longitude": 10.000654
      },
      "loadFactor": 5
    },
    {
      "id": 7638,
      "pickupLocation": {
        "hash": "u1mxsy",
        "latitude": 53.387024,
        "longitude": 7.952453
      },
      "deliveryLocation": {
        "hash": "u0uve3",
        "latitude": 50.196246,
        "longitude": 6.830503
      },
      "loadFactor": 7
    },
    {
      "id": 3284,
      "pickupLocation": {
        "hash": "u1mxsy",
        "latitude": 53.387024,
        "longitude": 7.952453
      },
      "deliveryLocation": {
        "hash": "u31164",
        "latitude": 50.860814,
        "longitude": 12.754546
      },
      "loadFactor": 7
    },
    {
      "id": 9158,
      "pickupLocation": {
        "hash": "sp37gy",
        "latitude": 41.476918,
        "longitude": 1.928397
      },
      "deliveryLocation": {
        "hash": "u0tddp",
        "latitude": 48.295226,
        "longitude": 7.823876
      },
      "loadFactor": 9
    },
    {
      "id": 781,
      "pickupLocation": {
        "hash": "u1yv4m",
        "latitude": 55.7507,
        "longitude": 9.593335
      },
      "deliveryLocation": {
        "hash": "u154gx",
        "latitude": 51.1504953,
        "longitude": 4.3808758
      },
      "loadFactor": 8
    },
    {
      "id": 4282,
      "pickupLocation": {
        "hash": "u2gtdh",
        "latitude": 50.212498,
        "longitude": 16.262725
      },
      "deliveryLocation": {
        "hash": "u3b7kq",
        "latitude": 55.449876,
        "longitude": 11.79929
      },
      "loadFactor": 6
    },
    {
      "id": 6201,
      "pickupLocation": {
        "hash": "u0zchs",
        "latitude": 49.419392,
        "longitude": 11.098348
      },
      "deliveryLocation": {
        "hash": "u29s66",
        "latitude": 48.5740128,
        "longitude": 13.4606447
      },
      "loadFactor": 7
    }
  ]
}