{
  "vehicles": [
    {
      "id": 1612,
      "priceKm": 2.922359902142896,
      "startLocation": {
        "hash": "u2bye2",
        "latitude": 50.36362051102225,
        "longitude": 12.451399325207172
      }
    },
    {
      "id": 6099,
      "priceKm": 1.3835870143015665,
      "startLocation": {
        "hash": "u1ssp1",
        "latitude": 54.14976083407079,
        "longitude": 6.6432023773731625
      }
    },
    {
      "id": 2837,
      "priceKm": 2.9180914865267242,
      "startLocation": {
        "hash": "u1kvwk",
        "latitude": 53.020496899635994,
        "longitude": 6.959142704886595
      }
    },
    {
      "id": 3870,
      "priceKm": 2.8361060314420623,
      "startLocation": {
        "hash": "u3b0fk",
        "latitude": 54.99866692027582,
        "longitude": 11.352336941433892
      }
    },
    {
      "id": 631,
      "priceKm": 1.4434848636446547,
      "startLocation": {
        "hash": "u31ny7",
        "latitude": 51.82809401488582,
        "longitude": 12.933118989301812
      }
    },
    {
      "id": 7898,
      "priceKm": 2.3780588742608737,
      "startLocation": {
        "hash": "u33bh5",
        "latitude": 52.05316917993072,
        "longitude": 13.888535274839407
      }
    }
  ],
  "orders": [
    {
      "id": 8958,
      "pickupLocation": {
        "hash": "u1m9r4",
        "latitude": 52.2667,
        "longitude": 8.05
      },
      "deliveryLocation": {
        "hash": "u1qm3m",
        "latitude": 52.9842232,
        "longitude": 8.8441245
      },
      "loadFactor": 8
    },
    {
      "id": 3548,
      "pickupLocation": {
        "hash": "u28rh1",
        "latitude": 49.051888,
        "longitude": 11.782505
      },
      "deliveryLocation": {
        "hash": "u0wxcg",
        "latitude": 49.191735,
        "longitude": 9.224944
      },
      "loadFactor": 8
    },
    {
      "id": 1311,
      "pickupLocation": {
        "hash": "u28jqm",
        "latitude": 48.766472,
        "longitude": 11.533357
      },
      "deliveryLocation": {
        "hash": "u0x4rd",
        "latitude": 48.223801,
        "longitude": 10.179777
      },
      "loadFactor": 5
    },
    {
      "id": 1974,
      "pickupLocation": {
        "hash": "u2c0s2",
        "latitude": 49.308084,
        "longitude": 12.845029
      },
      "deliveryLocation": {
        "hash": "u29qv6",
        "latitude": 49.0132461,
        "longitude": 13.2469327
      },
      "loadFactor": 8
    },
    {
      "id": 7102,
      "pickupLocation": {
        "hash": "u1qjdr",
        "latitude": 53.0365486,
        "longitude": 8.5416908
      },
      "deliveryLocation": {
        "hash": "spey61",
        "latitude": 43.294807,
        "longitude": 5.370816
      },
      "loadFactor": 8
    },
    {
      "id": 7254,
      "pickupLocation": {
        "hash": "u1rdk3",
        "latitude": 52.435841,
        "longitude": 10.742137
      },
      "deliveryLocation": {
        "hash": "sxkbkz",
        "latitude": 40.8660591,
        "longitude": 29.3946001
      },
      "loadFactor": 8
    },
    {
      "id": 8796,
      "pickupLocation": {
        "hash": "u1jhb5",
        "latitude": 51.4767191,
        "longitude": 7.0372498
      },
      "deliveryLocation": {
        "hash": "u1hg5r",
        "latitude": 51.1912416,
        "longitude": 6.8247886
      },
      "loadFactor": 6
    }
  ]
}