{
  "vehicles": [
    {
      "id": 7554,
      "priceKm": 1.2868679542847492,
      "startLocation": {
        "hash": "u0y6fs",
        "latitude": 49.72544843545976,
        "longitude": 8.903973496725586
      }
    },
    {
      "id": 3892,
      "priceKm": 2.6719726804624044,
      "startLocation": {
        "hash": "u0xhkd",
        "latitude": 48.57495237727924,
        "longitude": 10.050408950639522
      }
    },
    {
      "id": 1595,
      "priceKm": 2.7320087686387895,
      "startLocation": {
        "hash": "u1rncz",
        "latitude": 53.258843486959854,
        "longitude": 9.928095310230875
      }
    },
    {
      "id": 2013,
      "priceKm": 2.7487998682124344,
      "startLocation": {
        "hash": "u30dn9",
        "latitude": 50.985055213164294,
        "longitude": 12.24165532913342
      }
    },
    {
      "id": 7837,
      "priceKm": 2.0078276262830097,
      "startLocation": {
        "hash": "u2tu32",
        "latitude": 48.56369832846815,
        "longitude": 19.397190581613337
      }
    },
    {
      "id": 9650,
      "priceKm": 2.2686315450170724,
      "startLocation": {
        "hash": "u31dp8",
        "latitude": 50.97686346118123,
        "longitude": 13.695761513258809
      }
    }
  ],
  "orders": [
    {
      "id": 7580,
      "pickupLocation": {
        "hash": "u1r2em",
        "latitude": 52.148021,
        "longitude": 10.348964
      },
      "deliveryLocation": {
        "hash": "u1mz7w",
        "latitude": 53.342942,
        "longitude": 8.24009
      },
      "loadFactor": 7
    },
    {
      "id": 3554,
      "pickupLocation": {
        "hash": "sp37gy",
        "latitude": 41.476918,
        "longitude": 1.928397
      },
      "deliveryLocation": {
        "hash": "u3k4he",
        "latitude": 52.404004,
        "longitude": 17.075411
      },
      "loadFactor": 8
    },
    {
      "id": 5772,
      "pickupLocation": {
        "hash": "u32203",
        "latitude": 52.039425,
        "longitude": 11.613103
      },
      "deliveryLocation": {
        "hash": "u1jqfq",
        "latitude": 51.8474342,
        "longitude": 7.4875843
      },
      "loadFactor": 7
    },
    {
      "id": 10778,
      "pickupLocation": {
        "hash": "u28k82",
        "latitude": 48.605431,
        "longitude": 11.623412
      },
      "deliveryLocation": {
        "hash": "u0xcn3",
        "latitude": 47.995571,
        "longitude": 11.175513
      },
      "loadFactor": 8
    },
    {
      "id": 961,
      "pickupLocation": {
        "hash": "u1mxsy",
        "latitude": 53.387024,
        "longitude": 7.952453
      },
      "deliveryLocation": {
        "hash": "u0ut27",
        "latitude": 50.159023,
        "longitude": 6.341207
      },
      "loadFactor": 8
    },
    {
      "id": 4525,
      "pickupLocation": {
        "hash": "u2s1vq",
        "latitude": 48.153538,
        "longitude": 17.109671
      },
      "deliveryLocation": {
        "hash": "u2ppsu",
        "latitude": 46.340587,
        "longitude": 21.310495
      },
      "loadFactor": 5
    },
    {
      "id": 4213,
      "pickupLocation": {
        "hash": "u1tb82",
        "latitude": 53.5278778,
        "longitude": 8.1063013
      },
      "deliveryLocation": {
        "hash": "u0y5sz",
        "latitude": 49.872775,
        "longitude": 8.651178
      },
      "loadFactor": 7
    }
  ]
}