{
  "vehicles": [
    {
      "id": 3777,
      "priceKm": 2.78828443960969,
      "startLocation": {
        "hash": "u0z5st",
        "latitude": 49.862488970258404,
        "longitude": 10.045714970848579
      }
    },
    {
      "id": 6391,
      "priceKm": 1.2726989007827187,
      "startLocation": {
        "hash": "ezt0wm",
        "latitude": 42.3029268031303,
        "longitude": -3.938686328860679
      }
    },
    {
      "id": 3155,
      "priceKm": 1.0032992082405172,
      "startLocation": {
        "hash": "u0rr6c",
        "latitude": 47.68668462502727,
        "longitude": 10.32127328670691
      }
    }
  ],
  "orders": [
    {
      "id": 9864,
      "pickupLocation": {
        "hash": "u0yepk",
        "latitude": 49.7729275,
        "longitude": 9.462909
      },
      "deliveryLocation": {
        "hash": "u1ngc4",
        "latitude": 51.2968725,
        "longitude": 9.5369634
      },
      "loadFactor": 7
    },
    {
      "id": 6890,
      "pickupLocation": {
        "hash": "u0wqdb",
        "latitude": 48.955734,
        "longitude": 8.920005
      },
      "deliveryLocation": {
        "hash": "u0wth2",
        "latitude": 48.6942665,
        "longitude": 9.3281001
      },
      "loadFactor": 8
    },
    {
      "id": 9682,
      "pickupLocation": {
        "hash": "u2s1vq",
        "latitude": 48.153538,
        "longitude": 17.109671
      },
      "deliveryLocation": {
        "hash": "sp2cus",
        "latitude": 41.1136856,
        "longitude": 1.252739
      },
      "loadFactor": 8
    },
    {
      "id": 565,
      "pickupLocation": {
        "hash": "u30cj7",
        "latitude": 50.819904,
        "longitude": 12.539787
      },
      "deliveryLocation": {
        "hash": "u0zjmr",
        "latitude": 50.1851415,
        "longitude": 10.0775445
      },
      "loadFactor": 8
    }
  ]
}