{
  "vehicles": [
    {
      "id": 592,
      "priceKm": 2.2359656075365173,
      "startLocation": {
        "hash": "u0xjue",
        "latitude": 48.83982011259378,
        "longitude": 10.044919042390138
      }
    },
    {
      "id": 3563,
      "priceKm": 2.426028921550821,
      "startLocation": {
        "hash": "u0gqnn",
        "latitude": 50.3107494657301,
        "longitude": 4.84238106076105
      }
    },
    {
      "id": 8302,
      "priceKm": 1.7454490647408536,
      "startLocation": {
        "hash": "u0bgv7",
        "latitude": 49.89682425062572,
        "longitude": 1.294851754329336
      }
    }
  ],
  "orders": [
    {
      "id": 9382,
      "pickupLocation": {
        "hash": "u30cj7",
        "latitude": 50.819903,
        "longitude": 12.539787
      },
      "deliveryLocation": {
        "hash": "u0z560",
        "latitude": 49.79245,
        "longitude": 9.932966
      },
      "loadFactor": 9
    },
    {
      "id": 3339,
      "pickupLocation": {
        "hash": "u32203",
        "latitude": 52.039425,
        "longitude": 11.613103
      },
      "deliveryLocation": {
        "hash": "u0y0kr",
        "latitude": 49.304988,
        "longitude": 8.6327405
      },
      "loadFactor": 7
    },
    {
      "id": 4388,
      "pickupLocation": {
        "hash": "u2s1vq",
        "latitude": 48.153538,
        "longitude": 17.109671
      },
      "deliveryLocation": {
        "hash": "sp2cus",
        "latitude": 41.1136856,
        "longitude": 1.252739
      },
      "loadFactor": 7
    },
    {
      "id": 6096,
      "pickupLocation": {
        "hash": "u1yv4m",
        "latitude": 55.7507,
        "longitude": 9.593335
      },
      "deliveryLocation": {
        "hash": "u15rqy",
        "latitude": 51.9359709,
        "longitude": 4.8774417
      },
      "loadFactor": 7
    }
  ]
}