{
  "vehicles": [
    {
      "id": 2313,
      "priceKm": 1.5443208994962738,
      "startLocation": {
        "hash": "u9dg9s",
        "latitude": 54.075078393598226,
        "longitude": 26.440418229711447
      }
    },
    {
      "id": 5287,
      "priceKm": 1.2693467179720512,
      "startLocation": {
        "hash": "ezqb0w",
        "latitude": 40.81442620902317,
        "longitude": -1.7255588662632333
      }
    },
    {
      "id": 9290,
      "priceKm": 2.7017534962300793,
      "startLocation": {
        "hash": "u30qpk",
        "latitude": 51.70367694166439,
        "longitude": 11.930745773374142
      }
    }
  ],
  "orders": [
    {
      "id": 6120,
      "pickupLocation": {
        "hash": "u0wqdb",
        "latitude": 48.955734,
        "longitude": 8.920005
      },
      "deliveryLocation": {
        "hash": "u0xjv2",
        "latitude": 48.8275283,
        "longitude": 10.0781045
      },
      "loadFactor": 9
    },
    {
      "id": 11166,
      "pickupLocation": {
        "hash": "u28k82",
        "latitude": 48.605431,
        "longitude": 11.623412
      },
      "deliveryLocation": {
        "hash": "u28jjs",
        "latitude": 48.718611,
        "longitude": 11.497222
      },
      "loadFactor": 8
    },
    {
      "id": 10636,
      "pickupLocation": {
        "hash": "u1qf5y",
        "latitude": 52.4193614,
        "longitude": 9.6574947
      },
      "deliveryLocation": {
        "hash": "u21g07",
        "latitude": 45.548133,
        "longitude": 13.729491
      },
      "loadFactor": 4
    },
    {
      "id": 9760,
      "pickupLocation": {
        "hash": "u1mxsy",
        "latitude": 53.387024,
        "longitude": 7.952453
      },
      "deliveryLocation": {
        "hash": "u1j9qk",
        "latitude": 50.87053,
        "longitude": 8.015332
      },
      "loadFactor": 8
    }
  ]
}