{
  "vehicles": [
    {
      "id": 7687,
      "priceKm": 2.4979870532663395,
      "startLocation": {
        "hash": "u0zmve",
        "latitude": 50.2478529542867,
        "longitude": 10.44520511503843
      }
    },
    {
      "id": 875,
      "priceKm": 1.6379389065075975,
      "startLocation": {
        "hash": "u1ve7q",
        "latitude": 55.451373629780846,
        "longitude": 7.887748027110964
      }
    },
    {
      "id": 8021,
      "priceKm": 1.7538458935009407,
      "startLocation": {
        "hash": "u1x1bj",
        "latitude": 53.77444163352235,
        "longitude": 9.844683707719225
      }
    }
  ],
  "orders": [
    {
      "id": 9368,
      "pickupLocation": {
        "hash": "u1mpd8",
        "latitude": 53.351613,
        "longitude": 7.147359
      },
      "deliveryLocation": {
        "hash": "u0wss6",
        "latitude": 48.6151969,
        "longitude": 9.3311291
      },
      "loadFactor": 7
    },
    {
      "id": 5127,
      "pickupLocation": {
        "hash": "u173zt",
        "latitude": 52.371009,
        "longitude": 4.900112
      },
      "deliveryLocation": {
        "hash": "u154gu",
        "latitude": 51.1350441,
        "longitude": 4.3836808
      },
      "loadFactor": 8
    },
    {
      "id": 11140,
      "pickupLocation": {
        "hash": "sp3e3q",
        "latitude": 41.38568,
        "longitude": 2.170205
      },
      "deliveryLocation": {
        "hash": "u0msmq",
        "latitude": 47.18965,
        "longitude": 7.973802
      },
      "loadFactor": 4
    },
    {
      "id": 4317,
      "pickupLocation": {
        "hash": "u1mxsy",
        "latitude": 53.387024,
        "longitude": 7.952453
      },
      "deliveryLocation": {
        "hash": "u0v3jk",
        "latitude": 49.417196,
        "longitude": 7.617643
      },
      "loadFactor": 7
    }
  ]
}