{
  "vehicles": [
    {
      "id": 2758,
      "priceKm": 2.5877487159879546,
      "startLocation": {
        "hash": "u1m0qm",
        "latitude": 52.10815069375759,
        "longitude": 7.31302329641497
      }
    },
    {
      "id": 3281,
      "priceKm": 1.3208959551084696,
      "startLocation": {
        "hash": "u1zy0b",
        "latitude": 55.8989896782793,
        "longitude": 10.93378158390923
      }
    },
    {
      "id": 1964,
      "priceKm": 1.0588652288436895,
      "startLocation": {
        "hash": "spee8t",
        "latitude": 42.835329616896466,
        "longitude": 4.953490838803485
      }
    }
  ],
  "orders": [
    {
      "id": 4906,
      "pickupLocation": {
        "hash": "u1mxsy",
        "latitude": 53.387024,
        "longitude": 7.952453
      },
      "deliveryLocation": {
        "hash": "u1nezs",
        "latitude": 51.309266,
        "longitude": 9.477016
      },
      "loadFactor": 8
    },
    {
      "id": 1888,
      "pickupLocation": {
        "hash": "u2c0s2",
        "latitude": 49.308084,
        "longitude": 12.845029
      },
      "deliveryLocation": {
        "hash": "u28fmj",
        "latitude": 48.2405052,
        "longitude": 12.5252447
      },
      "loadFactor": 6
    },
    {
      "id": 6066,
      "pickupLocation": {
        "hash": "u1yv4m",
        "latitude": 55.7507,
        "longitude": 9.593335
      },
      "deliveryLocation": {
        "hash": "u04vv1",
        "latitude": 46.0182213,
        "longitude": 4.0908797
      },
      "loadFactor": 8
    },
    {
      "id": 10791,
      "pickupLocation": {
        "hash": "u1q52c",
        "latitude": 52.609453,
        "longitude": 8.480184
      },
      "deliveryLocation": {
        "hash": "u2bj5c",
        "latitude": 50.10536,
        "longitude": 11.42576
      },
      "loadFactor": 7
    }
  ]
}