{
  "vehicles": [
    {
      "id": 2904,
      "priceKm": 2.5397756950416595,
      "startLocation": {
        "hash": "u0v2d4",
        "latitude": 49.317914668397826,
        "longitude": 7.475990989895066
      }
    },
    {
      "id": 2548,
      "priceKm": 2.9028316237331864,
      "startLocation": {
        "hash": "u0xe12",
        "latitude": 48.344112640034034,
        "longitude": 10.602178664549214
      }
    },
    {
      "id": 3504,
      "priceKm": 2.6039460399468193,
      "startLocation": {
        "hash": "u0zb53",
        "latitude": 49.22541927342827,
        "longitude": 11.04385103871524
      }
    }
  ],
  "orders": [
    {
      "id": 10330,
      "pickupLocation": {
        "hash": "u0wqdb",
        "latitude": 48.955734,
        "longitude": 8.920005
      },
      "deliveryLocation": {
        "hash": "u0wvzd",
        "latitude": 48.835287,
        "longitude": 9.8231574
      },
      "loadFactor": 8
    },
    {
      "id": 6467,
      "pickupLocation": {
        "hash": "u1m9r4",
        "latitude": 52.2667,
        "longitude": 8.05
      },
      "deliveryLocation": {
        "hash": "u0yp7k",
        "latitude": 50.5170003,
        "longitude": 8.5846482
      },
      "loadFactor": 8
    },
    {
      "id": 6610,
      "pickupLocation": {
        "hash": "u1nsmm",
        "latitude": 51.4033278,
        "longitude": 9.376824
      },
      "deliveryLocation": {
        "hash": "u1w8zm",
        "latitude": 53.6019534,
        "longitude": 9.4692059
      },
      "loadFactor": 8
    },
    {
      "id": 7305,
      "pickupLocation": {
        "hash": "u1rdk3",
        "latitude": 52.435841,
        "longitude": 10.742137
      },
      "deliveryLocation": {
        "hash": "u0zck4",
        "latitude": 49.4538498,
        "longitude": 11.0773239
      },
      "loadFactor": 8
    }
  ]
}