{
  "vehicles": [
    {
      "id": 1693,
      "priceKm": 2.1688324601151683,
      "startLocation": {
        "hash": "u0ugut",
        "latitude": 49.90776665171108,
        "longitude": 6.8809930423868
      }
    },
    {
      "id": 3924,
      "priceKm": 2.865284348153324,
      "startLocation": {
        "hash": "u23n98",
        "latitude": 47.548933380330595,
        "longitude": 12.724979149597843
      }
    },
    {
      "id": 6162,
      "priceKm": 2.7954728355299765,
      "startLocation": {
        "hash": "u0zzuc",
        "latitude": 50.58825904446075,
        "longitude": 11.114718310194846
      }
    }
  ],
  "orders": [
    {
      "id": 320,
      "pickupLocation": {
        "hash": "u28rh1",
        "latitude": 49.051888,
        "longitude": 11.782505
      },
      "deliveryLocation": {
        "hash": "u0wxb9",
        "latitude": 49.1826455,
        "longitude": 9.1720775
      },
      "loadFactor": 8
    },
    {
      "id": 991,
      "pickupLocation": {
        "hash": "u0zchs",
        "latitude": 49.419392,
        "longitude": 11.098348
      },
      "deliveryLocation": {
        "hash": "u2bdst",
        "latitude": 49.6908188,
        "longitude": 12.1557808
      },
      "loadFactor": 7
    },
    {
      "id": 2143,
      "pickupLocation": {
        "hash": "u28k82",
        "latitude": 48.605431,
        "longitude": 11.623412
      },
      "deliveryLocation": {
        "hash": "u0xepu",
        "latitude": 48.367243,
        "longitude": 10.898279
      },
      "loadFactor": 7
    },
    {
      "id": 10159,
      "pickupLocation": {
        "hash": "u30cdb",
        "latitude": 50.889108,
        "longitude": 12.431532
      },
      "deliveryLocation": {
        "hash": "u0w1us",
        "latitude": 48.1469154,
        "longitude": 8.6392507
      },
      "loadFactor": 8
    }
  ]
}