{
  "vehicles": [
    {
      "id": 4329,
      "priceKm": 1.8407958092917276,
      "startLocation": {
        "hash": "u1pyp4",
        "latitude": 51.692460117393495,
        "longitude": 11.20981413814925
      }
    },
    {
      "id": 2561,
      "priceKm": 2.971365960209397,
      "startLocation": {
        "hash": "u38hfd",
        "latitude": 54.28618556904026,
        "longitude": 11.363121013819097
      }
    },
    {
      "id": 1234,
      "priceKm": 2.8638639580077467,
      "startLocation": {
        "hash": "u1n66g",
        "latitude": 51.04140833918556,
        "longitude": 8.914872032672788
      }
    }
  ],
  "orders": [
    {
      "id": 11053,
      "pickupLocation": {
        "hash": "u2s1vq",
        "latitude": 48.153538,
        "longitude": 17.109671
      },
      "deliveryLocation": {
        "hash": "u0p2ez",
        "latitude": 45.1308556,
        "longitude": 10.3687468
      },
      "loadFactor": 10
    },
    {
      "id": 8707,
      "pickupLocation": {
        "hash": "u0zck4",
        "latitude": 49.45385,
        "longitude": 11.077324
      },
      "deliveryLocation": {
        "hash": "u28usk",
        "latitude": 48.6300812,
        "longitude": 12.4977427
      },
      "loadFactor": 7
    },
    {
      "id": 6636,
      "pickupLocation": {
        "hash": "u0f0nr",
        "latitude": 49.259963,
        "longitude": 3.090591
      },
      "deliveryLocation": {
        "hash": "u05rmu",
        "latitude": 46.299618,
        "longitude": 4.8257505
      },
      "loadFactor": 8
    },
    {
      "id": 9335,
      "pickupLocation": {
        "hash": "u1huxx",
        "latitude": 51.455206,
        "longitude": 7.012273
      },
      "deliveryLocation": {
        "hash": "u1j5v9",
        "latitude": 51.29213,
        "longitude": 7.28027
      },
      "loadFactor": 2
    }
  ]
}