{
  "vehicles": [
    {
      "id": 8211,
      "priceKm": 2.165618786431237,
      "startLocation": {
        "hash": "u1m2w4",
        "latitude": 52.1338390562312,
        "longitude": 7.651170286979798
      }
    },
    {
      "id": 8070,
      "priceKm": 2.7009734181519365,
      "startLocation": {
        "hash": "u175wu",
        "latitude": 52.672341665238605,
        "longitude": 4.517700001013691
      }
    },
    {
      "id": 8602,
      "priceKm": 1.6461475896230187,
      "startLocation": {
        "hash": "u1w1j6",
        "latitude": 53.628050975824145,
        "longitude": 8.675256518466064
      }
    }
  ],
  "orders": [
    {
      "id": 3355,
      "pickupLocation": {
        "hash": "u1mxsy",
        "latitude": 53.387024,
        "longitude": 7.952453
      },
      "deliveryLocation": {
        "hash": "u0v7f5",
        "latitude": 49.896052,
        "longitude": 7.479153
      },
      "loadFactor": 8
    },
    {
      "id": 1472,
      "pickupLocation": {
        "hash": "u0wqdb",
        "latitude": 48.955734,
        "longitude": 8.920005
      },
      "deliveryLocation": {
        "hash": "u0wv5b",
        "latitude": 48.6943345,
        "longitude": 9.6662261
      },
      "loadFactor": 8
    },
    {
      "id": 9998,
      "pickupLocation": {
        "hash": "u334u8",
        "latitude": 52.518784,
        "longitude": 12.85469
      },
      "deliveryLocation": {
        "hash": "u0qykr",
        "latitude": 47.545477,
        "longitude": 9.683667
      },
      "loadFactor": 8
    },
    {
      "id": 9753,
      "pickupLocation": {
        "hash": "u1q52c",
        "latitude": 52.609453,
        "longitude": 8.480184
      },
      "deliveryLocation": {
        "hash": "u1hsj4",
        "latitude": 51.343874,
        "longitude": 6.5585718
      },
      "loadFactor": 7
    }
  ]
}