{
  "vehicles": [
    {
      "id": 7820,
      "priceKm": 2.7484698711691253,
      "startLocation": {
        "hash": "u1n8q6",
        "latitude": 50.68183405995073,
        "longitude": 9.421023802552659
      }
    },
    {
      "id": 9704,
      "priceKm": 1.260576706871485,
      "startLocation": {
        "hash": "u1n6j0",
        "latitude": 50.97728890765512,
        "longitude": 9.018762389436876
      }
    },
    {
      "id": 3642,
      "priceKm": 2.181374540884952,
      "startLocation": {
        "hash": "u0v44e",
        "latitude": 49.587893963121616,
        "longitude": 7.151116461538586
      }
    }
  ],
  "orders": [
    {
      "id": 7739,
      "pickupLocation": {
        "hash": "u0wqdb",
        "latitude": 48.955734,
        "longitude": 8.920005
      },
      "deliveryLocation": {
        "hash": "u0wt72",
        "latitude": 48.7375675,
        "longitude": 9.2940692
      },
      "loadFactor": 8
    },
    {
      "id": 9082,
      "pickupLocation": {
        "hash": "u28k82",
        "latitude": 48.605431,
        "longitude": 11.623412
      },
      "deliveryLocation": {
        "hash": "u281z7",
        "latitude": 48.137272,
        "longitude": 11.575482
      },
      "loadFactor": 7
    },
    {
      "id": 1357,
      "pickupLocation": {
        "hash": "u1q52c",
        "latitude": 52.609453,
        "longitude": 8.480184
      },
      "deliveryLocation": {
        "hash": "u0xvfn",
        "latitude": 48.8596611,
        "longitude": 10.9936066
      },
      "loadFactor": 4
    },
    {
      "id": 10330,
      "pickupLocation": {
        "hash": "u0wqdb",
        "latitude": 48.955734,
        "longitude": 8.920005
      },
      "deliveryLocation": {
        "hash": "u0wvzd",
        "latitude": 48.835287,
        "longitude": 9.8231574
      },
      "loadFactor": 8
    }
  ]
}