{
  "vehicles": [
    {
      "id": 4299,
      "priceKm": 2.994873373154802,
      "startLocation": {
        "hash": "u07bs3",
        "latitude": 46.49963642865231,
        "longitude": 5.461778802084907
      }
    },
    {
      "id": 1057,
      "priceKm": 1.46704834225309,
      "startLocation": {
        "hash": "u0xcuh",
        "latitude": 48.14209406636399,
        "longitude": 11.076669512651113
      }
    },
    {
      "id": 2620,
      "priceKm": 1.5810366772380275,
      "startLocation": {
        "hash": "u1r3ke",
        "latitude": 52.271819048338116,
        "longitude": 10.397218033779778
      }
    },
    {
      "id": 1892,
      "priceKm": 2.3889689039040394,
      "startLocation": {
        "hash": "u0zhnt",
        "latitude": 49.95016483798746,
        "longitude": 10.132506256982696
      }
    },
    {
      "id": 4351,
      "priceKm": 2.6936965622052855,
      "startLocation": {
        "hash": "u2bs4e",
        "latitude": 49.94335710153228,
        "longitude": 12.066044536257692
      }
    },
    {
      "id": 6699,
      "priceKm": 1.5675438604958427,
      "startLocation": {
        "hash": "u1e9f1",
        "latitude": 53.751446328867694,
        "longitude": 5.02035063371188
      }
    },
    {
      "id": 5061,
      "priceKm": 2.74493474712395,
      "startLocation": {
        "hash": "u1phcf",
        "latitude": 51.47366662521732,
        "longitude": 9.927355826381346
      }
    }
  ],
  "orders": [
    {
      "id": 1174,
      "pickupLocation": {
        "hash": "u1mxsy",
        "latitude": 53.387024,
        "longitude": 7.952453
      },
      "deliveryLocation": {
        "hash": "u1nezs",
        "latitude": 51.309266,
        "longitude": 9.477016
      },
      "loadFactor": 8
    },
    {
      "id": 6191,
      "pickupLocation": {
        "hash": "u09qd0",
        "latitude": 48.959139,
        "longitude": 1.855432
      },
      "deliveryLocation": {
        "hash": "u0fpsf",
        "latitude": 50.55087,
        "longitude": 3.030697
      },
      "loadFactor": 8
    },
    {
      "id": 1059,
      "pickupLocation": {
        "hash": "u28k82",
        "latitude": 48.605431,
        "longitude": 11.623412
      },
      "deliveryLocation": {
        "hash": "u284s1",
        "latitude": 48.258832,
        "longitude": 11.433929
      },
      "loadFactor": 6
    },
    {
      "id": 7449,
      "pickupLocation": {
        "hash": "spey61",
        "latitude": 43.294806,
        "longitude": 5.370816
      },
      "deliveryLocation": {
        "hash": "u0cbft",
        "latitude": 49.379856,
        "longitude": 2.581037
      },
      "loadFactor": 8
    }
  ]
}