{
  "vehicles": [
    {
      "id": 2309,
      "priceKm": 1.292461378749737,
      "startLocation": {
        "hash": "u1t299",
        "latitude": 53.531556799748856,
        "longitude": 7.458879739503347
      }
    },
    {
      "id": 8442,
      "priceKm": 1.7797383049769524,
      "startLocation": {
        "hash": "u0vz18",
        "latitude": 50.45352770968985,
        "longitude": 8.154091222898494
      }
    },
    {
      "id": 6811,
      "priceKm": 2.7501292247818223,
      "startLocation": {
        "hash": "u2fkur",
        "latitude": 50.095854550637846,
        "longitude": 14.608631708335135
      }
    },
    {
      "id": 7497,
      "priceKm": 1.342873861985231,
      "startLocation": {
        "hash": "u151pu",
        "latitude": 50.82623325654742,
        "longitude": 4.567982531326118
      }
    },
    {
      "id": 3471,
      "priceKm": 2.367006600417906,
      "startLocation": {
        "hash": "u2v2dg",
        "latitude": 49.32427564462858,
        "longitude": 18.754240840256898
      }
    },
    {
      "id": 5682,
      "priceKm": 1.0673101078311207,
      "startLocation": {
        "hash": "u1uyf1",
        "latitude": 56.03926134333227,
        "longitude": 6.770267682927943
      }
    },
    {
      "id": 3980,
      "priceKm": 2.2806311423730095,
      "startLocation": {
        "hash": "u2f59w",
        "latitude": 49.87005472897704,
        "longitude": 14.13048599139146
      }
    }
  ],
  "orders": [
    {
      "id": 6954,
      "pickupLocation": {
        "hash": "u3228f",
        "latitude": 52.131588,
        "longitude": 11.6399612
      },
      "deliveryLocation": {
        "hash": "u1he4x",
        "latitude": 51.1911469,
        "longitude": 6.4417081
      },
      "loadFactor": 4
    },
    {
      "id": 1098,
      "pickupLocation": {
        "hash": "u1rdjq",
        "latitude": 52.420559,
        "longitude": 10.786168
      },
      "deliveryLocation": {
        "hash": "u1hg0p",
        "latitude": 51.1958427,
        "longitude": 6.690083
      },
      "loadFactor": 8
    },
    {
      "id": 8295,
      "pickupLocation": {
        "hash": "u334s3",
        "latitude": 52.476925,
        "longitude": 12.844397
      },
      "deliveryLocation": {
        "hash": "u28m3v",
        "latitude": 48.763035,
        "longitude": 11.68645
      },
      "loadFactor": 8
    },
    {
      "id": 9069,
      "pickupLocation": {
        "hash": "u1mxsy",
        "latitude": 53.387024,
        "longitude": 7.952453
      },
      "deliveryLocation": {
        "hash": "u1j09e",
        "latitude": 50.734484,
        "longitude": 7.099927
      },
      "loadFactor": 8
    }
  ]
}