{
  "vehicles": [
    {
      "id": 5738,
      "priceKm": 2.3326284741661665,
      "startLocation": {
        "hash": "u2ky30",
        "latitude": 47.50867528416141,
        "longitude": 17.97842662984092
      }
    },
    {
      "id": 2446,
      "priceKm": 1.8479087203744777,
      "startLocation": {
        "hash": "u22rgk",
        "latitude": 47.79512162004687,
        "longitude": 11.755134413615353
      }
    },
    {
      "id": 2192,
      "priceKm": 1.1554182980891807,
      "startLocation": {
        "hash": "u29w2z",
        "latitude": 48.95439212655447,
        "longitude": 13.396317166488863
      }
    },
    {
      "id": 8698,
      "priceKm": 1.3043439813796567,
      "startLocation": {
        "hash": "u26zg3",
        "latitude": 47.77443073624835,
        "longitude": 15.265226620463018
      }
    },
    {
      "id": 9325,
      "priceKm": 1.601088266134755,
      "startLocation": {
        "hash": "u33exz",
        "latitude": 52.6898778975872,
        "longitude": 13.704453999531927
      }
    },
    {
      "id": 5482,
      "priceKm": 1.1560216443506148,
      "startLocation": {
        "hash": "u32nhp",
        "latitude": 53.12521383027975,
        "longitude": 11.436394084694472
      }
    },
    {
      "id": 1092,
      "priceKm": 2.0028979420313293,
      "startLocation": {
        "hash": "u1w2qd",
        "latitude": 53.49756918105485,
        "longitude": 9.07513540067417
      }
    }
  ],
  "orders": [
    {
      "id": 10206,
      "pickupLocation": {
        "hash": "u0fvcp",
        "latitude": 50.26983,
        "longitude": 3.915832
      },
      "deliveryLocation": {
        "hash": "spexrh",
        "latitude": 43.487234,
        "longitude": 5.23429
      },
      "loadFactor": 6
    },
    {
      "id": 3707,
      "pickupLocation": {
        "hash": "u1q52c",
        "latitude": 52.609453,
        "longitude": 8.480184
      },
      "deliveryLocation": {
        "hash": "u1hukr",
        "latitude": 51.4145584,
        "longitude": 6.8675784
      },
      "loadFactor": 7
    },
    {
      "id": 4522,
      "pickupLocation": {
        "hash": "spex0e",
        "latitude": 43.438071,
        "longitude": 4.945595
      },
      "deliveryLocation": {
        "hash": "u14k10",
        "latitude": 51.331438,
        "longitude": 3.208329
      },
      "loadFactor": 8
    },
    {
      "id": 10247,
      "pickupLocation": {
        "hash": "u3k4he",
        "latitude": 52.4040031,
        "longitude": 17.0754108
      },
      "deliveryLocation": {
        "hash": "u2e818",
        "latitude": 47.8131752,
        "longitude": 16.2440319
      },
      "loadFactor": 4
    }
  ]
}