{
  "vehicles": [
    {
      "id": 425,
      "priceKm": 2.385421589087472,
      "startLocation": {
        "hash": "u1t3w3",
        "latitude": 53.711506260072404,
        "longitude": 7.658801725161128
      }
    },
    {
      "id": 4104,
      "priceKm": 2.3309824487004676,
      "startLocation": {
        "hash": "ezjwmw",
        "latitude": 40.50667410996861,
        "longitude": -3.265144811731982
      }
    },
    {
      "id": 4456,
      "priceKm": 2.938294697221135,
      "startLocation": {
        "hash": "u03mvj",
        "latitude": 47.444727001459235,
        "longitude": 1.9814580210741668
      }
    },
    {
      "id": 8606,
      "priceKm": 2.1617186190569697,
      "startLocation": {
        "hash": "u1s70q",
        "latitude": 54.00022484916355,
        "longitude": 5.989645096338425
      }
    },
    {
      "id": 996,
      "priceKm": 1.4915519611197245,
      "startLocation": {
        "hash": "u1mk9f",
        "latitude": 52.83497848876983,
        "longitude": 7.462105617449215
      }
    },
    {
      "id": 1156,
      "priceKm": 2.2365458318152793,
      "startLocation": {
        "hash": "spgkpx",
        "latitude": 44.33820597123105,
        "longitude": 4.903046617155904
      }
    },
    {
      "id": 8691,
      "priceKm": 1.1373854797642131,
      "startLocation": {
        "hash": "u23qn7",
        "latitude": 47.48033158736237,
        "longitude": 13.28722603672698
      }
    }
  ],
  "orders": [
    {
      "id": 7893,
      "pickupLocation": {
        "hash": "u0wqdb",
        "latitude": 48.955734,
        "longitude": 8.920005
      },
      "deliveryLocation": {
        "hash": "u0wv8g",
        "latitude": 48.7999992,
        "longitude": 9.53333
      },
      "loadFactor": 7
    },
    {
      "id": 4929,
      "pickupLocation": {
        "hash": "u0wqdb",
        "latitude": 48.955734,
        "longitude": 8.920005
      },
      "deliveryLocation": {
        "hash": "u0wscj",
        "latitude": 48.677525,
        "longitude": 9.1953218
      },
      "loadFactor": 9
    },
    {
      "id": 6825,
      "pickupLocation": {
        "hash": "u1r2em",
        "latitude": 52.148021,
        "longitude": 10.348964
      },
      "deliveryLocation": {
        "hash": "u1meut",
        "latitude": 52.719582,
        "longitude": 7.939281
      },
      "loadFactor": 7
    },
    {
      "id": 4755,
      "pickupLocation": {
        "hash": "u28k82",
        "latitude": 48.605431,
        "longitude": 11.623412
      },
      "deliveryLocation": {
        "hash": "u28987",
        "latitude": 48.0958665,
        "longitude": 11.9647447
      },
      "loadFactor": 7
    }
  ]
}