{
  "vehicles": [
    {
      "id": 3324,
      "priceKm": 1.6017019039300882,
      "startLocation": {
        "hash": "u0tm63",
        "latitude": 48.74375822946416,
        "longitude": 7.490891869894866
      }
    },
    {
      "id": 9282,
      "priceKm": 2.6327541355875383,
      "startLocation": {
        "hash": "u30xef",
        "latitude": 51.959794443498154,
        "longitude": 12.118674133753023
      }
    },
    {
      "id": 121,
      "priceKm": 2.8557724457240035,
      "startLocation": {
        "hash": "u22qm7",
        "latitude": 47.52544885623054,
        "longitude": 11.834673581045664
      }
    },
    {
      "id": 871,
      "priceKm": 2.416478539661247,
      "startLocation": {
        "hash": "u1pjst",
        "latitude": 51.620282234986696,
        "longitude": 10.05233172325367
      }
    },
    {
      "id": 6598,
      "priceKm": 1.8474131640630953,
      "startLocation": {
        "hash": "u1514s",
        "latitude": 50.824225907826325,
        "longitude": 4.339125101375394
      }
    },
    {
      "id": 6620,
      "priceKm": 1.417546648511212,
      "startLocation": {
        "hash": "u292r2",
        "latitude": 47.859866948584624,
        "longitude": 13.33316937023655
      }
    },
    {
      "id": 2953,
      "priceKm": 2.7989873656057735,
      "startLocation": {
        "hash": "u1w3un",
        "latitude": 53.782744226126184,
        "longitude": 8.966086194663664
      }
    }
  ],
  "orders": [
    {
      "id": 4812,
      "pickupLocation": {
        "hash": "u1mxsy",
        "latitude": 53.387024,
        "longitude": 7.952453
      },
      "deliveryLocation": {
        "hash": "u1he4x",
        "latitude": 51.191146,
        "longitude": 6.441708
      },
      "loadFactor": 8
    },
    {
      "id": 2402,
      "pickupLocation": {
        "hash": "u28k82",
        "latitude": 48.605431,
        "longitude": 11.623412
      },
      "deliveryLocation": {
        "hash": "u28jst",
        "latitude": 48.810012,
        "longitude": 11.456921
      },
      "loadFactor": 2
    },
    {
      "id": 10485,
      "pickupLocation": {
        "hash": "u21g07",
        "latitude": 45.548133,
        "longitude": 13.729491
      },
      "deliveryLocation": {
        "hash": "u2s1vq",
        "latitude": 48.153538,
        "longitude": 17.109671
      },
      "loadFactor": 8
    },
    {
      "id": 3776,
      "pickupLocation": {
        "hash": "u1mr3b",
        "latitude": 53.3106603,
        "longitude": 7.4671401
      },
      "deliveryLocation": {
        "hash": "u0vbxv",
        "latitude": 49.3382785,
        "longitude": 8.4275795
      },
      "loadFactor": 9
    }
  ]
}