{
  "vehicles": [
    {
      "id": 8267,
      "priceKm": 1.3280321198550802,
      "startLocation": {
        "hash": "u0xwyr",
        "latitude": 49.04122595717556,
        "longitude": 10.823464912093275
      }
    },
    {
      "id": 1826,
      "priceKm": 2.098071309188144,
      "startLocation": {
        "hash": "u31ege",
        "latitude": 51.30278113060771,
        "longitude": 13.514007599052961
      }
    },
    {
      "id": 7466,
      "priceKm": 1.0534824178110496,
      "startLocation": {
        "hash": "sp2cem",
        "latitude": 41.07586912353089,
        "longitude": 1.200641949329588
      }
    },
    {
      "id": 278,
      "priceKm": 1.2459340454101613,
      "startLocation": {
        "hash": "u0wcky",
        "latitude": 48.067679103810526,
        "longitude": 9.70419299101207
      }
    },
    {
      "id": 7663,
      "priceKm": 1.5917095069835347,
      "startLocation": {
        "hash": "u0zth7",
        "latitude": 50.11869023249438,
        "longitude": 10.738747616946174
      }
    },
    {
      "id": 1583,
      "priceKm": 2.202920214091482,
      "startLocation": {
        "hash": "u1kvz2",
        "latitude": 53.04383129166264,
        "longitude": 7.0006128832343375
      }
    },
    {
      "id": 3102,
      "priceKm": 2.103624075110689,
      "startLocation": {
        "hash": "u0yg5b",
        "latitude": 49.74890602356554,
        "longitude": 9.661271984212222
      }
    }
  ],
  "orders": [
    {
      "id": 861,
      "pickupLocation": {
        "hash": "u2s46e",
        "latitude": 48.2260007,
        "longitude": 16.9924403
      },
      "deliveryLocation": {
        "hash": "ezzxs4",
        "latitude": 44.926321,
        "longitude": -0.520603
      },
      "loadFactor": 8
    },
    {
      "id": 9431,
      "pickupLocation": {
        "hash": "u0wqdb",
        "latitude": 48.955734,
        "longitude": 8.920005
      },
      "deliveryLocation": {
        "hash": "u0wmhg",
        "latitude": 48.7083702,
        "longitude": 9.003686
      },
      "loadFactor": 7
    },
    {
      "id": 3385,
      "pickupLocation": {
        "hash": "u28rh1",
        "latitude": 49.051888,
        "longitude": 11.782505
      },
      "deliveryLocation": {
        "hash": "u0wxb9",
        "latitude": 49.1826499,
        "longitude": 9.172116
      },
      "loadFactor": 8
    },
    {
      "id": 2520,
      "pickupLocation": {
        "hash": "u0zck4",
        "latitude": 49.45385,
        "longitude": 11.077324
      },
      "deliveryLocation": {
        "hash": "u29pbp",
        "latitude": 49.2178192,
        "longitude": 12.6663828
      },
      "loadFactor": 7
    }
  ]
}