{
  "vehicles": [
    {
      "id": 3299,
      "priceKm": 2.202662743715104,
      "startLocation": {
        "hash": "u1hjgf",
        "latitude": 51.651183418834854,
        "longitude": 5.79541631853878
      }
    },
    {
      "id": 263,
      "priceKm": 2.1946553156315707,
      "startLocation": {
        "hash": "u149d0",
        "latitude": 50.89165438143547,
        "longitude": 3.605269047593234
      }
    },
    {
      "id": 9906,
      "priceKm": 2.683552452250751,
      "startLocation": {
        "hash": "u30xyx",
        "latitude": 52.031247461988855,
        "longitude": 12.244130293701417
      }
    },
    {
      "id": 5237,
      "priceKm": 2.9083064615252,
      "startLocation": {
        "hash": "u1mss9",
        "latitude": 52.83110320313211,
        "longitude": 7.940208310490206
      }
    },
    {
      "id": 1545,
      "priceKm": 2.251974639490407,
      "startLocation": {
        "hash": "u4nerm",
        "latitude": 56.850996706340936,
        "longitude": 9.466761843324873
      }
    },
    {
      "id": 7568,
      "priceKm": 2.6358828035952255,
      "startLocation": {
        "hash": "u30zjr",
        "latitude": 51.89496491055348,
        "longitude": 12.544102282450009
      }
    },
    {
      "id": 5630,
      "priceKm": 1.900035954011687,
      "startLocation": {
        "hash": "u29j4c",
        "latitude": 48.69976820391979,
        "longitude": 12.786618210918462
      }
    }
  ],
  "orders": [
    {
      "id": 2216,
      "pickupLocation": {
        "hash": "u0wqdb",
        "latitude": 48.955734,
        "longitude": 8.920005
      },
      "deliveryLocation": {
        "hash": "u0wt7c",
        "latitude": 48.742178,
        "longitude": 9.3144229
      },
      "loadFactor": 6
    },
    {
      "id": 2967,
      "pickupLocation": {
        "hash": "u334u8",
        "latitude": 52.518784,
        "longitude": 12.85469
      },
      "deliveryLocation": {
        "hash": "u0xk95",
        "latitude": 48.624294,
        "longitude": 10.243796
      },
      "loadFactor": 7
    },
    {
      "id": 1085,
      "pickupLocation": {
        "hash": "u281z7",
        "latitude": 48.137272,
        "longitude": 11.575482
      },
      "deliveryLocation": {
        "hash": "u28k82",
        "latitude": 48.605431,
        "longitude": 11.623412
      },
      "loadFactor": 7
    },
    {
      "id": 6873,
      "pickupLocation": {
        "hash": "u0tddp",
        "latitude": 48.295226,
        "longitude": 7.823876
      },
      "deliveryLocation": {
        "hash": "u334s3",
        "latitude": 52.476925,
        "longitude": 12.844397
      },
      "loadFactor": 7
    }
  ]
}