{
  "vehicles": [
    {
      "id": 637,
      "priceKm": 1.8341307380037128,
      "startLocation": {
        "hash": "u0zn75",
        "latitude": 50.338768194983565,
        "longitude": 9.98641609088048
      }
    },
    {
      "id": 7499,
      "priceKm": 1.9612214509528507,
      "startLocation": {
        "hash": "u1q1nf",
        "latitude": 52.22178979129621,
        "longitude": 8.74333144193813
      }
    },
    {
      "id": 8725,
      "priceKm": 2.958659838458693,
      "startLocation": {
        "hash": "u1quf2",
        "latitude": 52.870916818478996,
        "longitude": 9.596502707737331
      }
    },
    {
      "id": 6494,
      "priceKm": 1.7270026769552251,
      "startLocation": {
        "hash": "u1wdgp",
        "latitude": 53.95982862564575,
        "longitude": 9.276380934671822
      }
    },
    {
      "id": 487,
      "priceKm": 1.389733110024229,
      "startLocation": {
        "hash": "u27k22",
        "latitude": 47.15740769291399,
        "longitude": 15.834833849456954
      }
    },
    {
      "id": 7356,
      "priceKm": 1.542281253525009,
      "startLocation": {
        "hash": "u22wv1",
        "latitude": 47.60337837157569,
        "longitude": 12.182383751520993
      }
    },
    {
      "id": 3107,
      "priceKm": 2.2694593984703433,
      "startLocation": {
        "hash": "u2b33q",
        "latitude": 49.475604896827285,
        "longitude": 11.66236822492184
      }
    }
  ],
  "orders": [
    {
      "id": 8863,
      "pickupLocation": {
        "hash": "u28jkj",
        "latitude": 48.765933,
        "longitude": 11.431703
      },
      "deliveryLocation": {
        "hash": "ezzxs4",
        "latitude": 44.926321,
        "longitude": -0.520603
      },
      "loadFactor": 8
    },
    {
      "id": 4960,
      "pickupLocation": {
        "hash": "eztr32",
        "latitude": 43.46231,
        "longitude": -3.810107
      },
      "deliveryLocation": {
        "hash": "u09qd0",
        "latitude": 48.959139,
        "longitude": 1.855432
      },
      "loadFactor": 8
    },
    {
      "id": 6349,
      "pickupLocation": {
        "hash": "u1qf5y",
        "latitude": 52.4193614,
        "longitude": 9.6574947
      },
      "deliveryLocation": {
        "hash": "u1w0ek",
        "latitude": 53.552227,
        "longitude": 8.586551
      },
      "loadFactor": 4
    },
    {
      "id": 7644,
      "pickupLocation": {
        "hash": "u1mr2f",
        "latitude": 53.3196983,
        "longitude": 7.42273
      },
      "deliveryLocation": {
        "hash": "u0mqy4",
        "latitude": 47.60462,
        "longitude": 7.65345
      },
      "loadFactor": 8
    }
  ]
}