{
  "vehicles": [
    {
      "id": 3884,
      "priceKm": 1.196916191937036,
      "startLocation": {
        "hash": "u1p97d",
        "latitude": 50.85765216087904,
        "longitude": 10.709072355047418
      }
    },
    {
      "id": 4079,
      "priceKm": 2.0500162984843326,
      "startLocation": {
        "hash": "u30y3z",
        "latitude": 51.76494369683013,
        "longitude": 12.392333591670187
      }
    },
    {
      "id": 8287,
      "priceKm": 2.455995278718434,
      "startLocation": {
        "hash": "u1put6",
        "latitude": 51.43060554780263,
        "longitude": 11.13915328957621
      }
    },
    {
      "id": 5216,
      "priceKm": 1.1176037704694153,
      "startLocation": {
        "hash": "u35gnb",
        "latitude": 51.15588235854204,
        "longitude": 16.820608217098794
      }
    },
    {
      "id": 3516,
      "priceKm": 2.5120856189478693,
      "startLocation": {
        "hash": "u0xpue",
        "latitude": 49.194446470763005,
        "longitude": 10.051953299383863
      }
    },
    {
      "id": 8536,
      "priceKm": 2.195123156244029,
      "startLocation": {
        "hash": "u1kmp1",
        "latitude": 52.9196422134355,
        "longitude": 6.285864882963131
      }
    },
    {
      "id": 4367,
      "priceKm": 2.4891055683149634,
      "startLocation": {
        "hash": "u1r4x3",
        "latitude": 52.47760155795387,
        "longitude": 10.164048839160861
      }
    }
  ],
  "orders": [
    {
      "id": 7433,
      "pickupLocation": {
        "hash": "u2s1vq",
        "latitude": 48.153538,
        "longitude": 17.109671
      },
      "deliveryLocation": {
        "hash": "u1w0ek",
        "latitude": 53.552227,
        "longitude": 8.5865507
      },
      "loadFactor": 7
    },
    {
      "id": 532,
      "pickupLocation": {
        "hash": "ezky9z",
        "latitude": 41.962737,
        "longitude": -4.488345
      },
      "deliveryLocation": {
        "hash": "u05mhw",
        "latitude": 45.9143,
        "longitude": 4.77378
      },
      "loadFactor": 8
    },
    {
      "id": 1928,
      "pickupLocation": {
        "hash": "u0wqdb",
        "latitude": 48.955734,
        "longitude": 8.920005
      },
      "deliveryLocation": {
        "hash": "u0wwqu",
        "latitude": 48.9357136,
        "longitude": 9.447632
      },
      "loadFactor": 9
    },
    {
      "id": 848,
      "pickupLocation": {
        "hash": "u0wqdb",
        "latitude": 48.955734,
        "longitude": 8.920005
      },
      "deliveryLocation": {
        "hash": "u0wwqu",
        "latitude": 48.9357136,
        "longitude": 9.447632
      },
      "loadFactor": 7
    }
  ]
}