{
  "vehicles": [
    {
      "id": 3033,
      "priceKm": 1.4301827205902753,
      "startLocation": {
        "hash": "u14vng",
        "latitude": 51.52063602885025,
        "longitude": 4.167333951006037
      }
    },
    {
      "id": 679,
      "priceKm": 1.1849724615159123,
      "startLocation": {
        "hash": "u2ewku",
        "latitude": 48.93612617743957,
        "longitude": 16.389074787806603
      }
    },
    {
      "id": 4279,
      "priceKm": 1.8201446005895392,
      "startLocation": {
        "hash": "u06qbr",
        "latitude": 47.63246223647553,
        "longitude": 3.181252601432422
      }
    },
    {
      "id": 7738,
      "priceKm": 2.675885826960301,
      "startLocation": {
        "hash": "u4j1zg",
        "latitude": 56.57812309062108,
        "longitude": 7.377529741315568
      }
    },
    {
      "id": 4193,
      "priceKm": 2.6026134568785215,
      "startLocation": {
        "hash": "u0rxd0",
        "latitude": 47.727100706304356,
        "longitude": 10.63963440478067
      }
    },
    {
      "id": 7147,
      "priceKm": 2.738885599893311,
      "startLocation": {
        "hash": "u0wr2w",
        "latitude": 49.12107185560779,
        "longitude": 8.820414546046715
      }
    },
    {
      "id": 7853,
      "priceKm": 1.8081371562016306,
      "startLocation": {
        "hash": "u0v36x",
        "latitude": 49.4786935031755,
        "longitude": 7.4962711471623935
      }
    }
  ],
  "orders": [
    {
      "id": 130,
      "pickupLocation": {
        "hash": "u1huxx",
        "latitude": 51.455206,
        "longitude": 7.012273
      },
      "deliveryLocation": {
        "hash": "u1hg2w",
        "latitude": 51.22926,
        "longitude": 6.70811
      },
      "loadFactor": 7
    },
    {
      "id": 2161,
      "pickupLocation": {
        "hash": "u30cj7",
        "latitude": 50.819903,
        "longitude": 12.539787
      },
      "deliveryLocation": {
        "hash": "u1p64d",
        "latitude": 50.9905181,
        "longitude": 10.3126522
      },
      "loadFactor": 8
    },
    {
      "id": 5385,
      "pickupLocation": {
        "hash": "u2s1vq",
        "latitude": 48.153538,
        "longitude": 17.109671
      },
      "deliveryLocation": {
        "hash": "u2fcv4",
        "latitude": 49.539144,
        "longitude": 15.3473048
      },
      "loadFactor": 8
    },
    {
      "id": 3980,
      "pickupLocation": {
        "hash": "u28k82",
        "latitude": 48.605431,
        "longitude": 11.623412
      },
      "deliveryLocation": {
        "hash": "u0x9r7",
        "latitude": 48.051497,
        "longitude": 10.873773
      },
      "loadFactor": 8
    }
  ]
}