{
  "vehicles": [
    {
      "id": 6043,
      "priceKm": 1.2255764844291999,
      "startLocation": {
        "hash": "u1ttc1",
        "latitude": 54.45890567136091,
        "longitude": 7.780585057613309
      }
    },
    {
      "id": 706,
      "priceKm": 1.7276667784725124,
      "startLocation": {
        "hash": "u0ebuu",
        "latitude": 47.96722896663918,
        "longitude": 5.48738387040596
      }
    }
  ],
  "orders": [
    {
      "id": 10817,
      "pickupLocation": {
        "hash": "u14dv8",
        "latitude": 51.1138454,
        "longitude": 3.7614515
      },
      "deliveryLocation": {
        "hash": "u0wqe2",
        "latitude": 48.9567851,
        "longitude": 8.9402734
      },
      "loadFactor": 5
    }
  ]
}