{
  "vehicles": [
    {
      "id": 6891,
      "priceKm": 1.0472173283129504,
      "startLocation": {
        "hash": "u159wq",
        "latitude": 50.92264766259068,
        "longitude": 5.199530982343774
      }
    },
    {
      "id": 9407,
      "priceKm": 1.914989770622821,
      "startLocation": {
        "hash": "u3bk4p",
        "latitude": 55.589156727101695,
        "longitude": 11.690791689463413
      }
    }
  ],
  "orders": [
    {
      "id": 2652,
      "pickupLocation": {
        "hash": "u28k82",
        "latitude": 48.605431,
        "longitude": 11.623412
      },
      "deliveryLocation": {
        "hash": "u284kg",
        "latitude": 48.226645,
        "longitude": 11.469362
      },
      "loadFactor": 8
    }
  ]
}