{
  "vehicles": [
    {
      "id": 4535,
      "priceKm": 2.178322448087826,
      "startLocation": {
        "hash": "ud03zv",
        "latitude": 56.590506490360234,
        "longitude": 23.198531764121743
      }
    },
    {
      "id": 4278,
      "priceKm": 2.088801644369807,
      "startLocation": {
        "hash": "u1ncjy",
        "latitude": 50.83921095036734,
        "longitude": 9.747001364893093
      }
    }
  ],
  "orders": [
    {
      "id": 3997,
      "pickupLocation": {
        "hash": "u1p4d0",
        "latitude": 51.069063,
        "longitude": 9.934655
      },
      "deliveryLocation": {
        "hash": "u0vbwc",
        "latitude": 49.315398,
        "longitude": 8.386219
      },
      "loadFactor": 8
    }
  ]
}