{
  "vehicles": [
    {
      "id": 5973,
      "priceKm": 2.8878990071788264,
      "startLocation": {
        "hash": "u2fskb",
        "latitude": 49.96736211218787,
        "longitude": 14.982599728529113
      }
    },
    {
      "id": 5629,
      "priceKm": 1.4402042409340243,
      "startLocation": {
        "hash": "u1q546",
        "latitude": 52.5707275755174,
        "longitude": 8.539316008685345
      }
    }
  ],
  "orders": [
    {
      "id": 547,
      "pickupLocation": {
        "hash": "u0yenz",
        "latitude": 49.784752,
        "longitude": 9.44109
      },
      "deliveryLocation": {
        "hash": "u0p6we",
        "latitude": 45.461039,
        "longitude": 10.484535
      },
      "loadFactor": 5
    }
  ]
}