{
  "vehicles": [
    {
      "id": 1308,
      "priceKm": 2.5654788526280328,
      "startLocation": {
        "hash": "u2cbfx",
        "latitude": 49.38936691887734,
        "longitude": 13.826488786034734
      }
    },
    {
      "id": 8007,
      "priceKm": 1.1820592194391504,
      "startLocation": {
        "hash": "u0w4km",
        "latitude": 48.23640212921926,
        "longitude": 8.62485975291047
      }
    }
  ],
  "orders": [
    {
      "id": 8769,
      "pickupLocation": {
        "hash": "u2c0s2",
        "latitude": 49.308084,
        "longitude": 12.845029
      },
      "deliveryLocation": {
        "hash": "u2bqnn",
        "latitude": 50.3095792,
        "longitude": 11.8700264
      },
      "loadFactor": 7
    }
  ]
}