{
  "vehicles": [
    {
      "id": 2157,
      "priceKm": 1.1890429034273935,
      "startLocation": {
        "hash": "u0vkyy",
        "latitude": 50.08965313639652,
        "longitude": 7.685861982228715
      }
    },
    {
      "id": 3923,
      "priceKm": 2.6567493693700404,
      "startLocation": {
        "hash": "u1nvv9",
        "latitude": 51.64422494814912,
        "longitude": 9.741612692240343
      }
    }
  ],
  "orders": [
    {
      "id": 8017,
      "pickupLocation": {
        "hash": "u28k82",
        "latitude": 48.605431,
        "longitude": 11.623412
      },
      "deliveryLocation": {
        "hash": "u0xepu",
        "latitude": 48.367243,
        "longitude": 10.898279
      },
      "loadFactor": 8
    }
  ]
}