{
  "vehicles": [
    {
      "id": 7597,
      "priceKm": 2.6703387628680835,
      "startLocation": {
        "hash": "u0y65k",
        "latitude": 49.59310677598857,
        "longitude": 8.94135376742943
      }
    },
    {
      "id": 8026,
      "priceKm": 1.4287071079202984,
      "startLocation": {
        "hash": "sp85fu",
        "latitude": 42.873417746355905,
        "longitude": 0.13024411518313195
      }
    }
  ],
  "orders": [
    {
      "id": 4636,
      "pickupLocation": {
        "hash": "u0cbft",
        "latitude": 49.379856,
        "longitude": 2.581037
      },
      "deliveryLocation": {
        "hash": "u0fb5x",
        "latitude": 49.2577896,
        "longitude": 4.0319262
      },
      "loadFactor": 7
    }
  ]
}