{
  "vehicles": [
    {
      "id": 7721,
      "priceKm": 2.0330784054434607,
      "startLocation": {
        "hash": "u1v0dk",
        "latitude": 54.956632546336635,
        "longitude": 7.131030715437174
      }
    },
    {
      "id": 7971,
      "priceKm": 1.8840056264403824,
      "startLocation": {
        "hash": "u2b4s2",
        "latitude": 49.65926240559517,
        "longitude": 11.446588830233233
      }
    }
  ],
  "orders": [
    {
      "id": 6389,
      "pickupLocation": {
        "hash": "u2kx33",
        "latitude": 47.687611,
        "longitude": 17.634682
      },
      "deliveryLocation": {
        "hash": "u0xvnw",
        "latitude": 48.7259831,
        "longitude": 11.1910596
      },
      "loadFactor": 8
    }
  ]
}