{
  "vehicles": [
    {
      "id": 6538,
      "priceKm": 2.416371003008524,
      "startLocation": {
        "hash": "u293jj",
        "latitude": 48.01848024776242,
        "longitude": 13.238081308659043
      }
    },
    {
      "id": 8024,
      "priceKm": 1.7162126967932183,
      "startLocation": {
        "hash": "u1jwe0",
        "latitude": 51.76929838914568,
        "longitude": 7.874871137788999
      }
    }
  ],
  "orders": [
    {
      "id": 10845,
      "pickupLocation": {
        "hash": "u0f0nr",
        "latitude": 49.259963,
        "longitude": 3.090591
      },
      "deliveryLocation": {
        "hash": "spc027",
        "latitude": 43.6587083,
        "longitude": 1.4207297
      },
      "loadFactor": 7
    }
  ]
}