{
  "vehicles": [
    {
      "id": 5131,
      "priceKm": 1.5360521056744283,
      "startLocation": {
        "hash": "u2c5cj",
        "latitude": 49.90938241993948,
        "longitude": 12.70174967800894
      }
    },
    {
      "id": 9304,
      "priceKm": 1.7413659320592003,
      "startLocation": {
        "hash": "u2dq12",
        "latitude": 48.86996471550598,
        "longitude": 14.476903819735359
      }
    }
  ],
  "orders": [
    {
      "id": 1505,
      "pickupLocation": {
        "hash": "u0b1dd",
        "latitude": 49.493757,
        "longitude": 0.120504
      },
      "deliveryLocation": {
        "hash": "spexrh",
        "latitude": 43.487234,
        "longitude": 5.23429
      },
      "loadFactor": 9
    }
  ]
}