{
  "vehicles": [
    {
      "id": 2070,
      "priceKm": 1.4089572814608022,
      "startLocation": {
        "hash": "u31ewd",
        "latitude": 51.256453499488046,
        "longitude": 13.654184371879573
      }
    },
    {
      "id": 7982,
      "priceKm": 2.4878786607183727,
      "startLocation": {
        "hash": "u30ew8",
        "latitude": 51.241812367895584,
        "longitude": 12.240432518843987
      }
    }
  ],
  "orders": [
    {
      "id": 735,
      "pickupLocation": {
        "hash": "u1r2em",
        "latitude": 52.148021,
        "longitude": 10.348964
      },
      "deliveryLocation": {
        "hash": "u1m9r4",
        "latitude": 52.2667,
        "longitude": 8.05
      },
      "loadFactor": 5
    },
    {
      "id": 7,
      "pickupLocation": {
        "hash": "u30cj7",
        "latitude": 50.819904,
        "longitude": 12.539787
      },
      "deliveryLocation": {
        "hash": "u0z569",
        "latitude": 49.7976194,
        "longitude": 9.9591444
      },
      "loadFactor": 8
    },
    {
      "id": 8788,
      "pickupLocation": {
        "hash": "u0wqdb",
        "latitude": 48.955734,
        "longitude": 8.920005
      },
      "deliveryLocation": {
        "hash": "u0wt78",
        "latitude": 48.7388611,
        "longitude": 9.3010798
      },
      "loadFactor": 7
    },
    {
      "id": 6785,
      "pickupLocation": {
        "hash": "u0spxz",
        "latitude": 49.169743,
        "longitude": 5.968539
      },
      "deliveryLocation": {
        "hash": "u0512k",
        "latitude": 45.2424164,
        "longitude": 4.2351551
      },
      "loadFactor": 3
    },
    {
      "id": 991,
      "pickupLocation": {
        "hash": "u0zchs",
        "latitude": 49.419392,
        "longitude": 11.098348
      },
      "deliveryLocation": {
        "hash": "u2bdst",
        "latitude": 49.6908188,
        "longitude": 12.1557808
      },
      "loadFactor": 7
    }
  ]
}