{
  "vehicles": [
    {
      "id": 5907,
      "priceKm": 2.8367233363082383,
      "startLocation": {
        "hash": "u3my8c",
        "latitude": 53.180552436223195,
        "longitude": 19.37566460533518
      }
    },
    {
      "id": 6059,
      "priceKm": 2.2909020573624,
      "startLocation": {
        "hash": "u2ge2b",
        "latitude": 49.79297605071043,
        "longitude": 16.21447798877426
      }
    }
  ],
  "orders": [
    {
      "id": 9019,
      "pickupLocation": {
        "hash": "u14k10",
        "latitude": 51.331438,
        "longitude": 3.208329
      },
      "deliveryLocation": {
        "hash": "u0gp4e",
        "latitude": 50.466621,
        "longitude": 4.332411
      },
      "loadFactor": 8
    },
    {
      "id": 8336,
      "pickupLocation": {
        "hash": "u1q52c",
        "latitude": 52.609453,
        "longitude": 8.480184
      },
      "deliveryLocation": {
        "hash": "u1jjfy",
        "latitude": 51.6706017,
        "longitude": 7.1544063
      },
      "loadFactor": 7
    },
    {
      "id": 999,
      "pickupLocation": {
        "hash": "u14gx6",
        "latitude": 51.255402,
        "longitude": 4.188628
      },
      "deliveryLocation": {
        "hash": "u0zf4m",
        "latitude": 49.5980682,
        "longitude": 11.0037355
      },
      "loadFactor": 8
    },
    {
      "id": 4248,
      "pickupLocation": {
        "hash": "u2kx33",
        "latitude": 47.687611,
        "longitude": 17.634682
      },
      "deliveryLocation": {
        "hash": "u0ubp4",
        "latitude": 49.2343636,
        "longitude": 6.9963789
      },
      "loadFactor": 8
    },
    {
      "id": 5466,
      "pickupLocation": {
        "hash": "u334u8",
        "latitude": 52.518784,
        "longitude": 12.85469
      },
      "deliveryLocation": {
        "hash": "u0xhzj",
        "latitude": 48.676764,
        "longitude": 10.152923
      },
      "loadFactor": 8
    }
  ]
}