{
  "vehicles": [
    {
      "id": 9789,
      "priceKm": 1.3278706465299555,
      "startLocation": {
        "hash": "u28xq8",
        "latitude": 49.08883471850317,
        "longitude": 12.242674011882828
      }
    },
    {
      "id": 6530,
      "priceKm": 1.036423820598789,
      "startLocation": {
        "hash": "u23qy0",
        "latitude": 47.59703314941574,
        "longitude": 13.27541008772238
      }
    }
  ],
  "orders": [
    {
      "id": 5934,
      "pickupLocation": {
        "hash": "u1qf5y",
        "latitude": 52.4193614,
        "longitude": 9.6574947
      },
      "deliveryLocation": {
        "hash": "u292vx",
        "latitude": 47.9849807,
        "longitude": 13.2522956
      },
      "loadFactor": 4
    },
    {
      "id": 2912,
      "pickupLocation": {
        "hash": "u28k82",
        "latitude": 48.605431,
        "longitude": 11.623412
      },
      "deliveryLocation": {
        "hash": "u280s1",
        "latitude": 47.910463,
        "longitude": 11.426638
      },
      "loadFactor": 8
    },
    {
      "id": 8813,
      "pickupLocation": {
        "hash": "u1qcvw",
        "latitude": 52.374481,
        "longitude": 9.738563
      },
      "deliveryLocation": {
        "hash": "u1w0ek",
        "latitude": 53.552227,
        "longitude": 8.5865507
      },
      "loadFactor": 4
    },
    {
      "id": 2165,
      "pickupLocation": {
        "hash": "u1m9rc",
        "latitude": 52.26054,
        "longitude": 8.08031
      },
      "deliveryLocation": {
        "hash": "u151rr",
        "latitude": 50.886445,
        "longitude": 4.540854
      },
      "loadFactor": 8
    },
    {
      "id": 9726,
      "pickupLocation": {
        "hash": "u0wqdb",
        "latitude": 48.955734,
        "longitude": 8.920005
      },
      "deliveryLocation": {
        "hash": "u0wx9f",
        "latitude": 49.142291,
        "longitude": 9.218655
      },
      "loadFactor": 7
    }
  ]
}