{
  "vehicles": [
    {
      "id": 4083,
      "priceKm": 2.428522008101286,
      "startLocation": {
        "hash": "u2c47r",
        "latitude": 49.65352858759742,
        "longitude": 12.799379605827742
      }
    },
    {
      "id": 2959,
      "priceKm": 2.7250646957328604,
      "startLocation": {
        "hash": "u0zecn",
        "latitude": 49.916329816153436,
        "longitude": 10.591408266046708
      }
    }
  ],
  "orders": [
    {
      "id": 7128,
      "pickupLocation": {
        "hash": "spd533",
        "latitude": 42.768357,
        "longitude": 2.870928
      },
      "deliveryLocation": {
        "hash": "u05s0k",
        "latitude": 45.7261936,
        "longitude": 4.93596
      },
      "loadFactor": 8
    },
    {
      "id": 4555,
      "pickupLocation": {
        "hash": "u30cj7",
        "latitude": 50.819903,
        "longitude": 12.539787
      },
      "deliveryLocation": {
        "hash": "u0ygdd",
        "latitude": 49.845135,
        "longitude": 9.6046
      },
      "loadFactor": 8
    },
    {
      "id": 8369,
      "pickupLocation": {
        "hash": "u1mxsy",
        "latitude": 53.387024,
        "longitude": 7.952453
      },
      "deliveryLocation": {
        "hash": "u1r2em",
        "latitude": 52.148021,
        "longitude": 10.348964
      },
      "loadFactor": 8
    },
    {
      "id": 2040,
      "pickupLocation": {
        "hash": "u28k82",
        "latitude": 48.605431,
        "longitude": 11.623412
      },
      "deliveryLocation": {
        "hash": "u295w3",
        "latitude": 48.433832,
        "longitude": 12.939525
      },
      "loadFactor": 7
    },
    {
      "id": 8962,
      "pickupLocation": {
        "hash": "u0wqdb",
        "latitude": 48.955734,
        "longitude": 8.920005
      },
      "deliveryLocation": {
        "hash": "u0y9sr",
        "latitude": 49.5220934,
        "longitude": 9.3324403
      },
      "loadFactor": 7
    }
  ]
}