{
  "vehicles": [
    {
      "id": 2194,
      "priceKm": 2.132540264476921,
      "startLocation": {
        "hash": "u0xdr5",
        "latitude": 48.228752252703906,
        "longitude": 10.860741098221325
      }
    },
    {
      "id": 9032,
      "priceKm": 1.6056210789990681,
      "startLocation": {
        "hash": "u30mbf",
        "latitude": 51.65081681707767,
        "longitude": 11.64360275089848
      }
    }
  ],
  "orders": [
    {
      "id": 3605,
      "pickupLocation": {
        "hash": "u0wqdb",
        "latitude": 48.955734,
        "longitude": 8.920005
      },
      "deliveryLocation": {
        "hash": "u0wsz0",
        "latitude": 48.648011,
        "longitude": 9.451104
      },
      "loadFactor": 4
    },
    {
      "id": 7131,
      "pickupLocation": {
        "hash": "u0wqdb",
        "latitude": 48.955734,
        "longitude": 8.920005
      },
      "deliveryLocation": {
        "hash": "u0wyvc",
        "latitude": 49.0093601,
        "longitude": 9.7556159
      },
      "loadFactor": 7
    },
    {
      "id": 8278,
      "pickupLocation": {
        "hash": "u0zchs",
        "latitude": 49.419392,
        "longitude": 11.098348
      },
      "deliveryLocation": {
        "hash": "u28meu",
        "latitude": 48.8063278,
        "longitude": 11.7683277
      },
      "loadFactor": 7
    },
    {
      "id": 4033,
      "pickupLocation": {
        "hash": "u3k4he",
        "latitude": 52.4040031,
        "longitude": 17.0754108
      },
      "deliveryLocation": {
        "hash": "u1nsmy",
        "latitude": 51.4081612,
        "longitude": 9.4023533
      },
      "loadFactor": 4
    },
    {
      "id": 5458,
      "pickupLocation": {
        "hash": "u1p4d0",
        "latitude": 51.069061,
        "longitude": 9.934655
      },
      "deliveryLocation": {
        "hash": "u0y0kx",
        "latitude": 49.303813,
        "longitude": 8.643352
      },
      "loadFactor": 7
    }
  ]
}