{
  "vehicles": [
    {
      "id": 5528,
      "priceKm": 2.2634716163925823,
      "startLocation": {
        "hash": "u1pers",
        "latitude": 51.218542619747204,
        "longitude": 10.878384987526779
      }
    },
    {
      "id": 1563,
      "priceKm": 2.354305201786109,
      "startLocation": {
        "hash": "u30uz6",
        "latitude": 51.473604662257344,
        "longitude": 12.63173388737221
      }
    }
  ],
  "orders": [
    {
      "id": 1302,
      "pickupLocation": {
        "hash": "u28k82",
        "latitude": 48.605431,
        "longitude": 11.623412
      },
      "deliveryLocation": {
        "hash": "u0xbjs",
        "latitude": 47.839073,
        "longitude": 11.142432
      },
      "loadFactor": 7
    },
    {
      "id": 7076,
      "pickupLocation": {
        "hash": "u1r2em",
        "latitude": 52.148021,
        "longitude": 10.348964
      },
      "deliveryLocation": {
        "hash": "u1mbvy",
        "latitude": 52.200762,
        "longitude": 8.338667
      },
      "loadFactor": 7
    },
    {
      "id": 1656,
      "pickupLocation": {
        "hash": "u1huxx",
        "latitude": 51.455206,
        "longitude": 7.012273
      },
      "deliveryLocation": {
        "hash": "u1jjfy",
        "latitude": 51.6706017,
        "longitude": 7.1544063
      },
      "loadFactor": 7
    },
    {
      "id": 8812,
      "pickupLocation": {
        "hash": "u1q52c",
        "latitude": 52.609453,
        "longitude": 8.480184
      },
      "deliveryLocation": {
        "hash": "u1w0ek",
        "latitude": 53.552227,
        "longitude": 8.5865507
      },
      "loadFactor": 4
    },
    {
      "id": 3264,
      "pickupLocation": {
        "hash": "u28k82",
        "latitude": 48.605431,
        "longitude": 11.623412
      },
      "deliveryLocation": {
        "hash": "u0xmyt",
        "latitude": 48.851658,
        "longitude": 10.488587
      },
      "loadFactor": 8
    }
  ]
}