{
  "vehicles": [
    {
      "id": 41,
      "priceKm": 1.0992081263879414,
      "startLocation": {
        "hash": "u28xcq",
        "latitude": 49.20822332535526,
        "longitude": 12.01053908748366
      }
    },
    {
      "id": 3054,
      "priceKm": 2.773095273603486,
      "startLocation": {
        "hash": "u0zjzu",
        "latitude": 50.256586162152296,
        "longitude": 10.185704765335752
      }
    }
  ],
  "orders": [
    {
      "id": 10294,
      "pickupLocation": {
        "hash": "u0f0nr",
        "latitude": 49.259963,
        "longitude": 3.090591
      },
      "deliveryLocation": {
        "hash": "u09s4q",
        "latitude": 48.5485992,
        "longitude": 2.2123251
      },
      "loadFactor": 4
    },
    {
      "id": 8640,
      "pickupLocation": {
        "hash": "u30cj7",
        "latitude": 50.819903,
        "longitude": 12.539787
      },
      "deliveryLocation": {
        "hash": "u0zxgj",
        "latitude": 50.6092268,
        "longitude": 10.6819293
      },
      "loadFactor": 6
    },
    {
      "id": 9279,
      "pickupLocation": {
        "hash": "u28k82",
        "latitude": 48.605431,
        "longitude": 11.623412
      },
      "deliveryLocation": {
        "hash": "u22rv7",
        "latitude": 47.790025,
        "longitude": 11.833542
      },
      "loadFactor": 7
    },
    {
      "id": 10170,
      "pickupLocation": {
        "hash": "u0wqdb",
        "latitude": 48.955734,
        "longitude": 8.920005
      },
      "deliveryLocation": {
        "hash": "u0wv5f",
        "latitude": 48.7052956,
        "longitude": 9.6607962
      },
      "loadFactor": 8
    },
    {
      "id": 3391,
      "pickupLocation": {
        "hash": "u0zck4",
        "latitude": 49.45385,
        "longitude": 11.077324
      },
      "deliveryLocation": {
        "hash": "u297qg",
        "latitude": 48.4012146,
        "longitude": 13.3107462
      },
      "loadFactor": 7
    }
  ]
}