{
  "vehicles": [
    {
      "id": 2638,
      "priceKm": 2.626134180869631,
      "startLocation": {
        "hash": "u1v7gn",
        "latitude": 55.54096526010323,
        "longitude": 7.516306147072944
      }
    },
    {
      "id": 5831,
      "priceKm": 2.55137514870052,
      "startLocation": {
        "hash": "u0xvck",
        "latitude": 48.85001913145459,
        "longitude": 10.959740378522
      }
    }
  ],
  "orders": [
    {
      "id": 10984,
      "pickupLocation": {
        "hash": "u1huxx",
        "latitude": 51.455206,
        "longitude": 7.012273
      },
      "deliveryLocation": {
        "hash": "u1j5zd",
        "latitude": 51.2967186,
        "longitude": 7.3693342
      },
      "loadFactor": 7
    },
    {
      "id": 1942,
      "pickupLocation": {
        "hash": "ezky9z",
        "latitude": 41.962737,
        "longitude": -4.488345
      },
      "deliveryLocation": {
        "hash": "u05mhw",
        "latitude": 45.9143,
        "longitude": 4.77378
      },
      "loadFactor": 8
    },
    {
      "id": 6902,
      "pickupLocation": {
        "hash": "u0f0nr",
        "latitude": 49.259963,
        "longitude": 3.090591
      },
      "deliveryLocation": {
        "hash": "u003p1",
        "latitude": 45.185833,
        "longitude": 0.661944
      },
      "loadFactor": 7
    },
    {
      "id": 984,
      "pickupLocation": {
        "hash": "u0wqdb",
        "latitude": 48.955734,
        "longitude": 8.920005
      },
      "deliveryLocation": {
        "hash": "u0xjsx",
        "latitude": 48.8205334,
        "longitude": 10.0501026
      },
      "loadFactor": 8
    },
    {
      "id": 336,
      "pickupLocation": {
        "hash": "u30u9s",
        "latitude": 51.439009,
        "longitude": 12.371469
      },
      "deliveryLocation": {
        "hash": "u0z562",
        "latitude": 49.7913044,
        "longitude": 9.9533548
      },
      "loadFactor": 7
    }
  ]
}