{
  "vehicles": [
    {
      "id": 2512,
      "priceKm": 1.1900424687660127,
      "startLocation": {
        "hash": "u291jg",
        "latitude": 48.00855652372567,
        "longitude": 12.91296493968579
      }
    },
    {
      "id": 5047,
      "priceKm": 2.923295561839855,
      "startLocation": {
        "hash": "u1vx8m",
        "latitude": 56.193249931569554,
        "longitude": 7.751105350052078
      }
    }
  ],
  "orders": [
    {
      "id": 2843,
      "pickupLocation": {
        "hash": "u0zck4",
        "latitude": 49.45385,
        "longitude": 11.077324
      },
      "deliveryLocation": {
        "hash": "u29jyc",
        "latitude": 48.833242,
        "longitude": 12.962093
      },
      "loadFactor": 7
    },
    {
      "id": 5745,
      "pickupLocation": {
        "hash": "u0wqdb",
        "latitude": 48.955734,
        "longitude": 8.920005
      },
      "deliveryLocation": {
        "hash": "u0wv5q",
        "latitude": 48.726082,
        "longitude": 9.6420971
      },
      "loadFactor": 9
    },
    {
      "id": 6555,
      "pickupLocation": {
        "hash": "u0fntc",
        "latitude": 50.370368,
        "longitude": 3.076138
      },
      "deliveryLocation": {
        "hash": "u09u83",
        "latitude": 48.6137695,
        "longitude": 2.4803419
      },
      "loadFactor": 5
    },
    {
      "id": 9333,
      "pickupLocation": {
        "hash": "u30bs3",
        "latitude": 50.718504,
        "longitude": 12.493927
      },
      "deliveryLocation": {
        "hash": "u0yv79",
        "latitude": 50.1500015,
        "longitude": 9.6499996
      },
      "loadFactor": 6
    },
    {
      "id": 7619,
      "pickupLocation": {
        "hash": "u30cdb",
        "latitude": 50.889108,
        "longitude": 12.431532
      },
      "deliveryLocation": {
        "hash": "u0t8fp",
        "latitude": 47.984395,
        "longitude": 7.8269361
      },
      "loadFactor": 7
    }
  ]
}