{
  "vehicles": [
    {
      "id": 3859,
      "priceKm": 1.6016868626285492,
      "startLocation": {
        "hash": "u23q7s",
        "latitude": 47.531334393678485,
        "longitude": 13.172068045051697
      }
    },
    {
      "id": 9201,
      "priceKm": 2.4883947270184166,
      "startLocation": {
        "hash": "u30kue",
        "latitude": 51.480506094235956,
        "longitude": 11.809412825458185
      }
    }
  ],
  "orders": [
    {
      "id": 4563,
      "pickupLocation": {
        "hash": "u0zchs",
        "latitude": 49.419392,
        "longitude": 11.098348
      },
      "deliveryLocation": {
        "hash": "u0z815",
        "latitude": 49.2381134,
        "longitude": 10.5910397
      },
      "loadFactor": 5
    },
    {
      "id": 1471,
      "pickupLocation": {
        "hash": "u0wqdb",
        "latitude": 48.955734,
        "longitude": 8.920005
      },
      "deliveryLocation": {
        "hash": "u0wv5f",
        "latitude": 48.7052956,
        "longitude": 9.6607962
      },
      "loadFactor": 8
    },
    {
      "id": 2235,
      "pickupLocation": {
        "hash": "u1mpeg",
        "latitude": 53.36696,
        "longitude": 7.20595
      },
      "deliveryLocation": {
        "hash": "u0f0nr",
        "latitude": 49.259963,
        "longitude": 3.090591
      },
      "loadFactor": 6
    },
    {
      "id": 10029,
      "pickupLocation": {
        "hash": "u2c0s2",
        "latitude": 49.308084,
        "longitude": 12.845029
      },
      "deliveryLocation": {
        "hash": "u2bk24",
        "latitude": 49.9771178,
        "longitude": 11.6101065
      },
      "loadFactor": 7
    },
    {
      "id": 9042,
      "pickupLocation": {
        "hash": "u30cj7",
        "latitude": 50.819903,
        "longitude": 12.539787
      },
      "deliveryLocation": {
        "hash": "u0z560",
        "latitude": 49.79245,
        "longitude": 9.932966
      },
      "loadFactor": 6
    }
  ]
}