{
  "vehicles": [
    {
      "id": 8935,
      "priceKm": 1.5120340381503647,
      "startLocation": {
        "hash": "u0fze8",
        "latitude": 50.53731337840163,
        "longitude": 4.0289619877438785
      }
    },
    {
      "id": 9010,
      "priceKm": 1.2510110179993215,
      "startLocation": {
        "hash": "u281cp",
        "latitude": 48.160190487742945,
        "longitude": 11.297589660802227
      }
    },
    {
      "id": 482,
      "priceKm": 2.789270018050612,
      "startLocation": {
        "hash": "u0zedc",
        "latitude": 49.84493278353133,
        "longitude": 10.671002618459564
      }
    },
    {
      "id": 8472,
      "priceKm": 2.161769903767965,
      "startLocation": {
        "hash": "u0ze2u",
        "latitude": 49.814662627550995,
        "longitude": 10.58234224987056
      }
    },
    {
      "id": 5896,
      "priceKm": 2.8345962413705914,
      "startLocation": {
        "hash": "u0tg38",
        "latitude": 48.38898008057627,
        "longitude": 8.153573486849158
      }
    },
    {
      "id": 9802,
      "priceKm": 1.6041153208658603,
      "startLocation": {
        "hash": "u0gyug",
        "latitude": 50.4219661165129,
        "longitude": 5.49051762304464
      }
    }
  ],
  "orders": [
    {
      "id": 11084,
      "pickupLocation": {
        "hash": "u1huxx",
        "latitude": 51.455206,
        "longitude": 7.012273
      },
      "deliveryLocation": {
        "hash": "u1jwqv",
        "latitude": 51.755515,
        "longitude": 8.041135
      },
      "loadFactor": 8
    },
    {
      "id": 2206,
      "pickupLocation": {
        "hash": "u30bs3",
        "latitude": 50.718504,
        "longitude": 12.493927
      },
      "deliveryLocation": {
        "hash": "u0tddp",
        "latitude": 48.295226,
        "longitude": 7.823876
      },
      "loadFactor": 7
    },
    {
      "id": 8753,
      "pickupLocation": {
        "hash": "u2kx33",
        "latitude": 47.687609,
        "longitude": 17.634682
      },
      "deliveryLocation": {
        "hash": "u2mmzr",
        "latitude": 47.460019,
        "longitude": 18.954182
      },
      "loadFactor": 8
    },
    {
      "id": 8279,
      "pickupLocation": {
        "hash": "u1huxx",
        "latitude": 51.455206,
        "longitude": 7.012273
      },
      "deliveryLocation": {
        "hash": "u1j5y1",
        "latitude": 51.2944999,
        "longitude": 7.2979462
      },
      "loadFactor": 7
    },
    {
      "id": 6949,
      "pickupLocation": {
        "hash": "u0yjpt",
        "latitude": 50.1285806,
        "longitude": 8.7672162
      },
      "deliveryLocation": {
        "hash": "u31f3s",
        "latitude": 51.0440525,
        "longitude": 13.7826513
      },
      "loadFactor": 8
    },
    {
      "id": 2930,
      "pickupLocation": {
        "hash": "u0spxz",
        "latitude": 49.169743,
        "longitude": 5.968539
      },
      "deliveryLocation": {
        "hash": "u05mhw",
        "latitude": 45.9143,
        "longitude": 4.77378
      },
      "loadFactor": 3
    }
  ]
}