{
  "vehicles": [
    {
      "id": 939,
      "priceKm": 1.8181008607586533,
      "startLocation": {
        "hash": "u368mr",
        "latitude": 52.11540852959575,
        "longitude": 15.002682658696433
      }
    },
    {
      "id": 2527,
      "priceKm": 1.9530411904012548,
      "startLocation": {
        "hash": "u17fer",
        "latitude": 52.513576187670814,
        "longitude": 5.419704458179547
      }
    },
    {
      "id": 7200,
      "priceKm": 2.562598057604288,
      "startLocation": {
        "hash": "u300qm",
        "latitude": 50.70065518770803,
        "longitude": 11.535546012735013
      }
    },
    {
      "id": 1307,
      "priceKm": 2.6748324243714166,
      "startLocation": {
        "hash": "u35rvq",
        "latitude": 52.023756509495506,
        "longitude": 16.055409083703978
      }
    },
    {
      "id": 4480,
      "priceKm": 2.043151504955574,
      "startLocation": {
        "hash": "u0u9w1",
        "latitude": 49.48955463933759,
        "longitude": 6.599434792602612
      }
    },
    {
      "id": 7197,
      "priceKm": 1.1570651604782956,
      "startLocation": {
        "hash": "u1tdz2",
        "latitude": 53.925016891762574,
        "longitude": 8.059935068468722
      }
    }
  ],
  "orders": [
    {
      "id": 1632,
      "pickupLocation": {
        "hash": "u30cj7",
        "latitude": 50.819904,
        "longitude": 12.539787
      },
      "deliveryLocation": {
        "hash": "u0zjmr",
        "latitude": 50.1851415,
        "longitude": 10.0775445
      },
      "loadFactor": 8
    },
    {
      "id": 10234,
      "pickupLocation": {
        "hash": "u1huxx",
        "latitude": 51.455206,
        "longitude": 7.012273
      },
      "deliveryLocation": {
        "hash": "u1j7ms",
        "latitude": 51.2216079,
        "longitude": 7.6271485
      },
      "loadFactor": 6
    },
    {
      "id": 6286,
      "pickupLocation": {
        "hash": "u0wqdb",
        "latitude": 48.955734,
        "longitude": 8.920005
      },
      "deliveryLocation": {
        "hash": "u0wv5f",
        "latitude": 48.705294,
        "longitude": 9.660796
      },
      "loadFactor": 8
    },
    {
      "id": 9470,
      "pickupLocation": {
        "hash": "u0wqdb",
        "latitude": 48.955734,
        "longitude": 8.920005
      },
      "deliveryLocation": {
        "hash": "u0wv5b",
        "latitude": 48.696497,
        "longitude": 9.6640393
      },
      "loadFactor": 7
    },
    {
      "id": 7706,
      "pickupLocation": {
        "hash": "u1yz7q",
        "latitude": 56.1538502,
        "longitude": 9.6379858
      },
      "deliveryLocation": {
        "hash": "u1jny5",
        "latitude": 51.8315487,
        "longitude": 7.3016875
      },
      "loadFactor": 8
    },
    {
      "id": 8989,
      "pickupLocation": {
        "hash": "u0wxcg",
        "latitude": 49.191735,
        "longitude": 9.224944
      },
      "deliveryLocation": {
        "hash": "u28hgt",
        "latitude": 48.677765,
        "longitude": 11.411769
      },
      "loadFactor": 4
    }
  ]
}