{
  "vehicles": [
    {
      "id": 1648,
      "priceKm": 1.1356514150093568,
      "startLocation": {
        "hash": "u0w91x",
        "latitude": 48.03168206648249,
        "longitude": 9.20794717273883
      }
    },
    {
      "id": 7704,
      "priceKm": 1.6491505786208172,
      "startLocation": {
        "hash": "u382jz",
        "latitude": 53.47611025339661,
        "longitude": 11.861499922918163
      }
    },
    {
      "id": 860,
      "priceKm": 1.8068935416649605,
      "startLocation": {
        "hash": "u1s65c",
        "latitude": 53.799711111197425,
        "longitude": 6.150354775820676
      }
    },
    {
      "id": 7515,
      "priceKm": 2.6405374091914773,
      "startLocation": {
        "hash": "u1jcuy",
        "latitude": 50.97044142943905,
        "longitude": 8.302422204282259
      }
    },
    {
      "id": 2749,
      "priceKm": 1.276776949019296,
      "startLocation": {
        "hash": "u0s8z7",
        "latitude": 47.965516058290895,
        "longitude": 6.647420681074729
      }
    },
    {
      "id": 8760,
      "priceKm": 2.3649328562117473,
      "startLocation": {
        "hash": "u0dr4p",
        "latitude": 49.08348856422309,
        "longitude": 3.2604650208297747
      }
    }
  ],
  "orders": [
    {
      "id": 6166,
      "pickupLocation": {
        "hash": "u1huxx",
        "latitude": 51.455206,
        "longitude": 7.012273
      },
      "deliveryLocation": {
        "hash": "u1j5v9",
        "latitude": 51.29213,
        "longitude": 7.28027
      },
      "loadFactor": 8
    },
    {
      "id": 8056,
      "pickupLocation": {
        "hash": "u1hcy3",
        "latitude": 50.941232,
        "longitude": 6.956947
      },
      "deliveryLocation": {
        "hash": "u33617",
        "latitude": 52.4,
        "longitude": 13.0667
      },
      "loadFactor": 7
    },
    {
      "id": 7361,
      "pickupLocation": {
        "hash": "u3k4he",
        "latitude": 52.4040031,
        "longitude": 17.0754108
      },
      "deliveryLocation": {
        "hash": "u2mmzr",
        "latitude": 47.460019,
        "longitude": 18.954182
      },
      "loadFactor": 4
    },
    {
      "id": 1026,
      "pickupLocation": {
        "hash": "u2s1vq",
        "latitude": 48.153538,
        "longitude": 17.109671
      },
      "deliveryLocation": {
        "hash": "u2fkbn",
        "latitude": 50.087656,
        "longitude": 14.421213
      },
      "loadFactor": 8
    },
    {
      "id": 2050,
      "pickupLocation": {
        "hash": "u334u8",
        "latitude": 52.518784,
        "longitude": 12.85469
      },
      "deliveryLocation": {
        "hash": "u0qxmz",
        "latitude": 47.72153,
        "longitude": 9.39407
      },
      "loadFactor": 7
    },
    {
      "id": 6809,
      "pickupLocation": {
        "hash": "u0wqdb",
        "latitude": 48.955734,
        "longitude": 8.920005
      },
      "deliveryLocation": {
        "hash": "u0wvzd",
        "latitude": 48.8347104,
        "longitude": 9.8226159
      },
      "loadFactor": 10
    }
  ]
}