{
  "vehicles": [
    {
      "id": 7833,
      "priceKm": 2.3609048266285884,
      "startLocation": {
        "hash": "u2c9pb",
        "latitude": 49.39665350893245,
        "longitude": 13.706094462761397
      }
    },
    {
      "id": 8693,
      "priceKm": 2.2600494074211834,
      "startLocation": {
        "hash": "u34j19",
        "latitude": 51.514741440497126,
        "longitude": 14.133561503526915
      }
    },
    {
      "id": 7100,
      "priceKm": 1.446917332790282,
      "startLocation": {
        "hash": "u1tck6",
        "latitude": 53.67273607987163,
        "longitude": 8.281658042595778
      }
    },
    {
      "id": 4807,
      "priceKm": 2.7832328287910344,
      "startLocation": {
        "hash": "u1s5e9",
        "latitude": 54.05943648289364,
        "longitude": 5.782507329933881
      }
    },
    {
      "id": 6652,
      "priceKm": 1.3773624139215705,
      "startLocation": {
        "hash": "u29wtg",
        "latitude": 48.97623151290573,
        "longitude": 13.620014694727525
      }
    },
    {
      "id": 6395,
      "priceKm": 1.6387613825729188,
      "startLocation": {
        "hash": "u1qyyv",
        "latitude": 53.24694004033167,
        "longitude": 9.794602184321137
      }
    }
  ],
  "orders": [
    {
      "id": 9600,
      "pickupLocation": {
        "hash": "u1hg2g",
        "latitude": 51.21352,
        "longitude": 6.71275
      },
      "deliveryLocation": {
        "hash": "u1mj02",
        "latitude": 52.9111796,
        "longitude": 7.0487933
      },
      "loadFactor": 8
    },
    {
      "id": 7251,
      "pickupLocation": {
        "hash": "u1ye7g",
        "latitude": 55.436921,
        "longitude": 9.3126331
      },
      "deliveryLocation": {
        "hash": "u17bm2",
        "latitude": 52.0776043,
        "longitude": 5.5043816
      },
      "loadFactor": 7
    },
    {
      "id": 2914,
      "pickupLocation": {
        "hash": "u28k82",
        "latitude": 48.605431,
        "longitude": 11.623412
      },
      "deliveryLocation": {
        "hash": "u0xvq2",
        "latitude": 48.737195,
        "longitude": 11.179527
      },
      "loadFactor": 8
    },
    {
      "id": 9886,
      "pickupLocation": {
        "hash": "u30cdb",
        "latitude": 50.889108,
        "longitude": 12.431532
      },
      "deliveryLocation": {
        "hash": "u0tv3y",
        "latitude": 48.7710732,
        "longitude": 8.1716077
      },
      "loadFactor": 7
    },
    {
      "id": 5754,
      "pickupLocation": {
        "hash": "u28k82",
        "latitude": 48.605431,
        "longitude": 11.623412
      },
      "deliveryLocation": {
        "hash": "u0ry4f",
        "latitude": 47.475321,
        "longitude": 11.02595
      },
      "loadFactor": 6
    },
    {
      "id": 6550,
      "pickupLocation": {
        "hash": "u28k82",
        "latitude": 48.605431,
        "longitude": 11.623412
      },
      "deliveryLocation": {
        "hash": "u28jst",
        "latitude": 48.810012,
        "longitude": 11.456921
      },
      "loadFactor": 4
    }
  ]
}