{
  "vehicles": [
    {
      "id": 6152,
      "priceKm": 2.382729712966224,
      "startLocation": {
        "hash": "u0qkd2",
        "latitude": 47.19801510507285,
        "longitude": 8.894780089167556
      }
    },
    {
      "id": 3601,
      "priceKm": 1.4698789378356574,
      "startLocation": {
        "hash": "u1pjtd",
        "latitude": 51.602805988926775,
        "longitude": 10.090316199594522
      }
    },
    {
      "id": 1089,
      "priceKm": 1.818855497441595,
      "startLocation": {
        "hash": "u0x8z1",
        "latitude": 47.95351733122833,
        "longitude": 10.854895300020617
      }
    },
    {
      "id": 1405,
      "priceKm": 1.484830953735328,
      "startLocation": {
        "hash": "u305c8",
        "latitude": 51.28938820434615,
        "longitude": 11.322832971100139
      }
    },
    {
      "id": 8765,
      "priceKm": 2.3741123389235095,
      "startLocation": {
        "hash": "u1ptve",
        "latitude": 51.65337775442066,
        "longitude": 10.795540338373076
      }
    },
    {
      "id": 4541,
      "priceKm": 1.8066545822015356,
      "startLocation": {
        "hash": "u2gcmw",
        "latitude": 49.47658677469844,
        "longitude": 16.774071879165913
      }
    }
  ],
  "orders": [
    {
      "id": 647,
      "pickupLocation": {
        "hash": "u28jqm",
        "latitude": 48.766472,
        "longitude": 11.533357
      },
      "deliveryLocation": {
        "hash": "u1nsmy",
        "latitude": 51.408161,
        "longitude": 9.402353
      },
      "loadFactor": 6
    },
    {
      "id": 3156,
      "pickupLocation": {
        "hash": "u32203",
        "latitude": 52.039425,
        "longitude": 11.613103
      },
      "deliveryLocation": {
        "hash": "u0vqse",
        "latitude": 50.37866,
        "longitude": 7.58524
      },
      "loadFactor": 7
    },
    {
      "id": 2547,
      "pickupLocation": {
        "hash": "u1mxsy",
        "latitude": 53.387024,
        "longitude": 7.952453
      },
      "deliveryLocation": {
        "hash": "u0y5sz",
        "latitude": 49.872775,
        "longitude": 8.651178
      },
      "loadFactor": 7
    },
    {
      "id": 548,
      "pickupLocation": {
        "hash": "u1rdk3",
        "latitude": 52.435841,
        "longitude": 10.742137
      },
      "deliveryLocation": {
        "hash": "u0p2ev",
        "latitude": 45.1199965,
        "longitude": 10.3692313
      },
      "loadFactor": 7
    },
    {
      "id": 1695,
      "pickupLocation": {
        "hash": "u0zchs",
        "latitude": 49.419392,
        "longitude": 11.098348
      },
      "deliveryLocation": {
        "hash": "u29v2f",
        "latitude": 48.75,
        "longitude": 13.75
      },
      "loadFactor": 8
    },
    {
      "id": 7390,
      "pickupLocation": {
        "hash": "u1r2em",
        "latitude": 52.148021,
        "longitude": 10.348964
      },
      "deliveryLocation": {
        "hash": "u1t8gb",
        "latitude": 53.573643,
        "longitude": 7.90207
      },
      "loadFactor": 7
    }
  ]
}