{
  "vehicles": [
    {
      "id": 1385,
      "priceKm": 1.5339640147728677,
      "startLocation": {
        "hash": "u0mr8x",
        "latitude": 47.76708345920638,
        "longitude": 7.408960482287599
      }
    },
    {
      "id": 52,
      "priceKm": 2.164214924829229,
      "startLocation": {
        "hash": "u0w0fp",
        "latitude": 47.98663152239001,
        "longitude": 8.535132144593838
      }
    },
    {
      "id": 1212,
      "priceKm": 2.8723515263577397,
      "startLocation": {
        "hash": "u1130f",
        "latitude": 50.815034197132015,
        "longitude": 1.7945601132042135
      }
    },
    {
      "id": 5874,
      "priceKm": 1.8533915121465756,
      "startLocation": {
        "hash": "u0zgqz",
        "latitude": 49.830096296376674,
        "longitude": 11.198751343586466
      }
    },
    {
      "id": 7056,
      "priceKm": 1.5551495592536888,
      "startLocation": {
        "hash": "u31vbs",
        "latitude": 51.65840444277097,
        "longitude": 13.73635843622266
      }
    },
    {
      "id": 8666,
      "priceKm": 1.31795721111229,
      "startLocation": {
        "hash": "u0sx94",
        "latitude": 49.14569244943184,
        "longitude": 6.379694490456986
      }
    }
  ],
  "orders": [
    {
      "id": 7366,
      "pickupLocation": {
        "hash": "u0fntc",
        "latitude": 50.370368,
        "longitude": 3.076138
      },
      "deliveryLocation": {
        "hash": "u09v24",
        "latitude": 48.7486687,
        "longitude": 2.463412
      },
      "loadFactor": 7
    },
    {
      "id": 7739,
      "pickupLocation": {
        "hash": "u0wqdb",
        "latitude": 48.955734,
        "longitude": 8.920005
      },
      "deliveryLocation": {
        "hash": "u0wt72",
        "latitude": 48.7375675,
        "longitude": 9.2940692
      },
      "loadFactor": 8
    },
    {
      "id": 3056,
      "pickupLocation": {
        "hash": "u173zt",
        "latitude": 52.371009,
        "longitude": 4.900112
      },
      "deliveryLocation": {
        "hash": "u1huet",
        "latitude": 51.4460279,
        "longitude": 6.8440933
      },
      "loadFactor": 8
    },
    {
      "id": 8984,
      "pickupLocation": {
        "hash": "u1r2em",
        "latitude": 52.148021,
        "longitude": 10.348964
      },
      "deliveryLocation": {
        "hash": "u1m5jr",
        "latitude": 52.600356,
        "longitude": 7.266355
      },
      "loadFactor": 7
    },
    {
      "id": 8085,
      "pickupLocation": {
        "hash": "u0wqdb",
        "latitude": 48.955734,
        "longitude": 8.920005
      },
      "deliveryLocation": {
        "hash": "u0wsvs",
        "latitude": 48.67276,
        "longitude": 9.3838396
      },
      "loadFactor": 7
    },
    {
      "id": 4625,
      "pickupLocation": {
        "hash": "u0wqdb",
        "latitude": 48.955734,
        "longitude": 8.920005
      },
      "deliveryLocation": {
        "hash": "u0wwqw",
        "latitude": 48.9471455,
        "longitude": 9.4341813
      },
      "loadFactor": 7
    }
  ]
}