{
  "vehicles": [
    {
      "id": 1879,
      "priceKm": 2.0111897771739122,
      "startLocation": {
        "hash": "u1qe25",
        "latitude": 52.619484688990454,
        "longitude": 9.145411117540837
      }
    },
    {
      "id": 4654,
      "priceKm": 2.3509031594816117,
      "startLocation": {
        "hash": "u0fkkk",
        "latitude": 49.99028646331552,
        "longitude": 3.3591686836957306
      }
    },
    {
      "id": 9136,
      "priceKm": 1.5766183397043467,
      "startLocation": {
        "hash": "u0xvd7",
        "latitude": 48.79766936928363,
        "longitude": 11.001309020987874
      }
    },
    {
      "id": 8206,
      "priceKm": 1.3569082719301695,
      "startLocation": {
        "hash": "u3d98h",
        "latitude": 53.727696963317975,
        "longitude": 14.775390996905495
      }
    },
    {
      "id": 109,
      "priceKm": 2.5225255108021316,
      "startLocation": {
        "hash": "u152pn",
        "latitude": 50.6601887742742,
        "longitude": 4.88597171180351
      }
    },
    {
      "id": 335,
      "priceKm": 2.8001982660652676,
      "startLocation": {
        "hash": "u1mvhy",
        "latitude": 52.94796473647174,
        "longitude": 8.304980335369848
      }
    }
  ],
  "orders": [
    {
      "id": 8688,
      "pickupLocation": {
        "hash": "u0zchs",
        "latitude": 49.419392,
        "longitude": 11.098348
      },
      "deliveryLocation": {
        "hash": "u0zck4",
        "latitude": 49.4538498,
        "longitude": 11.0773239
      },
      "loadFactor": 9
    },
    {
      "id": 6773,
      "pickupLocation": {
        "hash": "u0wqdb",
        "latitude": 48.955734,
        "longitude": 8.920005
      },
      "deliveryLocation": {
        "hash": "u0wwqw",
        "latitude": 48.9471455,
        "longitude": 9.4341813
      },
      "loadFactor": 7
    },
    {
      "id": 4873,
      "pickupLocation": {
        "hash": "u1mxsy",
        "latitude": 53.387024,
        "longitude": 7.952453
      },
      "deliveryLocation": {
        "hash": "u1hsj3",
        "latitude": 51.334037,
        "longitude": 6.55925
      },
      "loadFactor": 8
    },
    {
      "id": 19,
      "pickupLocation": {
        "hash": "spd533",
        "latitude": 42.768357,
        "longitude": 2.870928
      },
      "deliveryLocation": {
        "hash": "u0b1dd",
        "latitude": 49.493757,
        "longitude": 0.120504
      },
      "loadFactor": 8
    },
    {
      "id": 3362,
      "pickupLocation": {
        "hash": "u2gtdh",
        "latitude": 50.212498,
        "longitude": 16.262725
      },
      "deliveryLocation": {
        "hash": "u0gphg",
        "latitude": 50.4687201,
        "longitude": 4.4319559
      },
      "loadFactor": 7
    },
    {
      "id": 3468,
      "pickupLocation": {
        "hash": "u0wqdb",
        "latitude": 48.955734,
        "longitude": 8.920005
      },
      "deliveryLocation": {
        "hash": "u0wv5f",
        "latitude": 48.7052956,
        "longitude": 9.6607962
      },
      "loadFactor": 2
    }
  ]
}