{
  "vehicles": [
    {
      "id": 6549,
      "priceKm": 1.7302508664277703,
      "startLocation": {
        "hash": "u1pyjk",
        "latitude": 51.70351135041911,
        "longitude": 11.132771673485538
      }
    },
    {
      "id": 7077,
      "priceKm": 2.053712475044982,
      "startLocation": {
        "hash": "u0x774",
        "latitude": 48.395563803540696,
        "longitude": 10.337635960660492
      }
    },
    {
      "id": 7845,
      "priceKm": 2.864724013510922,
      "startLocation": {
        "hash": "u0vsn6",
        "latitude": 49.93810549093861,
        "longitude": 8.019426362996345
      }
    },
    {
      "id": 5166,
      "priceKm": 1.0302952753125836,
      "startLocation": {
        "hash": "u1tjbq",
        "latitude": 54.48468925020466,
        "longitude": 7.042877926686982
      }
    },
    {
      "id": 3985,
      "priceKm": 2.0897954651184403,
      "startLocation": {
        "hash": "u2epc4",
        "latitude": 49.18612234289621,
        "longitude": 15.52103525215672
      }
    },
    {
      "id": 3259,
      "priceKm": 2.6825104731894394,
      "startLocation": {
        "hash": "u28hz3",
        "latitude": 48.65598387360087,
        "longitude": 11.574994463336832
      }
    }
  ],
  "orders": [
    {
      "id": 9235,
      "pickupLocation": {
        "hash": "u1yv4m",
        "latitude": 55.7507,
        "longitude": 9.593335
      },
      "deliveryLocation": {
        "hash": "u23d5p",
        "latitude": 46.8001366,
        "longitude": 13.4963379
      },
      "loadFactor": 4
    },
    {
      "id": 3696,
      "pickupLocation": {
        "hash": "u28k82",
        "latitude": 48.605431,
        "longitude": 11.623412
      },
      "deliveryLocation": {
        "hash": "u282t2",
        "latitude": 47.901573,
        "longitude": 11.839625
      },
      "loadFactor": 7
    },
    {
      "id": 10107,
      "pickupLocation": {
        "hash": "u0f0nr",
        "latitude": 49.259963,
        "longitude": 3.090591
      },
      "deliveryLocation": {
        "hash": "u0547z",
        "latitude": 45.4368571,
        "longitude": 4.3923732
      },
      "loadFactor": 6
    },
    {
      "id": 2781,
      "pickupLocation": {
        "hash": "u1m9r4",
        "latitude": 52.2667,
        "longitude": 8.05
      },
      "deliveryLocation": {
        "hash": "u1tb80",
        "latitude": 53.5276924,
        "longitude": 8.0935553
      },
      "loadFactor": 7
    },
    {
      "id": 9859,
      "pickupLocation": {
        "hash": "u1r2em",
        "latitude": 52.148021,
        "longitude": 10.348964
      },
      "deliveryLocation": {
        "hash": "u1my6c",
        "latitude": 53.138975,
        "longitude": 8.214602
      },
      "loadFactor": 7
    },
    {
      "id": 1131,
      "pickupLocation": {
        "hash": "u1r2em",
        "latitude": 52.148021,
        "longitude": 10.348964
      },
      "deliveryLocation": {
        "hash": "u1mgux",
        "latitude": 52.731084,
        "longitude": 8.287327
      },
      "loadFactor": 9
    }
  ]
}