{
  "vehicles": [
    {
      "id": 8482,
      "priceKm": 1.5570339451013977,
      "startLocation": {
        "hash": "u1nugn",
        "latitude": 51.49805250927945,
        "longitude": 9.633377109405439
      }
    },
    {
      "id": 1574,
      "priceKm": 1.3554610779180387,
      "startLocation": {
        "hash": "u2b0t7",
        "latitude": 49.32365808383681,
        "longitude": 11.484652195058075
      }
    },
    {
      "id": 6124,
      "priceKm": 2.760685115614468,
      "startLocation": {
        "hash": "u0wd7k",
        "latitude": 48.23217622741772,
        "longitude": 9.28346158875462
      }
    },
    {
      "id": 6039,
      "priceKm": 1.7154920588552032,
      "startLocation": {
        "hash": "u31xhp",
        "latitude": 51.897698490399065,
        "longitude": 13.541834348806985
      }
    },
    {
      "id": 107,
      "priceKm": 2.8060067128585913,
      "startLocation": {
        "hash": "u1zub5",
        "latitude": 55.6985344702985,
        "longitude": 10.899676815268405
      }
    },
    {
      "id": 3991,
      "priceKm": 2.477260687968168,
      "startLocation": {
        "hash": "u3454e",
        "latitude": 51.170212489685944,
        "longitude": 14.17681629232559
      }
    }
  ],
  "orders": [
    {
      "id": 4945,
      "pickupLocation": {
        "hash": "u1yv4m",
        "latitude": 55.7507,
        "longitude": 9.593335
      },
      "deliveryLocation": {
        "hash": "u176hc",
        "latitude": 52.3920193,
        "longitude": 4.7895269
      },
      "loadFactor": 4
    },
    {
      "id": 5977,
      "pickupLocation": {
        "hash": "u1mxsy",
        "latitude": 53.387024,
        "longitude": 7.952453
      },
      "deliveryLocation": {
        "hash": "u1nezs",
        "latitude": 51.309266,
        "longitude": 9.477016
      },
      "loadFactor": 8
    },
    {
      "id": 4538,
      "pickupLocation": {
        "hash": "u0b1x4",
        "latitude": 49.496622,
        "longitude": 0.316745
      },
      "deliveryLocation": {
        "hash": "u09v24",
        "latitude": 48.7486687,
        "longitude": 2.463412
      },
      "loadFactor": 3
    },
    {
      "id": 11023,
      "pickupLocation": {
        "hash": "u0f0nr",
        "latitude": 49.259963,
        "longitude": 3.090591
      },
      "deliveryLocation": {
        "hash": "u05476",
        "latitude": 45.4103505,
        "longitude": 4.3652131
      },
      "loadFactor": 8
    },
    {
      "id": 9829,
      "pickupLocation": {
        "hash": "u32203",
        "latitude": 52.039425,
        "longitude": 11.613103
      },
      "deliveryLocation": {
        "hash": "u0xyc0",
        "latitude": 49.0025758,
        "longitude": 10.9525663
      },
      "loadFactor": 8
    },
    {
      "id": 10895,
      "pickupLocation": {
        "hash": "u0wqdb",
        "latitude": 48.955734,
        "longitude": 8.920005
      },
      "deliveryLocation": {
        "hash": "u0wrw1",
        "latitude": 49.1413231,
        "longitude": 9.0594368
      },
      "loadFactor": 2
    }
  ]
}