{
  "vehicles": [
    {
      "id": 5500,
      "priceKm": 2.513289440926841,
      "startLocation": {
        "hash": "u27k8q",
        "latitude": 47.23244276896708,
        "longitude": 15.840178639651258
      }
    },
    {
      "id": 4042,
      "priceKm": 2.5501222938499692,
      "startLocation": {
        "hash": "u1jcrw",
        "latitude": 50.880832046795405,
        "longitude": 8.425465473984682
      }
    },
    {
      "id": 8852,
      "priceKm": 1.6940860429585107,
      "startLocation": {
        "hash": "u29vjn",
        "latitude": 48.726703087798406,
        "longitude": 13.932633175417754
      }
    },
    {
      "id": 8357,
      "priceKm": 2.716155677771128,
      "startLocation": {
        "hash": "u3264m",
        "latitude": 52.41385965471732,
        "longitude": 11.706010931365284
      }
    },
    {
      "id": 3148,
      "priceKm": 2.365404645772106,
      "startLocation": {
        "hash": "u32t20",
        "latitude": 52.95555683865951,
        "longitude": 11.963769301543838
      }
    },
    {
      "id": 8872,
      "priceKm": 2.149058742360724,
      "startLocation": {
        "hash": "u1mf2t",
        "latitude": 52.45621836223954,
        "longitude": 8.112439249282271
      }
    }
  ],
  "orders": [
    {
      "id": 3508,
      "pickupLocation": {
        "hash": "u2s1vq",
        "latitude": 48.153538,
        "longitude": 17.109671
      },
      "deliveryLocation": {
        "hash": "u2gm8k",
        "latitude": 50.209331,
        "longitude": 15.833182
      },
      "loadFactor": 8
    },
    {
      "id": 1425,
      "pickupLocation": {
        "hash": "ezksuq",
        "latitude": 41.652133,
        "longitude": -4.728562
      },
      "deliveryLocation": {
        "hash": "u021qc",
        "latitude": 46.6320114,
        "longitude": 0.304203
      },
      "loadFactor": 8
    },
    {
      "id": 4388,
      "pickupLocation": {
        "hash": "u2s1vq",
        "latitude": 48.153538,
        "longitude": 17.109671
      },
      "deliveryLocation": {
        "hash": "sp2cus",
        "latitude": 41.1136856,
        "longitude": 1.252739
      },
      "loadFactor": 7
    },
    {
      "id": 1277,
      "pickupLocation": {
        "hash": "u1mxsy",
        "latitude": 53.387024,
        "longitude": 7.952453
      },
      "deliveryLocation": {
        "hash": "u0v4y3",
        "latitude": 49.71062,
        "longitude": 7.313321
      },
      "loadFactor": 8
    },
    {
      "id": 4438,
      "pickupLocation": {
        "hash": "u0zck4",
        "latitude": 49.45385,
        "longitude": 11.077324
      },
      "deliveryLocation": {
        "hash": "u29s39",
        "latitude": 48.5697486,
        "longitude": 13.4319513
      },
      "loadFactor": 8
    },
    {
      "id": 3441,
      "pickupLocation": {
        "hash": "u334u8",
        "latitude": 52.518784,
        "longitude": 12.85469
      },
      "deliveryLocation": {
        "hash": "u0rxc9",
        "latitude": 47.775065,
        "longitude": 10.617085
      },
      "loadFactor": 9
    }
  ]
}