{
  "vehicles": [
    {
      "id": 5162,
      "priceKm": 2.525018301803346,
      "startLocation": {
        "hash": "u0xp59",
        "latitude": 49.0536095854113,
        "longitude": 10.006674154672599
      }
    },
    {
      "id": 3168,
      "priceKm": 1.9898373790300956,
      "startLocation": {
        "hash": "u1mmvf",
        "latitude": 53.0583678121587,
        "longitude": 7.639478177382757
      }
    },
    {
      "id": 5002,
      "priceKm": 1.0359680293097397,
      "startLocation": {
        "hash": "u2fgvk",
        "latitude": 49.90357958801595,
        "longitude": 15.352580852602443
      }
    }
  ],
  "orders": [
    {
      "id": 8326,
      "pickupLocation": {
        "hash": "u30cdb",
        "latitude": 50.889108,
        "longitude": 12.431532
      },
      "deliveryLocation": {
        "hash": "u0t94c",
        "latitude": 47.9949989,
        "longitude": 7.8646898
      },
      "loadFactor": 6
    },
    {
      "id": 3136,
      "pickupLocation": {
        "hash": "ezwgdd",
        "latitude": 42.818857,
        "longitude": -1.644464
      },
      "deliveryLocation": {
        "hash": "u292vw",
        "latitude": 47.980235,
        "longitude": 13.25486
      },
      "loadFactor": 8
    }
  ]
}