{
  "vehicles": [
    {
      "id": 9270,
      "priceKm": 2.6027976902792864,
      "startLocation": {
        "hash": "u0z0re",
        "latitude": 49.28102096231446,
        "longitude": 10.178287068115065
      }
    },
    {
      "id": 7403,
      "priceKm": 2.2058406381067104,
      "startLocation": {
        "hash": "u158eu",
        "latitude": 50.73867857488943,
        "longitude": 5.0880731866458175
      }
    },
    {
      "id": 4735,
      "priceKm": 1.8403686004683788,
      "startLocation": {
        "hash": "u1nsdp",
        "latitude": 51.45587315611611,
        "longitude": 9.231240015557054
      }
    }
  ],
  "orders": [
    {
      "id": 4810,
      "pickupLocation": {
        "hash": "u1mxsy",
        "latitude": 53.387024,
        "longitude": 7.952453
      },
      "deliveryLocation": {
        "hash": "u1n1p9",
        "latitude": 50.811733,
        "longitude": 8.775774
      },
      "loadFactor": 7
    },
    {
      "id": 2066,
      "pickupLocation": {
        "hash": "u2s1vq",
        "latitude": 48.153538,
        "longitude": 17.109671
      },
      "deliveryLocation": {
        "hash": "u2uf32",
        "latitude": 49.615665,
        "longitude": 17.993935
      },
      "loadFactor": 3
    }
  ]
}