{
  "vehicles": [
    {
      "id": 3838,
      "priceKm": 2.415706914566078,
      "startLocation": {
        "hash": "u1q1rb",
        "latitude": 52.25573130808698,
        "longitude": 8.787221702383647
      }
    },
    {
      "id": 5180,
      "priceKm": 2.4632832603359844,
      "startLocation": {
        "hash": "u1mxnr",
        "latitude": 53.301533582708636,
        "longitude": 8.01573320873705
      }
    },
    {
      "id": 10,
      "priceKm": 2.8638696236541463,
      "startLocation": {
        "hash": "u0t5sb",
        "latitude": 48.4329558373302,
        "longitude": 7.2464892490802475
      }
    }
  ],
  "orders": [
    {
      "id": 4486,
      "pickupLocation": {
        "hash": "u1hu9e",
        "latitude": 51.433434,
        "longitude": 6.749769
      },
      "deliveryLocation": {
        "hash": "u39bqk",
        "latitude": 53.505368,
        "longitude": 13.988905
      },
      "loadFactor": 8
    },
    {
      "id": 6198,
      "pickupLocation": {
        "hash": "u14gx6",
        "latitude": 51.255402,
        "longitude": 4.188628
      },
      "deliveryLocation": {
        "hash": "u0zbdy",
        "latitude": 49.34077,
        "longitude": 11.0196201
      },
      "loadFactor": 8
    }
  ]
}