{
  "vehicles": [
    {
      "id": 2291,
      "priceKm": 2.380578652718269,
      "startLocation": {
        "hash": "u0svdf",
        "latitude": 48.79115391033196,
        "longitude": 6.801267152283364
      }
    },
    {
      "id": 4010,
      "priceKm": 2.7434334540599274,
      "startLocation": {
        "hash": "u0zker",
        "latitude": 50.05293019453842,
        "longitude": 10.343216167610006
      }
    },
    {
      "id": 5707,
      "priceKm": 2.313645559930808,
      "startLocation": {
        "hash": "u1ryz5",
        "latitude": 53.23791323653894,
        "longitude": 11.212448457333045
      }
    }
  ],
  "orders": [
    {
      "id": 9803,
      "pickupLocation": {
        "hash": "u2fwg0",
        "latitude": 50.4095039,
        "longitude": 14.9040823
      },
      "deliveryLocation": {
        "hash": "u1mpeg",
        "latitude": 53.36696,
        "longitude": 7.20595
      },
      "loadFactor": 8
    },
    {
      "id": 3383,
      "pickupLocation": {
        "hash": "u0wqdb",
        "latitude": 48.955734,
        "longitude": 8.920005
      },
      "deliveryLocation": {
        "hash": "u0wx9f",
        "latitude": 49.142291,
        "longitude": 9.218655
      },
      "loadFactor": 6
    }
  ]
}