{
  "vehicles": [
    {
      "id": 6494,
      "priceKm": 1.7270026769552251,
      "startLocation": {
        "hash": "u1wdgp",
        "latitude": 53.95982862564575,
        "longitude": 9.276380934671822
      }
    },
    {
      "id": 4216,
      "priceKm": 2.3733551131159834,
      "startLocation": {
        "hash": "u294gc",
        "latitude": 48.30305844301062,
        "longitude": 12.825851161604266
      }
    },
    {
      "id": 8325,
      "priceKm": 1.9563153428934972,
      "startLocation": {
        "hash": "u0cc4j",
        "latitude": 49.42654900638809,
        "longitude": 2.5532945467914816
      }
    }
  ],
  "orders": [
    {
      "id": 7161,
      "pickupLocation": {
        "hash": "u1mxsy",
        "latitude": 53.387024,
        "longitude": 7.952453
      },
      "deliveryLocation": {
        "hash": "u1puu0",
        "latitude": 51.462774,
        "longitude": 11.07461
      },
      "loadFactor": 8
    },
    {
      "id": 5118,
      "pickupLocation": {
        "hash": "u28k82",
        "latitude": 48.605431,
        "longitude": 11.623412
      },
      "deliveryLocation": {
        "hash": "u0xdpc",
        "latitude": 48.170339,
        "longitude": 10.895949
      },
      "loadFactor": 8
    }
  ]
}