{
  "vehicles": [
    {
      "id": 367,
      "priceKm": 1.9372833672403602,
      "startLocation": {
        "hash": "u3wv4y",
        "latitude": 54.352253950314875,
        "longitude": 20.869552949176427
      }
    },
    {
      "id": 9110,
      "priceKm": 1.7909116260549887,
      "startLocation": {
        "hash": "u389bc",
        "latitude": 53.755214505528855,
        "longitude": 11.993134272088673
      }
    },
    {
      "id": 6388,
      "priceKm": 2.681486357461823,
      "startLocation": {
        "hash": "sp6271",
        "latitude": 40.83116500755103,
        "longitude": 3.2983362438643073
      }
    }
  ],
  "orders": [
    {
      "id": 5276,
      "pickupLocation": {
        "hash": "u2gtdh",
        "latitude": 50.212498,
        "longitude": 16.262725
      },
      "deliveryLocation": {
        "hash": "u0tddp",
        "latitude": 48.295226,
        "longitude": 7.823876
      },
      "loadFactor": 8
    },
    {
      "id": 3957,
      "pickupLocation": {
        "hash": "u1hu9e",
        "latitude": 51.433434,
        "longitude": 6.749769
      },
      "deliveryLocation": {
        "hash": "u33f04",
        "latitude": 52.394192,
        "longitude": 13.713167
      },
      "loadFactor": 8
    }
  ]
}