{
  "vehicles": [
    {
      "id": 9255,
      "priceKm": 1.4030346611965208,
      "startLocation": {
        "hash": "u1p933",
        "latitude": 50.852112167930436,
        "longitude": 10.610627409351206
      }
    },
    {
      "id": 4717,
      "priceKm": 1.2198474084170008,
      "startLocation": {
        "hash": "u1hqyr",
        "latitude": 51.85132590706131,
        "longitude": 6.2611199814394185
      }
    },
    {
      "id": 1590,
      "priceKm": 1.3463099445154931,
      "startLocation": {
        "hash": "u17fmv",
        "latitude": 52.45430088382522,
        "longitude": 5.535231358345681
      }
    }
  ],
  "orders": [
    {
      "id": 1450,
      "pickupLocation": {
        "hash": "u30cdb",
        "latitude": 50.889108,
        "longitude": 12.431532
      },
      "deliveryLocation": {
        "hash": "u0w4h2",
        "latitude": 48.1652577,
        "longitude": 8.628453
      },
      "loadFactor": 7
    },
    {
      "id": 9149,
      "pickupLocation": {
        "hash": "u0zchs",
        "latitude": 49.419392,
        "longitude": 11.098348
      },
      "deliveryLocation": {
        "hash": "u2bhp7",
        "latitude": 49.9427185,
        "longitude": 11.5763083
      },
      "loadFactor": 8
    }
  ]
}