{
  "vehicles": [
    {
      "id": 9595,
      "priceKm": 2.268360171864372,
      "startLocation": {
        "hash": "u302hj",
        "latitude": 50.65532903404,
        "longitude": 11.783532227716481
      }
    },
    {
      "id": 3545,
      "priceKm": 2.118494073023057,
      "startLocation": {
        "hash": "u2d125",
        "latitude": 48.0508110467595,
        "longitude": 14.069183146932748
      }
    },
    {
      "id": 49,
      "priceKm": 1.691332356944549,
      "startLocation": {
        "hash": "u2ch93",
        "latitude": 50.018851840165745,
        "longitude": 12.714718493095644
      }
    }
  ],
  "orders": [
    {
      "id": 2290,
      "pickupLocation": {
        "hash": "u0wqdb",
        "latitude": 48.955734,
        "longitude": 8.920005
      },
      "deliveryLocation": {
        "hash": "u0y289",
        "latitude": 49.3164794,
        "longitude": 8.8138552
      },
      "loadFactor": 8
    },
    {
      "id": 8681,
      "pickupLocation": {
        "hash": "u2c0s2",
        "latitude": 49.308084,
        "longitude": 12.845029
      },
      "deliveryLocation": {
        "hash": "u2877f",
        "latitude": 48.3964737,
        "longitude": 11.7706861
      },
      "loadFactor": 8
    }
  ]
}