{
  "vehicles": [
    {
      "id": 3409,
      "priceKm": 1.5181676933153028,
      "startLocation": {
        "hash": "u2g6eb",
        "latitude": 49.65880694699998,
        "longitude": 15.986702989586417
      }
    },
    {
      "id": 4800,
      "priceKm": 1.196732840245629,
      "startLocation": {
        "hash": "u1sd7n",
        "latitude": 53.86742738671386,
        "longitude": 6.461445161659068
      }
    },
    {
      "id": 6983,
      "priceKm": 1.5526524535208204,
      "startLocation": {
        "hash": "u2bgq0",
        "latitude": 49.79466828077068,
        "longitude": 12.569979118652126
      }
    }
  ],
  "orders": [
    {
      "id": 6434,
      "pickupLocation": {
        "hash": "u1yv4m",
        "latitude": 55.7507,
        "longitude": 9.593335
      },
      "deliveryLocation": {
        "hash": "u1774g",
        "latitude": 52.5777635,
        "longitude": 4.696658
      },
      "loadFactor": 8
    },
    {
      "id": 1026,
      "pickupLocation": {
        "hash": "u2s1vq",
        "latitude": 48.153538,
        "longitude": 17.109671
      },
      "deliveryLocation": {
        "hash": "u2fkbn",
        "latitude": 50.087656,
        "longitude": 14.421213
      },
      "loadFactor": 8
    }
  ]
}