{
  "vehicles": [
    {
      "id": 7234,
      "priceKm": 1.2474067753201452,
      "startLocation": {
        "hash": "u0fu4h",
        "latitude": 49.945525886272506,
        "longitude": 3.9602377924817405
      }
    },
    {
      "id": 6587,
      "priceKm": 1.864461400076095,
      "startLocation": {
        "hash": "u28jc6",
        "latitude": 48.83830852517073,
        "longitude": 11.31188019432209
      }
    },
    {
      "id": 8220,
      "priceKm": 2.5751601634432224,
      "startLocation": {
        "hash": "u0xxfb",
        "latitude": 49.17864420512521,
        "longitude": 10.677671298767294
      }
    }
  ],
  "orders": [
    {
      "id": 3137,
      "pickupLocation": {
        "hash": "u1qf5y",
        "latitude": 52.4193614,
        "longitude": 9.6574947
      },
      "deliveryLocation": {
        "hash": "u292vx",
        "latitude": 47.9849807,
        "longitude": 13.2522956
      },
      "loadFactor": 4
    },
    {
      "id": 9281,
      "pickupLocation": {
        "hash": "u1ye7g",
        "latitude": 55.436921,
        "longitude": 9.3126331
      },
      "deliveryLocation": {
        "hash": "u17snc",
        "latitude": 52.7413899,
        "longitude": 5.224116
      },
      "loadFactor": 8
    }
  ]
}