{
  "vehicles": [
    {
      "id": 9481,
      "priceKm": 1.797779818529083,
      "startLocation": {
        "hash": "u1jmg8",
        "latitude": 51.63871772117808,
        "longitude": 7.546283137433461
      }
    },
    {
      "id": 1712,
      "priceKm": 1.226543838460116,
      "startLocation": {
        "hash": "u1s33e",
        "latitude": 53.67727665408816,
        "longitude": 6.044546121416236
      }
    },
    {
      "id": 6850,
      "priceKm": 1.210681104192887,
      "startLocation": {
        "hash": "u164t2",
        "latitude": 52.47290587418417,
        "longitude": 3.051573367180995
      }
    },
    {
      "id": 3248,
      "priceKm": 2.396108193925054,
      "startLocation": {
        "hash": "u33811",
        "latitude": 52.03938493950696,
        "longitude": 13.407191633662134
      }
    }
  ],
  "orders": [
    {
      "id": 4966,
      "pickupLocation": {
        "hash": "u3k4he",
        "latitude": 52.4040031,
        "longitude": 17.0754108
      },
      "deliveryLocation": {
        "hash": "u1511b",
        "latitude": 50.802795,
        "longitude": 4.302606
      },
      "loadFactor": 7
    },
    {
      "id": 7214,
      "pickupLocation": {
        "hash": "u0wqdb",
        "latitude": 48.955734,
        "longitude": 8.920005
      },
      "deliveryLocation": {
        "hash": "u0wtep",
        "latitude": 48.8181572,
        "longitude": 9.2780848
      },
      "loadFactor": 10
    },
    {
      "id": 7951,
      "pickupLocation": {
        "hash": "u1rdjq",
        "latitude": 52.420559,
        "longitude": 10.786168
      },
      "deliveryLocation": {
        "hash": "u0wqdb",
        "latitude": 48.9557343,
        "longitude": 8.9200048
      },
      "loadFactor": 7
    }
  ]
}