{
  "vehicles": [
    {
      "id": 6902,
      "priceKm": 1.8356650404432808,
      "startLocation": {
        "hash": "u0rm14",
        "latitude": 47.29679629259818,
        "longitude": 10.241864093310847
      }
    },
    {
      "id": 7693,
      "priceKm": 2.809781900312717,
      "startLocation": {
        "hash": "u1w6vq",
        "latitude": 53.95855585564935,
        "longitude": 9.028446619851017
      }
    },
    {
      "id": 1323,
      "priceKm": 2.0598069986001515,
      "startLocation": {
        "hash": "u0wq5f",
        "latitude": 48.87899995497912,
        "longitude": 8.956714421308014
      }
    },
    {
      "id": 4676,
      "priceKm": 1.2350599349153943,
      "startLocation": {
        "hash": "spuunq",
        "latitude": 44.3325582034417,
        "longitude": 6.957413800414692
      }
    }
  ],
  "orders": [
    {
      "id": 10047,
      "pickupLocation": {
        "hash": "u32203",
        "latitude": 52.039425,
        "longitude": 11.613103
      },
      "deliveryLocation": {
        "hash": "u0wkn8",
        "latitude": 48.5184696,
        "longitude": 9.0809913
      },
      "loadFactor": 10
    },
    {
      "id": 1126,
      "pickupLocation": {
        "hash": "u1rdjq",
        "latitude": 52.420559,
        "longitude": 10.786168
      },
      "deliveryLocation": {
        "hash": "u0tddp",
        "latitude": 48.2952271,
        "longitude": 7.8238759
      },
      "loadFactor": 7
    },
    {
      "id": 11065,
      "pickupLocation": {
        "hash": "u28k82",
        "latitude": 48.605431,
        "longitude": 11.623412
      },
      "deliveryLocation": {
        "hash": "u2841z",
        "latitude": 48.202947,
        "longitude": 11.329427
      },
      "loadFactor": 9
    }
  ]
}