{
  "vehicles": [
    {
      "id": 1264,
      "priceKm": 1.9329570070117026,
      "startLocation": {
        "hash": "u0mym2",
        "latitude": 47.509378410564764,
        "longitude": 8.320702722504137
      }
    },
    {
      "id": 4265,
      "priceKm": 1.2831782122066435,
      "startLocation": {
        "hash": "ezpqd8",
        "latitude": 40.52003132312446,
        "longitude": -0.9391420401016439
      }
    },
    {
      "id": 2625,
      "priceKm": 2.170378804440575,
      "startLocation": {
        "hash": "u23pt2",
        "latitude": 47.72630044223098,
        "longitude": 12.892903079954275
      }
    },
    {
      "id": 9377,
      "priceKm": 1.445810255331337,
      "startLocation": {
        "hash": "u0zd44",
        "latitude": 49.58643770012815,
        "longitude": 10.636758674920511
      }
    }
  ],
  "orders": [
    {
      "id": 1983,
      "pickupLocation": {
        "hash": "u30u9s",
        "latitude": 51.439009,
        "longitude": 12.371469
      },
      "deliveryLocation": {
        "hash": "u0zjt6",
        "latitude": 50.1996727,
        "longitude": 10.0780668
      },
      "loadFactor": 7
    },
    {
      "id": 1760,
      "pickupLocation": {
        "hash": "u0fntc",
        "latitude": 50.370368,
        "longitude": 3.076138
      },
      "deliveryLocation": {
        "hash": "u0b1dd",
        "latitude": 49.493757,
        "longitude": 0.120504
      },
      "loadFactor": 8
    },
    {
      "id": 9323,
      "pickupLocation": {
        "hash": "u1y4ze",
        "latitude": 55.3447255,
        "longitude": 8.775982
      },
      "deliveryLocation": {
        "hash": "u1m9p6",
        "latitude": 52.2192665,
        "longitude": 8.0596883
      },
      "loadFactor": 8
    }
  ]
}