{
  "vehicles": [
    {
      "id": 2433,
      "priceKm": 1.9661649019063672,
      "startLocation": {
        "hash": "u1jtqg",
        "latitude": 51.564511177008455,
        "longitude": 8.041505389316146
      }
    },
    {
      "id": 6199,
      "priceKm": 2.614719754551982,
      "startLocation": {
        "hash": "u28h9p",
        "latitude": 48.642611224303025,
        "longitude": 11.3012227750263
      }
    },
    {
      "id": 7931,
      "priceKm": 2.745799806331264,
      "startLocation": {
        "hash": "u23np3",
        "latitude": 47.47151288806977,
        "longitude": 12.982079153372753
      }
    },
    {
      "id": 6918,
      "priceKm": 1.2353993463537247,
      "startLocation": {
        "hash": "eznwzz",
        "latitude": 40.603104009517324,
        "longitude": -1.7626701614600966
      }
    }
  ],
  "orders": [
    {
      "id": 10257,
      "pickupLocation": {
        "hash": "u2d6ec",
        "latitude": 48.259468,
        "longitude": 14.5788921
      },
      "deliveryLocation": {
        "hash": "u0cbft",
        "latitude": 49.379856,
        "longitude": 2.581037
      },
      "loadFactor": 3
    },
    {
      "id": 4375,
      "pickupLocation": {
        "hash": "u0wqdb",
        "latitude": 48.955734,
        "longitude": 8.920005
      },
      "deliveryLocation": {
        "hash": "u0wv8s",
        "latitude": 48.8051902,
        "longitude": 9.5153627
      },
      "loadFactor": 7
    },
    {
      "id": 8637,
      "pickupLocation": {
        "hash": "u30cj7",
        "latitude": 50.819903,
        "longitude": 12.539787
      },
      "deliveryLocation": {
        "hash": "u0z560",
        "latitude": 49.79245,
        "longitude": 9.9329662
      },
      "loadFactor": 8
    }
  ]
}