{
  "vehicles": [
    {
      "id": 5724,
      "priceKm": 2.880100677277873,
      "startLocation": {
        "hash": "u1tunw",
        "latitude": 54.176488618430504,
        "longitude": 8.379445046880116
      }
    },
    {
      "id": 5346,
      "priceKm": 2.7017011547429277,
      "startLocation": {
        "hash": "u1r5c6",
        "latitude": 52.70416461160459,
        "longitude": 9.905011266484493
      }
    },
    {
      "id": 2911,
      "priceKm": 2.591502975406,
      "startLocation": {
        "hash": "u0vvph",
        "latitude": 50.12245639558114,
        "longitude": 8.40108064189252
      }
    },
    {
      "id": 1243,
      "priceKm": 2.06032569047733,
      "startLocation": {
        "hash": "u1rehx",
        "latitude": 52.59996953062087,
        "longitude": 10.751136966312744
      }
    }
  ],
  "orders": [
    {
      "id": 9078,
      "pickupLocation": {
        "hash": "u1r2em",
        "latitude": 52.148021,
        "longitude": 10.348964
      },
      "deliveryLocation": {
        "hash": "u1mmbp",
        "latitude": 53.082261,
        "longitude": 7.39284
      },
      "loadFactor": 8
    },
    {
      "id": 969,
      "pickupLocation": {
        "hash": "u1mxsy",
        "latitude": 53.387024,
        "longitude": 7.952453
      },
      "deliveryLocation": {
        "hash": "u0y0kx",
        "latitude": 49.303813,
        "longitude": 8.643352
      },
      "loadFactor": 7
    },
    {
      "id": 5683,
      "pickupLocation": {
        "hash": "u1qf5x",
        "latitude": 52.4261327,
        "longitude": 9.6506033
      },
      "deliveryLocation": {
        "hash": "u1huxx",
        "latitude": 51.455206,
        "longitude": 7.012273
      },
      "loadFactor": 8
    }
  ]
}