{
  "vehicles": [
    {
      "id": 9931,
      "priceKm": 2.8965776810240476,
      "startLocation": {
        "hash": "u0f97z",
        "latitude": 49.4790008263407,
        "longitude": 3.686742058483933
      }
    },
    {
      "id": 5295,
      "priceKm": 1.103974215528877,
      "startLocation": {
        "hash": "u0z61c",
        "latitude": 49.576027213503785,
        "longitude": 10.273451351618572
      }
    },
    {
      "id": 8538,
      "priceKm": 2.5185863109571347,
      "startLocation": {
        "hash": "u0ws0e",
        "latitude": 48.53524849202085,
        "longitude": 9.164301492457641
      }
    },
    {
      "id": 9360,
      "priceKm": 1.1318272153631075,
      "startLocation": {
        "hash": "u0sevr",
        "latitude": 48.51357542469943,
        "longitude": 6.56010679426958
      }
    }
  ],
  "orders": [
    {
      "id": 1722,
      "pickupLocation": {
        "hash": "ezpc9x",
        "latitude": 39.679171,
        "longitude": -0.277415
      },
      "deliveryLocation": {
        "hash": "u095eg",
        "latitude": 48.445,
        "longitude": 1.579078
      },
      "loadFactor": 8
    },
    {
      "id": 6009,
      "pickupLocation": {
        "hash": "u1mpd8",
        "latitude": 53.351613,
        "longitude": 7.147359
      },
      "deliveryLocation": {
        "hash": "u1x0es",
        "latitude": 53.550341,
        "longitude": 10.000654
      },
      "loadFactor": 6
    },
    {
      "id": 5766,
      "pickupLocation": {
        "hash": "u1rdjq",
        "latitude": 52.420559,
        "longitude": 10.786168
      },
      "deliveryLocation": {
        "hash": "u1q9fe",
        "latitude": 52.359539,
        "longitude": 9.25142
      },
      "loadFactor": 7
    }
  ]
}