{
  "vehicles": [
    {
      "id": 2883,
      "priceKm": 1.3005796050402978,
      "startLocation": {
        "hash": "u0wbhf",
        "latitude": 47.826278031363714,
        "longitude": 9.706804599807377
      }
    },
    {
      "id": 1505,
      "priceKm": 1.7638337570781966,
      "startLocation": {
        "hash": "u0whe2",
        "latitude": 48.6084638793444,
        "longitude": 8.586350595199308
      }
    },
    {
      "id": 6884,
      "priceKm": 1.2945355449773588,
      "startLocation": {
        "hash": "u3bc6f",
        "latitude": 55.07658511521191,
        "longitude": 12.431272435709436
      }
    },
    {
      "id": 8362,
      "priceKm": 1.836451315270436,
      "startLocation": {
        "hash": "u3jyrz",
        "latitude": 51.76754420138433,
        "longitude": 19.680734025821273
      }
    }
  ],
  "orders": [
    {
      "id": 8943,
      "pickupLocation": {
        "hash": "u30cj7",
        "latitude": 50.819904,
        "longitude": 12.539787
      },
      "deliveryLocation": {
        "hash": "u0ycv9",
        "latitude": 49.5370452,
        "longitude": 9.7423776
      },
      "loadFactor": 8
    },
    {
      "id": 3954,
      "pickupLocation": {
        "hash": "u28k82",
        "latitude": 48.605431,
        "longitude": 11.623412
      },
      "deliveryLocation": {
        "hash": "u22xgs",
        "latitude": 47.791092,
        "longitude": 12.109816
      },
      "loadFactor": 7
    },
    {
      "id": 2559,
      "pickupLocation": {
        "hash": "u32203",
        "latitude": 52.039425,
        "longitude": 11.613103
      },
      "deliveryLocation": {
        "hash": "u1w0ek",
        "latitude": 53.552227,
        "longitude": 8.586551
      },
      "loadFactor": 5
    }
  ]
}