{
  "vehicles": [
    {
      "id": 9260,
      "priceKm": 2.5684522842549233,
      "startLocation": {
        "hash": "u1x1k3",
        "latitude": 53.66317637707944,
        "longitude": 10.03579601226215
      }
    },
    {
      "id": 3283,
      "priceKm": 2.9763342091055485,
      "startLocation": {
        "hash": "u1tq75",
        "latitude": 54.555209795769215,
        "longitude": 7.523370311871816
      }
    },
    {
      "id": 7423,
      "priceKm": 2.5073184211784163,
      "startLocation": {
        "hash": "u318mb",
        "latitude": 50.671966275173496,
        "longitude": 13.615428921381717
      }
    },
    {
      "id": 4079,
      "priceKm": 2.0500162984843326,
      "startLocation": {
        "hash": "u30y3z",
        "latitude": 51.76494369683013,
        "longitude": 12.392333591670187
      }
    }
  ],
  "orders": [
    {
      "id": 3500,
      "pickupLocation": {
        "hash": "u0wxcg",
        "latitude": 49.191735,
        "longitude": 9.224944
      },
      "deliveryLocation": {
        "hash": "u0tddp",
        "latitude": 48.295226,
        "longitude": 7.823876
      },
      "loadFactor": 5
    },
    {
      "id": 9617,
      "pickupLocation": {
        "hash": "u30cj7",
        "latitude": 50.819903,
        "longitude": 12.539787
      },
      "deliveryLocation": {
        "hash": "u0zwud",
        "latitude": 50.4212583,
        "longitude": 10.7518437
      },
      "loadFactor": 8
    },
    {
      "id": 10011,
      "pickupLocation": {
        "hash": "u1huxx",
        "latitude": 51.455206,
        "longitude": 7.012273
      },
      "deliveryLocation": {
        "hash": "u1jjc7",
        "latitude": 51.6555519,
        "longitude": 7.0968118
      },
      "loadFactor": 7
    }
  ]
}