{
  "vehicles": [
    {
      "id": 6306,
      "priceKm": 2.209797513227495,
      "startLocation": {
        "hash": "u135cj",
        "latitude": 52.7181451761362,
        "longitude": 1.4594866573503258
      }
    },
    {
      "id": 7409,
      "priceKm": 1.9791834034591078,
      "startLocation": {
        "hash": "u0xn1b",
        "latitude": 48.87127281308722,
        "longitude": 9.923505994264074
      }
    },
    {
      "id": 4317,
      "priceKm": 2.409409908662157,
      "startLocation": {
        "hash": "u0z4cj",
        "latitude": 49.73286112241942,
        "longitude": 9.890300582279249
      }
    },
    {
      "id": 7097,
      "priceKm": 2.7371697600175002,
      "startLocation": {
        "hash": "u2b1gz",
        "latitude": 49.56987868048079,
        "longitude": 11.424757821457575
      }
    }
  ],
  "orders": [
    {
      "id": 10020,
      "pickupLocation": {
        "hash": "u1p4d0",
        "latitude": 51.069063,
        "longitude": 9.934655
      },
      "deliveryLocation": {
        "hash": "u0ubtt",
        "latitude": 49.337011,
        "longitude": 6.931334
      },
      "loadFactor": 8
    },
    {
      "id": 9804,
      "pickupLocation": {
        "hash": "u32203",
        "latitude": 52.039425,
        "longitude": 11.613103
      },
      "deliveryLocation": {
        "hash": "u1mpeg",
        "latitude": 53.3669586,
        "longitude": 7.2059498
      },
      "loadFactor": 7
    },
    {
      "id": 1619,
      "pickupLocation": {
        "hash": "u2s1vq",
        "latitude": 48.153538,
        "longitude": 17.109671
      },
      "deliveryLocation": {
        "hash": "u2feyb",
        "latitude": 49.88065,
        "longitude": 15.064629
      },
      "loadFactor": 8
    }
  ]
}