{
  "vehicles": [
    {
      "id": 5716,
      "priceKm": 2.1258010777938465,
      "startLocation": {
        "hash": "u28xvx",
        "latitude": 49.21735937187972,
        "longitude": 12.20552314322125
      }
    },
    {
      "id": 2011,
      "priceKm": 1.9419009694740599,
      "startLocation": {
        "hash": "u1jfb3",
        "latitude": 51.11860684556572,
        "longitude": 8.097485288149329
      }
    },
    {
      "id": 9362,
      "priceKm": 1.7969903555692572,
      "startLocation": {
        "hash": "spfcvs",
        "latitude": 43.92503446288981,
        "longitude": 4.117174571412671
      }
    },
    {
      "id": 2579,
      "priceKm": 2.8206178012177574,
      "startLocation": {
        "hash": "u1hrgw",
        "latitude": 52.021584360461,
        "longitude": 6.134392189685667
      }
    }
  ],
  "orders": [
    {
      "id": 2913,
      "pickupLocation": {
        "hash": "ezwgdd",
        "latitude": 42.818857,
        "longitude": -1.644464
      },
      "deliveryLocation": {
        "hash": "eycwq0",
        "latitude": 39.06862,
        "longitude": -8.86912
      },
      "loadFactor": 8
    },
    {
      "id": 92,
      "pickupLocation": {
        "hash": "u3k4he",
        "latitude": 52.404003,
        "longitude": 17.075411
      },
      "deliveryLocation": {
        "hash": "u151rr",
        "latitude": 50.886445,
        "longitude": 4.540854
      },
      "loadFactor": 7
    },
    {
      "id": 5782,
      "pickupLocation": {
        "hash": "u1h8rk",
        "latitude": 50.691166,
        "longitude": 6.649964
      },
      "deliveryLocation": {
        "hash": "u1jjfy",
        "latitude": 51.6706017,
        "longitude": 7.1544063
      },
      "loadFactor": 7
    }
  ]
}