{
  "vehicles": [
    {
      "id": 5635,
      "priceKm": 2.3534455827395995,
      "startLocation": {
        "hash": "ezjmtr",
        "latitude": 40.38544971397706,
        "longitude": -3.63482295408195
      }
    },
    {
      "id": 6894,
      "priceKm": 1.257319142509139,
      "startLocation": {
        "hash": "u0gb3t",
        "latitude": 49.29021962727072,
        "longitude": 5.3437280000750444
      }
    },
    {
      "id": 2777,
      "priceKm": 1.366023952104951,
      "startLocation": {
        "hash": "u1x872",
        "latitude": 53.48596862537754,
        "longitude": 10.690834243235505
      }
    },
    {
      "id": 1091,
      "priceKm": 2.4900920579365993,
      "startLocation": {
        "hash": "u2ejb8",
        "latitude": 48.82632327069369,
        "longitude": 15.500319912551682
      }
    },
    {
      "id": 1844,
      "priceKm": 2.08328422204242,
      "startLocation": {
        "hash": "u1ksn2",
        "latitude": 52.73604431963302,
        "longitude": 6.604643099032566
      }
    },
    {
      "id": 6117,
      "priceKm": 1.450133995417781,
      "startLocation": {
        "hash": "u30u3j",
        "latitude": 51.399616633881394,
        "longitude": 12.351438356738928
      }
    },
    {
      "id": 9829,
      "priceKm": 1.2028443308752585,
      "startLocation": {
        "hash": "u2c2et",
        "latitude": 49.33642751957945,
        "longitude": 13.162591094316115
      }
    }
  ],
  "orders": [
    {
      "id": 10133,
      "pickupLocation": {
        "hash": "u0zchs",
        "latitude": 49.419392,
        "longitude": 11.098348
      },
      "deliveryLocation": {
        "hash": "u0zck4",
        "latitude": 49.4538498,
        "longitude": 11.0773239
      },
      "loadFactor": 4
    },
    {
      "id": 7270,
      "pickupLocation": {
        "hash": "u0zchs",
        "latitude": 49.419392,
        "longitude": 11.098348
      },
      "deliveryLocation": {
        "hash": "u0zbdu",
        "latitude": 49.329586,
        "longitude": 11.0193825
      },
      "loadFactor": 7
    }
  ]
}