{
  "vehicles": [
    {
      "id": 5806,
      "priceKm": 1.4598420955333289,
      "startLocation": {
        "hash": "u0xc1t",
        "latitude": 48.017023522058786,
        "longitude": 10.965310734035317
      }
    },
    {
      "id": 649,
      "priceKm": 2.341663310786606,
      "startLocation": {
        "hash": "ez7qvn",
        "latitude": 42.00415275716354,
        "longitude": -6.455223274876787
      }
    },
    {
      "id": 525,
      "priceKm": 2.8780238763363606,
      "startLocation": {
        "hash": "u1s8ty",
        "latitude": 53.55976139348319,
        "longitude": 6.582534761584787
      }
    },
    {
      "id": 166,
      "priceKm": 1.0928913917597562,
      "startLocation": {
        "hash": "u0v6d6",
        "latitude": 49.66929037292234,
        "longitude": 7.485503200997581
      }
    },
    {
      "id": 8678,
      "priceKm": 2.313778585673293,
      "startLocation": {
        "hash": "u14n5z",
        "latitude": 51.72064293432166,
        "longitude": 2.984686488600315
      }
    },
    {
      "id": 6575,
      "priceKm": 2.4319509287635324,
      "startLocation": {
        "hash": "u0zy0k",
        "latitude": 50.300834940473926,
        "longitude": 10.913926145929482
      }
    },
    {
      "id": 7415,
      "priceKm": 2.8641878584551375,
      "startLocation": {
        "hash": "u1jgzu",
        "latitude": 51.30925421507841,
        "longitude": 8.43071052389332
      }
    }
  ],
  "orders": [
    {
      "id": 8618,
      "pickupLocation": {
        "hash": "u2c0s2",
        "latitude": 49.308084,
        "longitude": 12.845029
      },
      "deliveryLocation": {
        "hash": "u29js3",
        "latitude": 48.7858739,
        "longitude": 12.8474443
      },
      "loadFactor": 6
    },
    {
      "id": 5577,
      "pickupLocation": {
        "hash": "u28hgt",
        "latitude": 48.677763,
        "longitude": 11.411769
      },
      "deliveryLocation": {
        "hash": "u0xfpe",
        "latitude": 48.18138,
        "longitude": 11.238213
      },
      "loadFactor": 4
    }
  ]
}