{
  "vehicles": [
    {
      "id": 3978,
      "priceKm": 2.1123475851183704,
      "startLocation": {
        "hash": "u2dzy5",
        "latitude": 49.19212911157596,
        "longitude": 15.384784438014208
      }
    },
    {
      "id": 6122,
      "priceKm": 1.3960688239637955,
      "startLocation": {
        "hash": "u0x1gd",
        "latitude": 48.13554691138819,
        "longitude": 10.000242930699875
      }
    },
    {
      "id": 9508,
      "priceKm": 2.242718928434086,
      "startLocation": {
        "hash": "u1jct5",
        "latitude": 50.91019049890667,
        "longitude": 8.30786125410314
      }
    },
    {
      "id": 8774,
      "priceKm": 1.4649997182080499,
      "startLocation": {
        "hash": "u1hu62",
        "latitude": 51.376361734966665,
        "longitude": 6.787339459103334
      }
    },
    {
      "id": 1439,
      "priceKm": 2.701709524129816,
      "startLocation": {
        "hash": "u30ezb",
        "latitude": 51.28835101171288,
        "longitude": 12.302980372817027
      }
    },
    {
      "id": 755,
      "priceKm": 2.7381157048473947,
      "startLocation": {
        "hash": "u4pc3k",
        "latitude": 56.492890575472565,
        "longitude": 10.957174927627742
      }
    },
    {
      "id": 4411,
      "priceKm": 1.1033428253740372,
      "startLocation": {
        "hash": "u2922y",
        "latitude": 47.89135191971907,
        "longitude": 13.041533226672291
      }
    }
  ],
  "orders": [
    {
      "id": 3156,
      "pickupLocation": {
        "hash": "u32203",
        "latitude": 52.039425,
        "longitude": 11.613103
      },
      "deliveryLocation": {
        "hash": "u0vqse",
        "latitude": 50.37866,
        "longitude": 7.58524
      },
      "loadFactor": 7
    },
    {
      "id": 2919,
      "pickupLocation": {
        "hash": "u0cbft",
        "latitude": 49.379856,
        "longitude": 2.581037
      },
      "deliveryLocation": {
        "hash": "spsxen",
        "latitude": 43.5398445,
        "longitude": 6.46558
      },
      "loadFactor": 8
    }
  ]
}