{
  "vehicles": [
    {
      "id": 777,
      "priceKm": 1.3811925334125685,
      "startLocation": {
        "hash": "u1sznc",
        "latitude": 54.67538711477586,
        "longitude": 6.984627889914209
      }
    },
    {
      "id": 3842,
      "priceKm": 2.1120058107511968,
      "startLocation": {
        "hash": "u1td0r",
        "latitude": 53.83028021892827,
        "longitude": 7.754086256786419
      }
    },
    {
      "id": 2747,
      "priceKm": 2.3555990456317075,
      "startLocation": {
        "hash": "u1ym20",
        "latitude": 55.77031705388361,
        "longitude": 8.789632867605322
      }
    },
    {
      "id": 1181,
      "priceKm": 2.898998905105819,
      "startLocation": {
        "hash": "u17f10",
        "latitude": 52.38787255790574,
        "longitude": 5.321198247892464
      }
    },
    {
      "id": 9536,
      "priceKm": 2.6248607294941344,
      "startLocation": {
        "hash": "u32bes",
        "latitude": 52.14323604596253,
        "longitude": 12.458700411757743
      }
    },
    {
      "id": 9881,
      "priceKm": 2.8444969103704096,
      "startLocation": {
        "hash": "u324tt",
        "latitude": 52.501751332062014,
        "longitude": 11.49567042104116
      }
    },
    {
      "id": 9928,
      "priceKm": 1.565430348880938,
      "startLocation": {
        "hash": "u097p1",
        "latitude": 48.34994450354159,
        "longitude": 2.071063901395961
      }
    }
  ],
  "orders": [
    {
      "id": 5507,
      "pickupLocation": {
        "hash": "u30cj7",
        "latitude": 50.819904,
        "longitude": 12.539787
      },
      "deliveryLocation": {
        "hash": "u0z560",
        "latitude": 49.79245,
        "longitude": 9.932966
      },
      "loadFactor": 8
    },
    {
      "id": 10520,
      "pickupLocation": {
        "hash": "u28k82",
        "latitude": 48.605431,
        "longitude": 11.623412
      },
      "deliveryLocation": {
        "hash": "u284s1",
        "latitude": 48.258832,
        "longitude": 11.433929
      },
      "loadFactor": 7
    }
  ]
}