{
  "vehicles": [
    {
      "id": 253,
      "priceKm": 2.1563779623026944,
      "startLocation": {
        "hash": "u1qyx7",
        "latitude": 53.1909361288079,
        "longitude": 9.812878918890446
      }
    },
    {
      "id": 9666,
      "priceKm": 1.7114822886819072,
      "startLocation": {
        "hash": "u0sxpu",
        "latitude": 49.06860813377862,
        "longitude": 6.6795484959847
      }
    },
    {
      "id": 882,
      "priceKm": 2.7172897749241063,
      "startLocation": {
        "hash": "u0rje6",
        "latitude": 47.38813748397003,
        "longitude": 9.991470681545561
      }
    },
    {
      "id": 4753,
      "priceKm": 2.0912696941687505,
      "startLocation": {
        "hash": "u3h234",
        "latitude": 50.68136490425237,
        "longitude": 17.27887253222822
      }
    },
    {
      "id": 9790,
      "priceKm": 2.7251773084970896,
      "startLocation": {
        "hash": "u2djkc",
        "latitude": 48.74449075047171,
        "longitude": 14.280960561617249
      }
    },
    {
      "id": 502,
      "priceKm": 1.6897213708414403,
      "startLocation": {
        "hash": "u327rj",
        "latitude": 52.63164476519387,
        "longitude": 11.918213404236237
      }
    },
    {
      "id": 686,
      "priceKm": 2.0063215556874834,
      "startLocation": {
        "hash": "u1nckr",
        "latitude": 50.88769571651403,
        "longitude": 9.681780209483783
      }
    }
  ],
  "orders": [
    {
      "id": 4503,
      "pickupLocation": {
        "hash": "u28k82",
        "latitude": 48.605431,
        "longitude": 11.623412
      },
      "deliveryLocation": {
        "hash": "u0x57d",
        "latitude": 48.395497,
        "longitude": 10.00589
      },
      "loadFactor": 7
    },
    {
      "id": 8605,
      "pickupLocation": {
        "hash": "u28jqm",
        "latitude": 48.766472,
        "longitude": 11.533357
      },
      "deliveryLocation": {
        "hash": "u1nsmy",
        "latitude": 51.408161,
        "longitude": 9.402353
      },
      "loadFactor": 5
    }
  ]
}