{
  "vehicles": [
    {
      "id": 7112,
      "priceKm": 2.3343116143345473,
      "startLocation": {
        "hash": "u4j5gh",
        "latitude": 56.93429620381727,
        "longitude": 7.163404282881259
      }
    },
    {
      "id": 9665,
      "priceKm": 1.2212391006932863,
      "startLocation": {
        "hash": "u1jck6",
        "latitude": 50.856608788348325,
        "longitude": 8.277508586388986
      }
    },
    {
      "id": 1234,
      "priceKm": 2.8638639580077467,
      "startLocation": {
        "hash": "u1n66g",
        "latitude": 51.04140833918556,
        "longitude": 8.914872032672788
      }
    },
    {
      "id": 3198,
      "priceKm": 1.0676126384134015,
      "startLocation": {
        "hash": "u1nb4n",
        "latitude": 50.66150376327654,
        "longitude": 9.588019947225812
      }
    },
    {
      "id": 3676,
      "priceKm": 2.16275738351462,
      "startLocation": {
        "hash": "u2f4g8",
        "latitude": 49.70525997121552,
        "longitude": 14.220359147830044
      }
    },
    {
      "id": 5129,
      "priceKm": 2.0816235793330113,
      "startLocation": {
        "hash": "u0s5cc",
        "latitude": 48.47798008258038,
        "longitude": 5.711072965399189
      }
    },
    {
      "id": 5300,
      "priceKm": 2.3722241667559487,
      "startLocation": {
        "hash": "u0crxm",
        "latitude": 50.56869112930117,
        "longitude": 2.0821202740474836
      }
    }
  ],
  "orders": [
    {
      "id": 7370,
      "pickupLocation": {
        "hash": "u1mxsy",
        "latitude": 53.387024,
        "longitude": 7.952453
      },
      "deliveryLocation": {
        "hash": "u1h3se",
        "latitude": 50.907181,
        "longitude": 6.180219
      },
      "loadFactor": 7
    },
    {
      "id": 7075,
      "pickupLocation": {
        "hash": "u1ngm0",
        "latitude": 51.2,
        "longitude": 9.71667
      },
      "deliveryLocation": {
        "hash": "u0v92b",
        "latitude": 49.443217,
        "longitude": 7.768995
      },
      "loadFactor": 6
    }
  ]
}