{
  "vehicles": [
    {
      "id": 9892,
      "priceKm": 1.0565940432908811,
      "startLocation": {
        "hash": "u1mf4k",
        "latitude": 52.40861470162456,
        "longitude": 8.185587836578152
      }
    },
    {
      "id": 8035,
      "priceKm": 1.9907135273098586,
      "startLocation": {
        "hash": "u0rpeh",
        "latitude": 47.74731821239973,
        "longitude": 9.985058213507529
      }
    },
    {
      "id": 2492,
      "priceKm": 2.0114151725199694,
      "startLocation": {
        "hash": "u22zcu",
        "latitude": 47.7915387145127,
        "longitude": 12.383100063965312
      }
    },
    {
      "id": 5120,
      "priceKm": 1.226431821532831,
      "startLocation": {
        "hash": "u1kgnj",
        "latitude": 52.5863353926997,
        "longitude": 6.951362470144074
      }
    },
    {
      "id": 472,
      "priceKm": 2.407238002808705,
      "startLocation": {
        "hash": "u28fcg",
        "latitude": 48.31742629900696,
        "longitude": 12.391264771869178
      }
    },
    {
      "id": 8845,
      "priceKm": 2.4656903641819685,
      "startLocation": {
        "hash": "u1w82d",
        "latitude": 53.494630702479945,
        "longitude": 9.165372806445353
      }
    },
    {
      "id": 4488,
      "priceKm": 1.0730703014079959,
      "startLocation": {
        "hash": "u0rv5x",
        "latitude": 47.32909411242989,
        "longitude": 11.05938787773128
      }
    }
  ],
  "orders": [
    {
      "id": 4850,
      "pickupLocation": {
        "hash": "u28k82",
        "latitude": 48.605431,
        "longitude": 11.623412
      },
      "deliveryLocation": {
        "hash": "u0x0zx",
        "latitude": 47.986805,
        "longitude": 10.181323
      },
      "loadFactor": 7
    },
    {
      "id": 10553,
      "pickupLocation": {
        "hash": "u0wqdb",
        "latitude": 48.955734,
        "longitude": 8.920005
      },
      "deliveryLocation": {
        "hash": "u0wv5f",
        "latitude": 48.7052956,
        "longitude": 9.6607962
      },
      "loadFactor": 7
    }
  ]
}