{
  "vehicles": [
    {
      "id": 1939,
      "priceKm": 1.9104394966871179,
      "startLocation": {
        "hash": "u4pcun",
        "latitude": 56.59393624964266,
        "longitude": 11.07899664864985
      }
    },
    {
      "id": 5545,
      "priceKm": 1.7652861050421278,
      "startLocation": {
        "hash": "u604ep",
        "latitude": 56.732171125610456,
        "longitude": 11.386166556816793
      }
    },
    {
      "id": 1489,
      "priceKm": 2.7705003375109793,
      "startLocation": {
        "hash": "u1wfjv",
        "latitude": 53.81696499923074,
        "longitude": 9.748776168170975
      }
    },
    {
      "id": 8299,
      "priceKm": 1.3352867153450811,
      "startLocation": {
        "hash": "u32wc1",
        "latitude": 53.227664049298504,
        "longitude": 12.004514745353449
      }
    },
    {
      "id": 2491,
      "priceKm": 2.323006962576512,
      "startLocation": {
        "hash": "u0x1vc",
        "latitude": 48.13071728968869,
        "longitude": 10.099113856504314
      }
    },
    {
      "id": 3169,
      "priceKm": 2.2512012619258712,
      "startLocation": {
        "hash": "u0vpbc",
        "latitude": 50.58947328266568,
        "longitude": 7.07422839630674
      }
    },
    {
      "id": 1854,
      "priceKm": 2.688229668929347,
      "startLocation": {
        "hash": "u23q33",
        "latitude": 47.51395296728444,
        "longitude": 13.073302718377068
      }
    }
  ],
  "orders": [
    {
      "id": 1236,
      "pickupLocation": {
        "hash": "u28k82",
        "latitude": 48.605431,
        "longitude": 11.623412
      },
      "deliveryLocation": {
        "hash": "u2885z",
        "latitude": 47.853927,
        "longitude": 12.127262
      },
      "loadFactor": 7
    },
    {
      "id": 4157,
      "pickupLocation": {
        "hash": "u0zchs",
        "latitude": 49.419392,
        "longitude": 11.098348
      },
      "deliveryLocation": {
        "hash": "u0zfge",
        "latitude": 49.7187119,
        "longitude": 11.0596418
      },
      "loadFactor": 7
    }
  ]
}