{
  "vehicles": [
    {
      "id": 7177,
      "priceKm": 1.7658004363433877,
      "startLocation": {
        "hash": "u0vu0h",
        "latitude": 49.94541048880575,
        "longitude": 8.093843583681645
      }
    },
    {
      "id": 6873,
      "priceKm": 1.2232985594761439,
      "startLocation": {
        "hash": "u1w434",
        "latitude": 53.84464331953979,
        "longitude": 8.490494400824137
      }
    },
    {
      "id": 3722,
      "priceKm": 2.821344676673484,
      "startLocation": {
        "hash": "u0vd7j",
        "latitude": 49.641741019711944,
        "longitude": 7.871721811805252
      }
    },
    {
      "id": 1630,
      "priceKm": 2.7269883192096644,
      "startLocation": {
        "hash": "u17y90",
        "latitude": 53.174191364563605,
        "longitude": 5.322940498457633
      }
    },
    {
      "id": 8979,
      "priceKm": 1.3682174940903158,
      "startLocation": {
        "hash": "u1rp57",
        "latitude": 53.28230713336414,
        "longitude": 9.993824953348861
      }
    },
    {
      "id": 5954,
      "priceKm": 2.5184692268760522,
      "startLocation": {
        "hash": "u4njmn",
        "latitude": 57.210341782694435,
        "longitude": 8.662704961428165
      }
    },
    {
      "id": 9547,
      "priceKm": 2.7506023690242465,
      "startLocation": {
        "hash": "ezr9ub",
        "latitude": 41.09028931617221,
        "longitude": -0.48953734444458186
      }
    }
  ],
  "orders": [
    {
      "id": 7505,
      "pickupLocation": {
        "hash": "u0yenz",
        "latitude": 49.784752,
        "longitude": 9.44109
      },
      "deliveryLocation": {
        "hash": "u0p6we",
        "latitude": 45.461039,
        "longitude": 10.484535
      },
      "loadFactor": 5
    },
    {
      "id": 3538,
      "pickupLocation": {
        "hash": "u1rdjq",
        "latitude": 52.420559,
        "longitude": 10.786168
      },
      "deliveryLocation": {
        "hash": "u1x0es",
        "latitude": 53.550341,
        "longitude": 10.000654
      },
      "loadFactor": 8
    }
  ]
}