{
  "vehicles": [
    {
      "id": 5133,
      "priceKm": 1.4637378447863965,
      "startLocation": {
        "hash": "u0gwdd",
        "latitude": 50.377102113603335,
        "longitude": 5.032596174073675
      }
    },
    {
      "id": 540,
      "priceKm": 2.388532179231603,
      "startLocation": {
        "hash": "u0w3y6",
        "latitude": 48.13338691409465,
        "longitude": 9.066116384049048
      }
    },
    {
      "id": 2660,
      "priceKm": 1.9508273365199462,
      "startLocation": {
        "hash": "u1nz7b",
        "latitude": 51.900313868715834,
        "longitude": 9.666324865123626
      }
    },
    {
      "id": 8308,
      "priceKm": 2.8111197258311758,
      "startLocation": {
        "hash": "u0dwy4",
        "latitude": 49.010297485543276,
        "longitude": 3.788243794116841
      }
    },
    {
      "id": 9422,
      "priceKm": 2.575565074861406,
      "startLocation": {
        "hash": "u0deqp",
        "latitude": 48.425486203346985,
        "longitude": 3.7870046113725224
      }
    },
    {
      "id": 9723,
      "priceKm": 1.1923271806544153,
      "startLocation": {
        "hash": "u1nxtj",
        "latitude": 51.973206878959736,
        "longitude": 9.365521911867502
      }
    },
    {
      "id": 6395,
      "priceKm": 1.6387613825729188,
      "startLocation": {
        "hash": "u1qyyv",
        "latitude": 53.24694004033167,
        "longitude": 9.794602184321137
      }
    }
  ],
  "orders": [
    {
      "id": 5681,
      "pickupLocation": {
        "hash": "u28jkj",
        "latitude": 48.765933,
        "longitude": 11.431703
      },
      "deliveryLocation": {
        "hash": "u17bed",
        "latitude": 52.1303558,
        "longitude": 5.428699
      },
      "loadFactor": 8
    },
    {
      "id": 7395,
      "pickupLocation": {
        "hash": "u2gtdh",
        "latitude": 50.212498,
        "longitude": 16.262725
      },
      "deliveryLocation": {
        "hash": "u0tddp",
        "latitude": 48.295226,
        "longitude": 7.823876
      },
      "loadFactor": 8
    }
  ]
}