{
  "vehicles": [
    {
      "id": 1731,
      "priceKm": 1.0870694010671595,
      "startLocation": {
        "hash": "u1n9mv",
        "latitude": 50.87283462550366,
        "longitude": 9.403821189191131
      }
    },
    {
      "id": 4902,
      "priceKm": 1.7262978703510812,
      "startLocation": {
        "hash": "spu98w",
        "latitude": 43.894925002891654,
        "longitude": 6.353720196254711
      }
    },
    {
      "id": 8828,
      "priceKm": 2.815495735184008,
      "startLocation": {
        "hash": "u0wbp3",
        "latitude": 47.81815444294616,
        "longitude": 9.815963716024047
      }
    },
    {
      "id": 9607,
      "priceKm": 1.124371407545118,
      "startLocation": {
        "hash": "u1rx38",
        "latitude": 53.30642365447199,
        "longitude": 10.614606320372797
      }
    },
    {
      "id": 4083,
      "priceKm": 2.428522008101286,
      "startLocation": {
        "hash": "u2c47r",
        "latitude": 49.65352858759742,
        "longitude": 12.799379605827742
      }
    },
    {
      "id": 1863,
      "priceKm": 1.2365246385820787,
      "startLocation": {
        "hash": "u1k4ee",
        "latitude": 52.491512596955516,
        "longitude": 5.7870680469456754
      }
    },
    {
      "id": 7401,
      "priceKm": 2.967480466605317,
      "startLocation": {
        "hash": "u0cfhq",
        "latitude": 49.604327045609374,
        "longitude": 2.647822254077008
      }
    }
  ],
  "orders": [
    {
      "id": 10362,
      "pickupLocation": {
        "hash": "u1qf5y",
        "latitude": 52.4193614,
        "longitude": 9.6574947
      },
      "deliveryLocation": {
        "hash": "u22hvz",
        "latitude": 47.280693,
        "longitude": 11.507546
      },
      "loadFactor": 4
    },
    {
      "id": 6891,
      "pickupLocation": {
        "hash": "u0yenz",
        "latitude": 49.784752,
        "longitude": 9.44109
      },
      "deliveryLocation": {
        "hash": "u1nsmy",
        "latitude": 51.408161,
        "longitude": 9.402353
      },
      "loadFactor": 7
    },
    {
      "id": 10275,
      "pickupLocation": {
        "hash": "u1huxx",
        "latitude": 51.455206,
        "longitude": 7.012273
      },
      "deliveryLocation": {
        "hash": "u1jkr0",
        "latitude": 51.3765096,
        "longitude": 7.6960842
      },
      "loadFactor": 8
    }
  ]
}