{
  "vehicles": [
    {
      "id": 5528,
      "priceKm": 2.2634716163925823,
      "startLocation": {
        "hash": "u1pers",
        "latitude": 51.218542619747204,
        "longitude": 10.878384987526779
      }
    },
    {
      "id": 1257,
      "priceKm": 2.949713504760935,
      "startLocation": {
        "hash": "u2dbz5",
        "latitude": 47.96362812144449,
        "longitude": 15.428048406201516
      }
    },
    {
      "id": 8194,
      "priceKm": 2.0155091127241427,
      "startLocation": {
        "hash": "u1k4k4",
        "latitude": 52.44280310445939,
        "longitude": 5.806278924138342
      }
    },
    {
      "id": 2028,
      "priceKm": 2.226923646151776,
      "startLocation": {
        "hash": "u0rjv7",
        "latitude": 47.434067767155604,
        "longitude": 10.076027596690432
      }
    },
    {
      "id": 5844,
      "priceKm": 1.8877951499017132,
      "startLocation": {
        "hash": "u0tj1q",
        "latitude": 48.72849285422849,
        "longitude": 7.089974588451003
      }
    },
    {
      "id": 4043,
      "priceKm": 2.689821386446119,
      "startLocation": {
        "hash": "u2bqqg",
        "latitude": 50.33614216779394,
        "longitude": 11.904545675753866
      }
    },
    {
      "id": 9301,
      "priceKm": 2.6106368040095425,
      "startLocation": {
        "hash": "u2c845",
        "latitude": 49.23735933308756,
        "longitude": 13.448403324689425
      }
    }
  ],
  "orders": [
    {
      "id": 5260,
      "pickupLocation": {
        "hash": "u0wqdb",
        "latitude": 48.955734,
        "longitude": 8.920005
      },
      "deliveryLocation": {
        "hash": "u0wzmm",
        "latitude": 49.1187305,
        "longitude": 9.7334774
      },
      "loadFactor": 4
    },
    {
      "id": 1998,
      "pickupLocation": {
        "hash": "u30cdb",
        "latitude": 50.889108,
        "longitude": 12.431532
      },
      "deliveryLocation": {
        "hash": "u0tvmy",
        "latitude": 48.7736,
        "longitude": 8.34202
      },
      "loadFactor": 7
    },
    {
      "id": 9897,
      "pickupLocation": {
        "hash": "u1yv4m",
        "latitude": 55.7507,
        "longitude": 9.593335
      },
      "deliveryLocation": {
        "hash": "u1r9un",
        "latitude": 52.3746138,
        "longitude": 10.7262534
      },
      "loadFactor": 7
    }
  ]
}