{
  "vehicles": [
    {
      "id": 3595,
      "priceKm": 2.3605151887917497,
      "startLocation": {
        "hash": "u298j4",
        "latitude": 47.825178483736856,
        "longitude": 13.58366673273954
      }
    },
    {
      "id": 5787,
      "priceKm": 2.9584525674009514,
      "startLocation": {
        "hash": "u1hysj",
        "latitude": 51.79582303123865,
        "longitude": 6.855832455377279
      }
    },
    {
      "id": 3627,
      "priceKm": 2.0543463551528296,
      "startLocation": {
        "hash": "u1p979",
        "latitude": 50.851600383534745,
        "longitude": 10.706809510561705
      }
    },
    {
      "id": 68,
      "priceKm": 2.7369730936203442,
      "startLocation": {
        "hash": "u1ndf7",
        "latitude": 51.126131499086945,
        "longitude": 9.24542878363677
      }
    },
    {
      "id": 8921,
      "priceKm": 1.4418860924101047,
      "startLocation": {
        "hash": "sncr7h",
        "latitude": 39.26564804566644,
        "longitude": 1.89081882000759
      }
    },
    {
      "id": 9973,
      "priceKm": 1.2784760808828681,
      "startLocation": {
        "hash": "u1hw2s",
        "latitude": 51.74838398462567,
        "longitude": 6.350413786491446
      }
    },
    {
      "id": 4851,
      "priceKm": 2.489801973416775,
      "startLocation": {
        "hash": "u14hbt",
        "latitude": 51.490049128008536,
        "longitude": 2.84450545116263
      }
    }
  ],
  "orders": [
    {
      "id": 5675,
      "pickupLocation": {
        "hash": "u0wxcg",
        "latitude": 49.191735,
        "longitude": 9.224944
      },
      "deliveryLocation": {
        "hash": "u3k4j5",
        "latitude": 52.399795,
        "longitude": 17.096351
      },
      "loadFactor": 7
    },
    {
      "id": 3848,
      "pickupLocation": {
        "hash": "u2kx33",
        "latitude": 47.687611,
        "longitude": 17.634682
      },
      "deliveryLocation": {
        "hash": "u1hg7h",
        "latitude": 51.2218614,
        "longitude": 6.821861
      },
      "loadFactor": 8
    },
    {
      "id": 2709,
      "pickupLocation": {
        "hash": "u1yv4m",
        "latitude": 55.7507,
        "longitude": 9.593335
      },
      "deliveryLocation": {
        "hash": "u0vzes",
        "latitude": 50.5619646,
        "longitude": 8.2406705
      },
      "loadFactor": 7
    }
  ]
}