{
  "vehicles": [
    {
      "id": 4,
      "priceKm": 1.2737635296590177,
      "startLocation": {
        "hash": "u0sefz",
        "latitude": 48.513577349128,
        "longitude": 6.449891466620773
      }
    },
    {
      "id": 1551,
      "priceKm": 2.660608097148928,
      "startLocation": {
        "hash": "u364zc",
        "latitude": 52.52134879343789,
        "longitude": 14.41349893297536
      }
    },
    {
      "id": 2472,
      "priceKm": 1.1391742245840601,
      "startLocation": {
        "hash": "u1ph3r",
        "latitude": 51.41360932680641,
        "longitude": 9.907080071144476
      }
    },
    {
      "id": 3804,
      "priceKm": 2.8770740396436842,
      "startLocation": {
        "hash": "u336bx",
        "latitude": 52.55328564461957,
        "longitude": 13.036623508114843
      }
    },
    {
      "id": 7679,
      "priceKm": 1.4462980823924445,
      "startLocation": {
        "hash": "u1v941",
        "latitude": 55.02636895906374,
        "longitude": 7.8323304229867965
      }
    },
    {
      "id": 9834,
      "priceKm": 1.3833565261455814,
      "startLocation": {
        "hash": "u1hrq1",
        "latitude": 51.90760317363452,
        "longitude": 6.24994175794376
      }
    },
    {
      "id": 6575,
      "priceKm": 2.4319509287635324,
      "startLocation": {
        "hash": "u0zy0k",
        "latitude": 50.300834940473926,
        "longitude": 10.913926145929482
      }
    }
  ],
  "orders": [
    {
      "id": 8268,
      "pickupLocation": {
        "hash": "u1mxsy",
        "latitude": 53.387024,
        "longitude": 7.952453
      },
      "deliveryLocation": {
        "hash": "u1n0g6",
        "latitude": 50.76916,
        "longitude": 8.581265
      },
      "loadFactor": 8
    },
    {
      "id": 4217,
      "pickupLocation": {
        "hash": "u2kx33",
        "latitude": 47.687611,
        "longitude": 17.634682
      },
      "deliveryLocation": {
        "hash": "u0v920",
        "latitude": 49.4412925,
        "longitude": 7.7446875
      },
      "loadFactor": 8
    },
    {
      "id": 2366,
      "pickupLocation": {
        "hash": "u0szuf",
        "latitude": 49.186153,
        "longitude": 6.895741
      },
      "deliveryLocation": {
        "hash": "u1jbdt",
        "latitude": 50.742021,
        "longitude": 8.203945
      },
      "loadFactor": 3
    }
  ]
}