{
  "vehicles": [
    {
      "id": 1898,
      "priceKm": 1.1948481529085462,
      "startLocation": {
        "hash": "u152cd",
        "latitude": 50.76785976339856,
        "longitude": 4.640021192413029
      }
    },
    {
      "id": 4819,
      "priceKm": 1.4633697041529377,
      "startLocation": {
        "hash": "u288mc",
        "latitude": 47.86301345228435,
        "longitude": 12.214754929048036
      }
    },
    {
      "id": 8472,
      "priceKm": 2.161769903767965,
      "startLocation": {
        "hash": "u0ze2u",
        "latitude": 49.814662627550995,
        "longitude": 10.58234224987056
      }
    },
    {
      "id": 2013,
      "priceKm": 2.7487998682124344,
      "startLocation": {
        "hash": "u30dn9",
        "latitude": 50.985055213164294,
        "longitude": 12.24165532913342
      }
    },
    {
      "id": 9297,
      "priceKm": 1.1224066539903426,
      "startLocation": {
        "hash": "u1vqfv",
        "latitude": 56.061227676200744,
        "longitude": 7.510921235922107
      }
    },
    {
      "id": 9833,
      "priceKm": 2.177778119309165,
      "startLocation": {
        "hash": "u28j0t",
        "latitude": 48.7243616785531,
        "longitude": 11.273325749759534
      }
    },
    {
      "id": 8587,
      "priceKm": 2.288616032769208,
      "startLocation": {
        "hash": "u1q9vu",
        "latitude": 52.36525595709964,
        "longitude": 9.400788187513076
      }
    }
  ],
  "orders": [
    {
      "id": 1971,
      "pickupLocation": {
        "hash": "u28k82",
        "latitude": 48.605431,
        "longitude": 11.623412
      },
      "deliveryLocation": {
        "hash": "u284x7",
        "latitude": 48.273069,
        "longitude": 11.570272
      },
      "loadFactor": 7
    },
    {
      "id": 8818,
      "pickupLocation": {
        "hash": "u1rd5x",
        "latitude": 52.4238984,
        "longitude": 10.700976
      },
      "deliveryLocation": {
        "hash": "u1rdk3",
        "latitude": 52.435841,
        "longitude": 10.742137
      },
      "loadFactor": 7
    },
    {
      "id": 7382,
      "pickupLocation": {
        "hash": "u30cj7",
        "latitude": 50.819903,
        "longitude": 12.539787
      },
      "deliveryLocation": {
        "hash": "u0ycw3",
        "latitude": 49.490509,
        "longitude": 9.773073
      },
      "loadFactor": 7
    }
  ]
}