{
  "vehicles": [
    {
      "id": 5087,
      "priceKm": 2.116395194017591,
      "startLocation": {
        "hash": "u0g3zr",
        "latitude": 49.56844916038147,
        "longitude": 4.8995127742525515
      }
    },
    {
      "id": 4382,
      "priceKm": 2.6145658715035394,
      "startLocation": {
        "hash": "u1ph9x",
        "latitude": 51.45662968252483,
        "longitude": 9.912320352490823
      }
    },
    {
      "id": 7201,
      "priceKm": 2.2698639653426653,
      "startLocation": {
        "hash": "u1k7ks",
        "latitude": 52.62909124321423,
        "longitude": 6.177687715954327
      }
    },
    {
      "id": 1827,
      "priceKm": 1.3856708389768015,
      "startLocation": {
        "hash": "u1zxss",
        "latitude": 56.185365859880626,
        "longitude": 10.748913697461314
      }
    },
    {
      "id": 3817,
      "priceKm": 2.556339525868588,
      "startLocation": {
        "hash": "u1v9rb",
        "latitude": 55.06673975649511,
        "longitude": 8.078551281855193
      }
    },
    {
      "id": 9160,
      "priceKm": 2.2546955419735264,
      "startLocation": {
        "hash": "u0myqe",
        "latitude": 47.52224159331815,
        "longitude": 8.372955945114835
      }
    },
    {
      "id": 1561,
      "priceKm": 2.7885215090323765,
      "startLocation": {
        "hash": "u1573n",
        "latitude": 51.232623156394226,
        "longitude": 4.616735136737076
      }
    }
  ],
  "orders": [
    {
      "id": 9896,
      "pickupLocation": {
        "hash": "u1mxsy",
        "latitude": 53.387024,
        "longitude": 7.952453
      },
      "deliveryLocation": {
        "hash": "u1rdjq",
        "latitude": 52.420559,
        "longitude": 10.786168
      },
      "loadFactor": 8
    },
    {
      "id": 7585,
      "pickupLocation": {
        "hash": "u1mxsy",
        "latitude": 53.387024,
        "longitude": 7.952453
      },
      "deliveryLocation": {
        "hash": "u1pn5k",
        "latitude": 51.705448,
        "longitude": 9.997278
      },
      "loadFactor": 8
    },
    {
      "id": 1393,
      "pickupLocation": {
        "hash": "u1mxsy",
        "latitude": 53.387024,
        "longitude": 7.952453
      },
      "deliveryLocation": {
        "hash": "u30sbk",
        "latitude": 51.482313,
        "longitude": 11.970505
      },
      "loadFactor": 8
    }
  ]
}