{
  "vehicles": [
    {
      "id": 570,
      "priceKm": 2.0000922586512617,
      "startLocation": {
        "hash": "u0vvqz",
        "latitude": 50.185012894972935,
        "longitude": 8.388718539350865
      }
    },
    {
      "id": 9484,
      "priceKm": 1.1328772868280004,
      "startLocation": {
        "hash": "snb02j",
        "latitude": 38.04215086827903,
        "longitude": 0.0006363396773852956
      }
    },
    {
      "id": 7741,
      "priceKm": 2.569151937940403,
      "startLocation": {
        "hash": "u0tqyc",
        "latitude": 49.00893958081845,
        "longitude": 7.685877410320862
      }
    },
    {
      "id": 6951,
      "priceKm": 1.1916091544924081,
      "startLocation": {
        "hash": "u2cgh4",
        "latitude": 49.75726821879804,
        "longitude": 13.889413856923694
      }
    },
    {
      "id": 7240,
      "priceKm": 1.6593071009895985,
      "startLocation": {
        "hash": "u300m5",
        "latitude": 50.68886056614235,
        "longitude": 11.47323717955438
      }
    },
    {
      "id": 9093,
      "priceKm": 1.0046573203162465,
      "startLocation": {
        "hash": "u30056",
        "latitude": 50.63741649009689,
        "longitude": 11.39677920259537
      }
    },
    {
      "id": 4131,
      "priceKm": 2.7666947317102095,
      "startLocation": {
        "hash": "u0scww",
        "latitude": 48.11061488637516,
        "longitude": 6.966071729632948
      }
    }
  ],
  "orders": [
    {
      "id": 4551,
      "pickupLocation": {
        "hash": "u28k82",
        "latitude": 48.605431,
        "longitude": 11.623412
      },
      "deliveryLocation": {
        "hash": "u0x576",
        "latitude": 48.398312,
        "longitude": 9.991046
      },
      "loadFactor": 8
    },
    {
      "id": 3524,
      "pickupLocation": {
        "hash": "u1r2em",
        "latitude": 52.148021,
        "longitude": 10.348964
      },
      "deliveryLocation": {
        "hash": "u1mbvy",
        "latitude": 52.200762,
        "longitude": 8.338667
      },
      "loadFactor": 8
    },
    {
      "id": 2025,
      "pickupLocation": {
        "hash": "u0wqdb",
        "latitude": 48.955734,
        "longitude": 8.920005
      },
      "deliveryLocation": {
        "hash": "u0y9sr",
        "latitude": 49.5220934,
        "longitude": 9.3324403
      },
      "loadFactor": 7
    }
  ]
}