{
  "vehicles": [
    {
      "id": 5140,
      "priceKm": 2.853400925260383,
      "startLocation": {
        "hash": "u1he8j",
        "latitude": 51.272661550253936,
        "longitude": 6.338604835690238
      }
    },
    {
      "id": 1053,
      "priceKm": 2.65057821510324,
      "startLocation": {
        "hash": "u1j9pv",
        "latitude": 50.83013569084104,
        "longitude": 8.079162925888745
      }
    },
    {
      "id": 3636,
      "priceKm": 1.0689295875131188,
      "startLocation": {
        "hash": "u33knh",
        "latitude": 52.75875514141993,
        "longitude": 13.27408369262993
      }
    },
    {
      "id": 5999,
      "priceKm": 1.5605479051645152,
      "startLocation": {
        "hash": "u1r2zj",
        "latitude": 52.19154015966498,
        "longitude": 10.50462888857353
      }
    },
    {
      "id": 4434,
      "priceKm": 1.87089076198829,
      "startLocation": {
        "hash": "u2fhvx",
        "latitude": 50.095371020420686,
        "longitude": 14.314391360770156
      }
    },
    {
      "id": 1398,
      "priceKm": 1.5764475165272325,
      "startLocation": {
        "hash": "u1wk02",
        "latitude": 54.144373956984,
        "longitude": 8.80809683053867
      }
    },
    {
      "id": 51,
      "priceKm": 2.223130584067216,
      "startLocation": {
        "hash": "u0vzf5",
        "latitude": 50.60124236742171,
        "longitude": 8.176601832544367
      }
    }
  ],
  "orders": [
    {
      "id": 9901,
      "pickupLocation": {
        "hash": "u2kx33",
        "latitude": 47.687611,
        "longitude": 17.634682
      },
      "deliveryLocation": {
        "hash": "u0ubp4",
        "latitude": 49.2343636,
        "longitude": 6.9963789
      },
      "loadFactor": 8
    },
    {
      "id": 3880,
      "pickupLocation": {
        "hash": "u1rdk3",
        "latitude": 52.435841,
        "longitude": 10.742137
      },
      "deliveryLocation": {
        "hash": "u21g07",
        "latitude": 45.548133,
        "longitude": 13.729491
      },
      "loadFactor": 7
    },
    {
      "id": 10391,
      "pickupLocation": {
        "hash": "u30cj7",
        "latitude": 50.819903,
        "longitude": 12.539787
      },
      "deliveryLocation": {
        "hash": "u0zkxt",
        "latitude": 50.0379363,
        "longitude": 10.5347776
      },
      "loadFactor": 5
    }
  ]
}