{
  "vehicles": [
    {
      "id": 8352,
      "priceKm": 2.155984117553503,
      "startLocation": {
        "hash": "gby25y",
        "latitude": 49.25624466569302,
        "longitude": -2.286566655892562
      }
    },
    {
      "id": 7720,
      "priceKm": 1.8799282582585746,
      "startLocation": {
        "hash": "u22kxn",
        "latitude": 47.23540680837543,
        "longitude": 11.91435205239069
      }
    },
    {
      "id": 4871,
      "priceKm": 2.102269165461543,
      "startLocation": {
        "hash": "u1mwy2",
        "latitude": 53.21839584798146,
        "longitude": 8.015428949512168
      }
    },
    {
      "id": 8399,
      "priceKm": 1.4539338374186992,
      "startLocation": {
        "hash": "u0wqyf",
        "latitude": 49.01238706245995,
        "longitude": 9.089711218121256
      }
    },
    {
      "id": 3614,
      "priceKm": 2.545455685580067,
      "startLocation": {
        "hash": "sp3hru",
        "latitude": 41.55158312642655,
        "longitude": 1.749186197309624
      }
    },
    {
      "id": 463,
      "priceKm": 2.889433769177574,
      "startLocation": {
        "hash": "u0z72g",
        "latitude": 49.81162474565748,
        "longitude": 10.234025363256396
      }
    },
    {
      "id": 7462,
      "priceKm": 1.1387337049210953,
      "startLocation": {
        "hash": "u3hzr4",
        "latitude": 51.911358133878686,
        "longitude": 18.240909295039256
      }
    }
  ],
  "orders": [
    {
      "id": 856,
      "pickupLocation": {
        "hash": "u28jkj",
        "latitude": 48.765933,
        "longitude": 11.431703
      },
      "deliveryLocation": {
        "hash": "u1ye7u",
        "latitude": 55.4370827,
        "longitude": 9.3128716
      },
      "loadFactor": 8
    },
    {
      "id": 4250,
      "pickupLocation": {
        "hash": "u28jkj",
        "latitude": 48.765933,
        "longitude": 11.431703
      },
      "deliveryLocation": {
        "hash": "u2e818",
        "latitude": 47.813176,
        "longitude": 16.244032
      },
      "loadFactor": 7
    },
    {
      "id": 902,
      "pickupLocation": {
        "hash": "u0wqdb",
        "latitude": 48.955734,
        "longitude": 8.920005
      },
      "deliveryLocation": {
        "hash": "u0wuxk",
        "latitude": 48.6295137,
        "longitude": 9.8154952
      },
      "loadFactor": 8
    }
  ]
}