{
  "vehicles": [
    {
      "id": 6865,
      "priceKm": 1.3784773950094782,
      "startLocation": {
        "hash": "u1scrb",
        "latitude": 53.66116892695748,
        "longitude": 7.02115078295925
      }
    },
    {
      "id": 4146,
      "priceKm": 2.164934951939554,
      "startLocation": {
        "hash": "u1r5fp",
        "latitude": 52.73223870221782,
        "longitude": 9.940618311142853
      }
    },
    {
      "id": 3096,
      "priceKm": 2.7518155222197347,
      "startLocation": {
        "hash": "u158qp",
        "latitude": 50.71276909285876,
        "longitude": 5.192038315297866
      }
    },
    {
      "id": 3263,
      "priceKm": 1.4617015518633125,
      "startLocation": {
        "hash": "u1me0c",
        "latitude": 52.565242147606604,
        "longitude": 7.778207305490491
      }
    },
    {
      "id": 216,
      "priceKm": 1.5152726170096245,
      "startLocation": {
        "hash": "u0z0wz",
        "latitude": 49.34581887407168,
        "longitude": 10.14242365113342
      }
    },
    {
      "id": 780,
      "priceKm": 2.170291973696235,
      "startLocation": {
        "hash": "u0gevu",
        "latitude": 49.90020323577783,
        "longitude": 5.181431677663769
      }
    },
    {
      "id": 50,
      "priceKm": 1.0558324765761444,
      "startLocation": {
        "hash": "u0bkg2",
        "latitude": 50.05875046248153,
        "longitude": 0.49825020197501213
      }
    }
  ],
  "orders": [
    {
      "id": 2839,
      "pickupLocation": {
        "hash": "u0wqdb",
        "latitude": 48.955734,
        "longitude": 8.920005
      },
      "deliveryLocation": {
        "hash": "u0xpt1",
        "latitude": 49.136548,
        "longitude": 10.072183
      },
      "loadFactor": 8
    },
    {
      "id": 3779,
      "pickupLocation": {
        "hash": "u30cdb",
        "latitude": 50.889108,
        "longitude": 12.431532
      },
      "deliveryLocation": {
        "hash": "u0tytz",
        "latitude": 48.996549,
        "longitude": 8.3466619
      },
      "loadFactor": 8
    },
    {
      "id": 8774,
      "pickupLocation": {
        "hash": "u1yv4m",
        "latitude": 55.7507,
        "longitude": 9.593335
      },
      "deliveryLocation": {
        "hash": "u17che",
        "latitude": 52.2287182,
        "longitude": 5.4789217
      },
      "loadFactor": 8
    }
  ]
}