{
  "vehicles": [
    {
      "id": 5293,
      "priceKm": 2.942405247308174,
      "startLocation": {
        "hash": "u1vf27",
        "latitude": 55.25686173407447,
        "longitude": 8.10701753764527
      }
    },
    {
      "id": 4569,
      "priceKm": 2.3171766405568732,
      "startLocation": {
        "hash": "u28jn8",
        "latitude": 48.69563812972488,
        "longitude": 11.536563455459007
      }
    },
    {
      "id": 2807,
      "priceKm": 1.4615101247114342,
      "startLocation": {
        "hash": "u60htv",
        "latitude": 57.07334559083029,
        "longitude": 11.504824479206922
      }
    }
  ],
  "orders": [
    {
      "id": 8475,
      "pickupLocation": {
        "hash": "u0wqdb",
        "latitude": 48.955734,
        "longitude": 8.920005
      },
      "deliveryLocation": {
        "hash": "u0wwqw",
        "latitude": 48.9471455,
        "longitude": 9.4341813
      },
      "loadFactor": 7
    }
  ]
}