{
  "vehicles": [
    {
      "id": 7056,
      "priceKm": 1.5551495592536888,
      "startLocation": {
        "hash": "u31vbs",
        "latitude": 51.65840444277097,
        "longitude": 13.73635843622266
      }
    },
    {
      "id": 1492,
      "priceKm": 1.8319327362473095,
      "startLocation": {
        "hash": "ezvxmj",
        "latitude": 44.89798501950829,
        "longitude": -3.2939869793212564
      }
    },
    {
      "id": 985,
      "priceKm": 1.0310709747348608,
      "startLocation": {
        "hash": "u0rn3x",
        "latitude": 47.54874648347666,
        "longitude": 9.918044718329815
      }
    }
  ],
  "orders": [
    {
      "id": 5484,
      "pickupLocation": {
        "hash": "u1yv4m",
        "latitude": 55.7507,
        "longitude": 9.593335
      },
      "deliveryLocation": {
        "hash": "u09wnu",
        "latitude": 48.8923082,
        "longitude": 2.4075726
      },
      "loadFactor": 9
    }
  ]
}