{
  "vehicles": [
    {
      "id": 6302,
      "priceKm": 1.018591800715932,
      "startLocation": {
        "hash": "u1sujk",
        "latitude": 54.16449756608858,
        "longitude": 6.916563622041555
      }
    },
    {
      "id": 3849,
      "priceKm": 1.5005966592864313,
      "startLocation": {
        "hash": "u33sqp",
        "latitude": 52.82175277563868,
        "longitude": 13.626928297338235
      }
    },
    {
      "id": 2251,
      "priceKm": 2.632386547871522,
      "startLocation": {
        "hash": "u0yj2f",
        "latitude": 50.15367937276033,
        "longitude": 8.471025320389389
      }
    }
  ],
  "orders": [
    {
      "id": 1942,
      "pickupLocation": {
        "hash": "ezky9z",
        "latitude": 41.962737,
        "longitude": -4.488345
      },
      "deliveryLocation": {
        "hash": "u05mhw",
        "latitude": 45.9143,
        "longitude": 4.77378
      },
      "loadFactor": 8
    }
  ]
}