{
  "vehicles": [
    {
      "id": 5341,
      "priceKm": 1.6037851037981146,
      "startLocation": {
        "hash": "u1ntys",
        "latitude": 51.65914339441069,
        "longitude": 9.437097844969868
      }
    },
    {
      "id": 1595,
      "priceKm": 2.7320087686387895,
      "startLocation": {
        "hash": "u1rncz",
        "latitude": 53.258843486959854,
        "longitude": 9.928095310230875
      }
    },
    {
      "id": 7896,
      "priceKm": 2.243078554124316,
      "startLocation": {
        "hash": "sp7w7j",
        "latitude": 41.912535172992115,
        "longitude": 5.059108622796305
      }
    }
  ],
  "orders": [
    {
      "id": 1706,
      "pickupLocation": {
        "hash": "u28k82",
        "latitude": 48.605431,
        "longitude": 11.623412
      },
      "deliveryLocation": {
        "hash": "u28987",
        "latitude": 48.0958665,
        "longitude": 11.9647447
      },
      "loadFactor": 7
    }
  ]
}