{
  "vehicles": [
    {
      "id": 6311,
      "priceKm": 1.1234747636084066,
      "startLocation": {
        "hash": "u0zjrn",
        "latitude": 50.17737429631034,
        "longitude": 10.160153931570461
      }
    },
    {
      "id": 804,
      "priceKm": 1.7099733682480505,
      "startLocation": {
        "hash": "u0qhkh",
        "latitude": 47.178213439505136,
        "longitude": 8.624199443536519
      }
    },
    {
      "id": 7705,
      "priceKm": 2.1951846247468305,
      "startLocation": {
        "hash": "u1ubhp",
        "latitude": 54.884155170908585,
        "longitude": 6.859150407641411
      }
    }
  ],
  "orders": [
    {
      "id": 2025,
      "pickupLocation": {
        "hash": "u0wqdb",
        "latitude": 48.955734,
        "longitude": 8.920005
      },
      "deliveryLocation": {
        "hash": "u0y9sr",
        "latitude": 49.5220934,
        "longitude": 9.3324403
      },
      "loadFactor": 7
    }
  ]
}