{
  "vehicles": [
    {
      "id": 8341,
      "priceKm": 2.5566959135002185,
      "startLocation": {
        "hash": "u0fggg",
        "latitude": 49.89445138300686,
        "longitude": 4.041986801804253
      }
    },
    {
      "id": 1641,
      "priceKm": 1.4373019157641127,
      "startLocation": {
        "hash": "u1tbum",
        "latitude": 53.600372283535776,
        "longitude": 8.276929650347595
      }
    },
    {
      "id": 5017,
      "priceKm": 1.5330742765368557,
      "startLocation": {
        "hash": "u31bew",
        "latitude": 50.75043594014751,
        "longitude": 13.871901268694485
      }
    }
  ],
  "orders": [
    {
      "id": 4106,
      "pickupLocation": {
        "hash": "u1yv4m",
        "latitude": 55.7507,
        "longitude": 9.593335
      },
      "deliveryLocation": {
        "hash": "u2838j",
        "latitude": 48.1039669,
        "longitude": 11.6020094
      },
      "loadFactor": 5
    }
  ]
}