{
  "vehicles": [
    {
      "id": 1452,
      "priceKm": 1.9829401258039445,
      "startLocation": {
        "hash": "u38ccd",
        "latitude": 53.76147292882232,
        "longitude": 12.37740393693002
      }
    },
    {
      "id": 8392,
      "priceKm": 1.6061679817738805,
      "startLocation": {
        "hash": "u2bq39",
        "latitude": 50.32666900577654,
        "longitude": 11.669787959314071
      }
    },
    {
      "id": 5877,
      "priceKm": 1.0785430243663952,
      "startLocation": {
        "hash": "u1hxum",
        "latitude": 52.01838450799191,
        "longitude": 6.524840926145268
      }
    }
  ],
  "orders": [
    {
      "id": 8088,
      "pickupLocation": {
        "hash": "u0wqdb",
        "latitude": 48.955734,
        "longitude": 8.920005
      },
      "deliveryLocation": {
        "hash": "u0wt78",
        "latitude": 48.7388611,
        "longitude": 9.3010798
      },
      "loadFactor": 6
    }
  ]
}