{
  "vehicles": [
    {
      "id": 1067,
      "priceKm": 1.3266242944772049,
      "startLocation": {
        "hash": "u2en43",
        "latitude": 48.876842972649825,
        "longitude": 15.578520027468121
      }
    },
    {
      "id": 7854,
      "priceKm": 2.8317399829803747,
      "startLocation": {
        "hash": "u1nd89",
        "latitude": 51.07259226615786,
        "longitude": 9.163190589528682
      }
    },
    {
      "id": 4807,
      "priceKm": 2.7832328287910344,
      "startLocation": {
        "hash": "u1s5e9",
        "latitude": 54.05943648289364,
        "longitude": 5.782507329933881
      }
    }
  ],
  "orders": [
    {
      "id": 3417,
      "pickupLocation": {
        "hash": "u28k82",
        "latitude": 48.605431,
        "longitude": 11.623412
      },
      "deliveryLocation": {
        "hash": "u281z7",
        "latitude": 48.137272,
        "longitude": 11.575482
      },
      "loadFactor": 6
    }
  ]
}