{
  "vehicles": [
    {
      "id": 306,
      "priceKm": 1.7688165849689081,
      "startLocation": {
        "hash": "u0sfnc",
        "latitude": 48.17422449910866,
        "longitude": 6.985453392070696
      }
    },
    {
      "id": 7195,
      "priceKm": 1.1917429601234375,
      "startLocation": {
        "hash": "u28e7c",
        "latitude": 48.389565317881626,
        "longitude": 12.12079299081119
      }
    },
    {
      "id": 1749,
      "priceKm": 2.604836865425371,
      "startLocation": {
        "hash": "u1hnz0",
        "latitude": 51.814722815391214,
        "longitude": 5.938423867294385
      }
    }
  ],
  "orders": [
    {
      "id": 6762,
      "pickupLocation": {
        "hash": "u1m9r4",
        "latitude": 52.2667,
        "longitude": 8.05
      },
      "deliveryLocation": {
        "hash": "u0vqfm",
        "latitude": 50.4350425,
        "longitude": 7.4854697
      },
      "loadFactor": 8
    }
  ]
}