{
  "vehicles": [
    {
      "id": 1629,
      "priceKm": 1.8886229558839396,
      "startLocation": {
        "hash": "u30m4n",
        "latitude": 51.53916351903283,
        "longitude": 11.695902314681739
      }
    },
    {
      "id": 9567,
      "priceKm": 1.7500415541848615,
      "startLocation": {
        "hash": "u92m3x",
        "latitude": 52.99758951727941,
        "longitude": 22.91913004047737
      }
    },
    {
      "id": 5139,
      "priceKm": 1.5081762421962435,
      "startLocation": {
        "hash": "u1msg2",
        "latitude": 52.86817362944425,
        "longitude": 7.885187328929762
      }
    }
  ],
  "orders": [
    {
      "id": 10857,
      "pickupLocation": {
        "hash": "u1huxx",
        "latitude": 51.455206,
        "longitude": 7.012273
      },
      "deliveryLocation": {
        "hash": "u1jf5f",
        "latitude": 50.9891483,
        "longitude": 8.254518
      },
      "loadFactor": 7
    }
  ]
}