{
  "vehicles": [
    {
      "id": 876,
      "priceKm": 1.5335404056318682,
      "startLocation": {
        "hash": "u2bf4e",
        "latitude": 49.588347382624676,
        "longitude": 12.416910401528053
      }
    },
    {
      "id": 2604,
      "priceKm": 1.8171926603765118,
      "startLocation": {
        "hash": "u0sw9d",
        "latitude": 48.96914382018824,
        "longitude": 6.4025085699407
      }
    },
    {
      "id": 6396,
      "priceKm": 2.6666392624564463,
      "startLocation": {
        "hash": "u0yyvj",
        "latitude": 50.43285527973196,
        "longitude": 9.718042664070525
      }
    },
    {
      "id": 6798,
      "priceKm": 2.883866739368247,
      "startLocation": {
        "hash": "u0zrck",
        "latitude": 50.60641077061686,
        "longitude": 10.252613371978564
      }
    },
    {
      "id": 124,
      "priceKm": 1.2413442848485279,
      "startLocation": {
        "hash": "u14g1u",
        "latitude": 51.1750648102417,
        "longitude": 3.9534020117158564
      }
    }
  ],
  "orders": [
    {
      "id": 5292,
      "pickupLocation": {
        "hash": "u09qd0",
        "latitude": 48.959139,
        "longitude": 1.855432
      },
      "deliveryLocation": {
        "hash": "u110sd",
        "latitude": 50.7251854,
        "longitude": 1.613305
      },
      "loadFactor": 8
    },
    {
      "id": 8654,
      "pickupLocation": {
        "hash": "ezrjt7",
        "latitude": 41.7661324,
        "longitude": -1.175185
      },
      "deliveryLocation": {
        "hash": "u05sz6",
        "latitude": 45.8460999,
        "longitude": 5.2486901
      },
      "loadFactor": 8
    },
    {
      "id": 8046,
      "pickupLocation": {
        "hash": "u1m9r4",
        "latitude": 52.2667,
        "longitude": 8.05
      },
      "deliveryLocation": {
        "hash": "u151rr",
        "latitude": 50.886445,
        "longitude": 4.540854
      },
      "loadFactor": 8
    },
    {
      "id": 5552,
      "pickupLocation": {
        "hash": "u2c0s2",
        "latitude": 49.308084,
        "longitude": 12.845029
      },
      "deliveryLocation": {
        "hash": "u0zc71",
        "latitude": 49.4463348,
        "longitude": 11.0369819
      },
      "loadFactor": 8
    },
    {
      "id": 1383,
      "pickupLocation": {
        "hash": "u30u9u",
        "latitude": 51.4405756,
        "longitude": 12.3825795
      },
      "deliveryLocation": {
        "hash": "u0z54c",
        "latitude": 49.7568252,
        "longitude": 9.9675466
      },
      "loadFactor": 4
    },
    {
      "id": 9442,
      "pickupLocation": {
        "hash": "u1q52c",
        "latitude": 52.609453,
        "longitude": 8.480184
      },
      "deliveryLocation": {
        "hash": "u0w4h2",
        "latitude": 48.1652577,
        "longitude": 8.628453
      },
      "loadFactor": 4
    },
    {
      "id": 704,
      "pickupLocation": {
        "hash": "u1mxsy",
        "latitude": 53.387024,
        "longitude": 7.952453
      },
      "deliveryLocation": {
        "hash": "u1j51j",
        "latitude": 51.1833,
        "longitude": 7.08333
      },
      "loadFactor": 8
    }
  ]
}