{
  "vehicles": [
    {
      "id": 8168,
      "priceKm": 2.8564486776836473,
      "startLocation": {
        "hash": "u14frr",
        "latitude": 51.06087123114534,
        "longitude": 4.192407435561795
      }
    },
    {
      "id": 7562,
      "priceKm": 2.186346332728456,
      "startLocation": {
        "hash": "u2fwnn",
        "latitude": 50.30822404109351,
        "longitude": 15.030284155230584
      }
    },
    {
      "id": 7962,
      "priceKm": 1.4690266752676628,
      "startLocation": {
        "hash": "u2253n",
        "latitude": 47.01308701127048,
        "longitude": 11.298841545433863
      }
    },
    {
      "id": 3523,
      "priceKm": 1.4307582620985524,
      "startLocation": {
        "hash": "u30y6m",
        "latitude": 51.752356801713916,
        "longitude": 12.41255609249261
      }
    },
    {
      "id": 1014,
      "priceKm": 1.3482403478424385,
      "startLocation": {
        "hash": "gbzcbn",
        "latitude": 49.562151256479176,
        "longitude": -0.35040974833244043
      }
    }
  ],
  "orders": [
    {
      "id": 6227,
      "pickupLocation": {
        "hash": "u1huxx",
        "latitude": 51.455206,
        "longitude": 7.012273
      },
      "deliveryLocation": {
        "hash": "u1hv1r",
        "latitude": 51.5437583,
        "longitude": 6.7347486
      },
      "loadFactor": 5
    },
    {
      "id": 4959,
      "pickupLocation": {
        "hash": "ezpc9x",
        "latitude": 39.679171,
        "longitude": -0.277415
      },
      "deliveryLocation": {
        "hash": "u09qd0",
        "latitude": 48.959139,
        "longitude": 1.855432
      },
      "loadFactor": 8
    },
    {
      "id": 3854,
      "pickupLocation": {
        "hash": "u0wqdb",
        "latitude": 48.955734,
        "longitude": 8.920005
      },
      "deliveryLocation": {
        "hash": "u0wscj",
        "latitude": 48.6775548,
        "longitude": 9.1951305
      },
      "loadFactor": 8
    },
    {
      "id": 5158,
      "pickupLocation": {
        "hash": "u30u9s",
        "latitude": 51.439009,
        "longitude": 12.371469
      },
      "deliveryLocation": {
        "hash": "u0z560",
        "latitude": 49.79245,
        "longitude": 9.932966
      },
      "loadFactor": 7
    },
    {
      "id": 7463,
      "pickupLocation": {
        "hash": "u28k82",
        "latitude": 48.605431,
        "longitude": 11.623412
      },
      "deliveryLocation": {
        "hash": "u0xvq2",
        "latitude": 48.737195,
        "longitude": 11.179527
      },
      "loadFactor": 6
    },
    {
      "id": 2751,
      "pickupLocation": {
        "hash": "u0b1x4",
        "latitude": 49.496622,
        "longitude": 0.316745
      },
      "deliveryLocation": {
        "hash": "u1n1p9",
        "latitude": 50.811733,
        "longitude": 8.775774
      },
      "loadFactor": 7
    },
    {
      "id": 858,
      "pickupLocation": {
        "hash": "u1511b",
        "latitude": 50.802795,
        "longitude": 4.302606
      },
      "deliveryLocation": {
        "hash": "u09zx9",
        "latitude": 49.1402923,
        "longitude": 2.7961899
      },
      "loadFactor": 5
    }
  ]
}