{
  "vehicles": [
    {
      "id": 1682,
      "priceKm": 1.6718025271290997,
      "startLocation": {
        "hash": "u4j6pc",
        "latitude": 56.610295118126395,
        "longitude": 7.7295838211383305
      }
    },
    {
      "id": 3135,
      "priceKm": 2.196986781363679,
      "startLocation": {
        "hash": "u0v907",
        "latitude": 49.416211091886574,
        "longitude": 7.755443012889411
      }
    },
    {
      "id": 8998,
      "priceKm": 1.5971125873237932,
      "startLocation": {
        "hash": "u325hb",
        "latitude": 52.55864478057248,
        "longitude": 11.46568852566105
      }
    },
    {
      "id": 6901,
      "priceKm": 1.029866899250569,
      "startLocation": {
        "hash": "u0y08r",
        "latitude": 49.347983964666994,
        "longitude": 8.458510238893938
      }
    },
    {
      "id": 1455,
      "priceKm": 1.702905044686769,
      "startLocation": {
        "hash": "u1p81e",
        "latitude": 50.64536157068867,
        "longitude": 10.617686319684195
      }
    }
  ],
  "orders": [
    {
      "id": 2250,
      "pickupLocation": {
        "hash": "gbqkvt",
        "latitude": 47.2733498,
        "longitude": -2.2138729
      },
      "deliveryLocation": {
        "hash": "u0cbft",
        "latitude": 49.379856,
        "longitude": 2.581037
      },
      "loadFactor": 7
    },
    {
      "id": 8778,
      "pickupLocation": {
        "hash": "u0wxcg",
        "latitude": 49.191735,
        "longitude": 9.224944
      },
      "deliveryLocation": {
        "hash": "u0tddp",
        "latitude": 48.295226,
        "longitude": 7.823876
      },
      "loadFactor": 7
    },
    {
      "id": 7504,
      "pickupLocation": {
        "hash": "u0yenz",
        "latitude": 49.784752,
        "longitude": 9.44109
      },
      "deliveryLocation": {
        "hash": "u0p6we",
        "latitude": 45.46104,
        "longitude": 10.484535
      },
      "loadFactor": 5
    },
    {
      "id": 4630,
      "pickupLocation": {
        "hash": "u6s1g3",
        "latitude": 59.3763161,
        "longitude": 17.0268192
      },
      "deliveryLocation": {
        "hash": "u1yubg",
        "latitude": 55.7000046,
        "longitude": 9.5333242
      },
      "loadFactor": 8
    },
    {
      "id": 1041,
      "pickupLocation": {
        "hash": "u1yv4m",
        "latitude": 55.7507,
        "longitude": 9.593335
      },
      "deliveryLocation": {
        "hash": "u284jf",
        "latitude": 48.1785934,
        "longitude": 11.5087545
      },
      "loadFactor": 6
    },
    {
      "id": 6694,
      "pickupLocation": {
        "hash": "u0zchs",
        "latitude": 49.419392,
        "longitude": 11.098348
      },
      "deliveryLocation": {
        "hash": "u2bhp7",
        "latitude": 49.9427185,
        "longitude": 11.5763083
      },
      "loadFactor": 4
    },
    {
      "id": 7089,
      "pickupLocation": {
        "hash": "u0tyyn",
        "latitude": 49.0369124,
        "longitude": 8.3529202
      },
      "deliveryLocation": {
        "hash": "u1k4h2",
        "latitude": 52.387181,
        "longitude": 5.816362
      },
      "loadFactor": 8
    }
  ]
}