{
  "vehicles": [
    {
      "id": 6026,
      "priceKm": 1.3121263516573238,
      "startLocation": {
        "hash": "u3059x",
        "latitude": 51.28276135396207,
        "longitude": 11.316657568423535
      }
    },
    {
      "id": 2473,
      "priceKm": 1.244578723061347,
      "startLocation": {
        "hash": "u0w5sz",
        "latitude": 48.46939931110018,
        "longitude": 8.651857101515398
      }
    },
    {
      "id": 6310,
      "priceKm": 2.8706383483673115,
      "startLocation": {
        "hash": "u31uhu",
        "latitude": 51.35159759631775,
        "longitude": 13.9200766553894
      }
    },
    {
      "id": 2896,
      "priceKm": 2.6493876575431132,
      "startLocation": {
        "hash": "u0t91n",
        "latitude": 48.026672758366,
        "longitude": 7.786295643653145
      }
    },
    {
      "id": 344,
      "priceKm": 2.356893453781424,
      "startLocation": {
        "hash": "u1w6m1",
        "latitude": 53.8386336010741,
        "longitude": 9.019301747145867
      }
    }
  ],
  "orders": [
    {
      "id": 9396,
      "pickupLocation": {
        "hash": "u1huxx",
        "latitude": 51.455206,
        "longitude": 7.012273
      },
      "deliveryLocation": {
        "hash": "u1hv1r",
        "latitude": 51.5437583,
        "longitude": 6.7347486
      },
      "loadFactor": 6
    },
    {
      "id": 2461,
      "pickupLocation": {
        "hash": "u1mxsy",
        "latitude": 53.387024,
        "longitude": 7.952453
      },
      "deliveryLocation": {
        "hash": "u1r3rd",
        "latitude": 52.2643,
        "longitude": 10.525106
      },
      "loadFactor": 7
    },
    {
      "id": 469,
      "pickupLocation": {
        "hash": "u0wqdb",
        "latitude": 48.955734,
        "longitude": 8.920005
      },
      "deliveryLocation": {
        "hash": "u0wscf",
        "latitude": 48.6617737,
        "longitude": 9.2236786
      },
      "loadFactor": 8
    },
    {
      "id": 364,
      "pickupLocation": {
        "hash": "u32203",
        "latitude": 52.039425,
        "longitude": 11.613103
      },
      "deliveryLocation": {
        "hash": "u1jw0c",
        "latitude": 51.6892025,
        "longitude": 7.7738653
      },
      "loadFactor": 8
    },
    {
      "id": 1502,
      "pickupLocation": {
        "hash": "u1r2em",
        "latitude": 52.148021,
        "longitude": 10.348964
      },
      "deliveryLocation": {
        "hash": "u1my6c",
        "latitude": 53.138975,
        "longitude": 8.214602
      },
      "loadFactor": 8
    },
    {
      "id": 1818,
      "pickupLocation": {
        "hash": "u1q52c",
        "latitude": 52.609453,
        "longitude": 8.480184
      },
      "deliveryLocation": {
        "hash": "u331rw",
        "latitude": 52.287106,
        "longitude": 12.98605
      },
      "loadFactor": 7
    },
    {
      "id": 236,
      "pickupLocation": {
        "hash": "u1mr2f",
        "latitude": 53.3196983,
        "longitude": 7.42273
      },
      "deliveryLocation": {
        "hash": "u0w6ft",
        "latitude": 48.3237743,
        "longitude": 8.9066524
      },
      "loadFactor": 7
    }
  ]
}