{
  "vehicles": [
    {
      "id": 6801,
      "priceKm": 1.4292153426873675,
      "startLocation": {
        "hash": "u1q0vv",
        "latitude": 52.19245431727785,
        "longitude": 8.693225386283556
      }
    },
    {
      "id": 3135,
      "priceKm": 2.196986781363679,
      "startLocation": {
        "hash": "u0v907",
        "latitude": 49.416211091886574,
        "longitude": 7.755443012889411
      }
    },
    {
      "id": 3743,
      "priceKm": 2.7551708250846296,
      "startLocation": {
        "hash": "u0wppj",
        "latitude": 49.0741906449554,
        "longitude": 8.752379038111492
      }
    },
    {
      "id": 2823,
      "priceKm": 2.051706945207734,
      "startLocation": {
        "hash": "u2u0ks",
        "latitude": 49.289236249121345,
        "longitude": 17.076540894341424
      }
    },
    {
      "id": 9501,
      "priceKm": 2.046875657377829,
      "startLocation": {
        "hash": "u1qnq5",
        "latitude": 53.1487375202952,
        "longitude": 8.703267480950817
      }
    }
  ],
  "orders": [
    {
      "id": 2426,
      "pickupLocation": {
        "hash": "u32203",
        "latitude": 52.039425,
        "longitude": 11.613103
      },
      "deliveryLocation": {
        "hash": "u0t94r",
        "latitude": 48.0293993,
        "longitude": 7.8429381
      },
      "loadFactor": 10
    },
    {
      "id": 4206,
      "pickupLocation": {
        "hash": "u1huxx",
        "latitude": 51.455206,
        "longitude": 7.012273
      },
      "deliveryLocation": {
        "hash": "u1hg7h",
        "latitude": 51.2218333,
        "longitude": 6.8218705
      },
      "loadFactor": 6
    },
    {
      "id": 10185,
      "pickupLocation": {
        "hash": "u38s58",
        "latitude": 54.1429785,
        "longitude": 12.1076759
      },
      "deliveryLocation": {
        "hash": "u1hg0p",
        "latitude": 51.195843,
        "longitude": 6.690083
      },
      "loadFactor": 7
    },
    {
      "id": 3487,
      "pickupLocation": {
        "hash": "u28k82",
        "latitude": 48.605431,
        "longitude": 11.623412
      },
      "deliveryLocation": {
        "hash": "u22pdu",
        "latitude": 47.751406,
        "longitude": 11.375651
      },
      "loadFactor": 7
    },
    {
      "id": 5040,
      "pickupLocation": {
        "hash": "u30cj7",
        "latitude": 50.819903,
        "longitude": 12.539787
      },
      "deliveryLocation": {
        "hash": "u0zjt2",
        "latitude": 50.1856194,
        "longitude": 10.0779516
      },
      "loadFactor": 7
    },
    {
      "id": 10568,
      "pickupLocation": {
        "hash": "spdwuj",
        "latitude": 43.401738,
        "longitude": 3.694185
      },
      "deliveryLocation": {
        "hash": "u09trg",
        "latitude": 48.7534969,
        "longitude": 2.4562632
      },
      "loadFactor": 9
    },
    {
      "id": 2419,
      "pickupLocation": {
        "hash": "u2c0s2",
        "latitude": 49.308084,
        "longitude": 12.845029
      },
      "deliveryLocation": {
        "hash": "u0zvcx",
        "latitude": 50.2712438,
        "longitude": 10.9702581
      },
      "loadFactor": 6
    }
  ]
}