{
  "vehicles": [
    {
      "id": 7561,
      "priceKm": 1.2244458880478024,
      "startLocation": {
        "hash": "u10y26",
        "latitude": 51.73786941154043,
        "longitude": 1.0691251262746613
      }
    },
    {
      "id": 301,
      "priceKm": 1.1913910679347004,
      "startLocation": {
        "hash": "u1x1h3",
        "latitude": 53.61985037215067,
        "longitude": 10.035781888056786
      }
    },
    {
      "id": 5934,
      "priceKm": 1.7616206865229527,
      "startLocation": {
        "hash": "u304jx",
        "latitude": 51.019678964700596,
        "longitude": 11.496420278013355
      }
    },
    {
      "id": 6388,
      "priceKm": 2.681486357461823,
      "startLocation": {
        "hash": "sp6271",
        "latitude": 40.83116500755103,
        "longitude": 3.2983362438643073
      }
    },
    {
      "id": 4845,
      "priceKm": 1.3735426674501485,
      "startLocation": {
        "hash": "u0v69h",
        "latitude": 49.683149066176554,
        "longitude": 7.4316241756128525
      }
    }
  ],
  "orders": [
    {
      "id": 8108,
      "pickupLocation": {
        "hash": "u2kx33",
        "latitude": 47.687609,
        "longitude": 17.634682
      },
      "deliveryLocation": {
        "hash": "u1x0es",
        "latitude": 53.5503426,
        "longitude": 10.0006542
      },
      "loadFactor": 8
    },
    {
      "id": 10100,
      "pickupLocation": {
        "hash": "u3b7ku",
        "latitude": 55.4385976,
        "longitude": 11.8119572
      },
      "deliveryLocation": {
        "hash": "u31fs0",
        "latitude": 51.0674995,
        "longitude": 13.8885824
      },
      "loadFactor": 9
    },
    {
      "id": 5711,
      "pickupLocation": {
        "hash": "spexcv",
        "latitude": 43.5827332,
        "longitude": 5.0025811
      },
      "deliveryLocation": {
        "hash": "u05s2n",
        "latitude": 45.7830048,
        "longitude": 4.9274778
      },
      "loadFactor": 8
    },
    {
      "id": 6152,
      "pickupLocation": {
        "hash": "u28k82",
        "latitude": 48.605431,
        "longitude": 11.623412
      },
      "deliveryLocation": {
        "hash": "u281fq",
        "latitude": 48.158024,
        "longitude": 11.351818
      },
      "loadFactor": 5
    },
    {
      "id": 6980,
      "pickupLocation": {
        "hash": "u28k82",
        "latitude": 48.605431,
        "longitude": 11.623412
      },
      "deliveryLocation": {
        "hash": "u284kw",
        "latitude": 48.2451514,
        "longitude": 11.4485559
      },
      "loadFactor": 8
    },
    {
      "id": 7061,
      "pickupLocation": {
        "hash": "u0zck4",
        "latitude": 49.45385,
        "longitude": 11.077324
      },
      "deliveryLocation": {
        "hash": "u2945b",
        "latitude": 48.1689873,
        "longitude": 12.8304815
      },
      "loadFactor": 8
    },
    {
      "id": 8303,
      "pickupLocation": {
        "hash": "u2c0s2",
        "latitude": 49.308084,
        "longitude": 12.845029
      },
      "deliveryLocation": {
        "hash": "u2bdkq",
        "latitude": 49.6525138,
        "longitude": 12.1412439
      },
      "loadFactor": 8
    }
  ]
}