{
  "vehicles": [
    {
      "id": 7852,
      "priceKm": 1.5918013098171515,
      "startLocation": {
        "hash": "u0txwh",
        "latitude": 49.15668298586977,
        "longitude": 8.008494179490988
      }
    },
    {
      "id": 4951,
      "priceKm": 1.4530711111545724,
      "startLocation": {
        "hash": "u319pk",
        "latitude": 50.824306016874765,
        "longitude": 13.687486171783204
      }
    },
    {
      "id": 3667,
      "priceKm": 2.3694324404394354,
      "startLocation": {
        "hash": "u15uv8",
        "latitude": 51.46180606617716,
        "longitude": 5.519713969640066
      }
    },
    {
      "id": 4623,
      "priceKm": 1.2250418418736444,
      "startLocation": {
        "hash": "u28ght",
        "latitude": 48.368313256367706,
        "longitude": 12.506314894672895
      }
    },
    {
      "id": 1593,
      "priceKm": 1.7755329924688863,
      "startLocation": {
        "hash": "u1rz8k",
        "latitude": 53.37609288568339,
        "longitude": 10.913981772201488
      }
    }
  ],
  "orders": [
    {
      "id": 8046,
      "pickupLocation": {
        "hash": "u1m9r4",
        "latitude": 52.2667,
        "longitude": 8.05
      },
      "deliveryLocation": {
        "hash": "u151rr",
        "latitude": 50.886445,
        "longitude": 4.540854
      },
      "loadFactor": 8
    },
    {
      "id": 9037,
      "pickupLocation": {
        "hash": "u0zchs",
        "latitude": 49.419392,
        "longitude": 11.098348
      },
      "deliveryLocation": {
        "hash": "u29s66",
        "latitude": 48.5740128,
        "longitude": 13.4606447
      },
      "loadFactor": 7
    },
    {
      "id": 10593,
      "pickupLocation": {
        "hash": "u3k4he",
        "latitude": 52.404004,
        "longitude": 17.075411
      },
      "deliveryLocation": {
        "hash": "srfdpt",
        "latitude": 43.977552,
        "longitude": 15.098573
      },
      "loadFactor": 4
    },
    {
      "id": 4957,
      "pickupLocation": {
        "hash": "u2fwg0",
        "latitude": 50.4095039,
        "longitude": 14.9040823
      },
      "deliveryLocation": {
        "hash": "u21g07",
        "latitude": 45.548133,
        "longitude": 13.729491
      },
      "loadFactor": 7
    },
    {
      "id": 10246,
      "pickupLocation": {
        "hash": "u1ngm0",
        "latitude": 51.2,
        "longitude": 9.71667
      },
      "deliveryLocation": {
        "hash": "u0vccv",
        "latitude": 49.558184,
        "longitude": 8.165932
      },
      "loadFactor": 7
    },
    {
      "id": 8584,
      "pickupLocation": {
        "hash": "u1yv4m",
        "latitude": 55.7507,
        "longitude": 9.593335
      },
      "deliveryLocation": {
        "hash": "u0vqcb",
        "latitude": 50.4062232,
        "longitude": 7.4699548
      },
      "loadFactor": 7
    },
    {
      "id": 2682,
      "pickupLocation": {
        "hash": "u30cj7",
        "latitude": 50.819903,
        "longitude": 12.539787
      },
      "deliveryLocation": {
        "hash": "u0z4wf",
        "latitude": 49.6697253,
        "longitude": 10.147674
      },
      "loadFactor": 7
    }
  ]
}