{
  "vehicles": [
    {
      "id": 7185,
      "priceKm": 2.780949737936292,
      "startLocation": {
        "hash": "u31cyc",
        "latitude": 50.94171530432214,
        "longitude": 14.014401528022157
      }
    },
    {
      "id": 9263,
      "priceKm": 2.152923298684497,
      "startLocation": {
        "hash": "u1zs8c",
        "latitude": 55.64161959595326,
        "longitude": 10.586040819230117
      }
    },
    {
      "id": 9889,
      "priceKm": 1.231666399338255,
      "startLocation": {
        "hash": "u3100q",
        "latitude": 50.66116307948992,
        "longitude": 12.674676013108627
      }
    },
    {
      "id": 9388,
      "priceKm": 1.8668649990091652,
      "startLocation": {
        "hash": "u31rd9",
        "latitude": 51.95203739892312,
        "longitude": 13.126659610256642
      }
    },
    {
      "id": 5683,
      "priceKm": 1.615171927302929,
      "startLocation": {
        "hash": "u1qr3b",
        "latitude": 53.307118844013054,
        "longitude": 8.87310909070349
      }
    }
  ],
  "orders": [
    {
      "id": 3366,
      "pickupLocation": {
        "hash": "u2s1vq",
        "latitude": 48.153538,
        "longitude": 17.109671
      },
      "deliveryLocation": {
        "hash": "u2v68g",
        "latitude": 49.678323,
        "longitude": 18.674622
      },
      "loadFactor": 3
    },
    {
      "id": 8515,
      "pickupLocation": {
        "hash": "u1rdk3",
        "latitude": 52.435841,
        "longitude": 10.742137
      },
      "deliveryLocation": {
        "hash": "u1rd5x",
        "latitude": 52.4238984,
        "longitude": 10.700976
      },
      "loadFactor": 7
    },
    {
      "id": 7280,
      "pickupLocation": {
        "hash": "u1yv4m",
        "latitude": 55.7507,
        "longitude": 9.593335
      },
      "deliveryLocation": {
        "hash": "u1qq01",
        "latitude": 53.092908,
        "longitude": 8.7948691
      },
      "loadFactor": 8
    },
    {
      "id": 1625,
      "pickupLocation": {
        "hash": "u1hu9e",
        "latitude": 51.433434,
        "longitude": 6.749769
      },
      "deliveryLocation": {
        "hash": "u1p309",
        "latitude": 50.810561,
        "longitude": 10.221011
      },
      "loadFactor": 8
    },
    {
      "id": 7051,
      "pickupLocation": {
        "hash": "u1r2em",
        "latitude": 52.148021,
        "longitude": 10.348964
      },
      "deliveryLocation": {
        "hash": "u1t24m",
        "latitude": 53.46956,
        "longitude": 7.482381
      },
      "loadFactor": 7
    },
    {
      "id": 6955,
      "pickupLocation": {
        "hash": "u1huxx",
        "latitude": 51.455206,
        "longitude": 7.012273
      },
      "deliveryLocation": {
        "hash": "u1j5dy",
        "latitude": 51.2757588,
        "longitude": 7.1577256
      },
      "loadFactor": 6
    },
    {
      "id": 9062,
      "pickupLocation": {
        "hash": "u1huxx",
        "latitude": 51.455206,
        "longitude": 7.012273
      },
      "deliveryLocation": {
        "hash": "u1j51j",
        "latitude": 51.1833,
        "longitude": 7.0833302
      },
      "loadFactor": 8
    }
  ]
}