{
  "vehicles": [
    {
      "id": 7922,
      "priceKm": 2.686486632326466,
      "startLocation": {
        "hash": "u0z3he",
        "latitude": 49.41496337053674,
        "longitude": 10.39365287357646
      }
    },
    {
      "id": 5367,
      "priceKm": 1.926330397669469,
      "startLocation": {
        "hash": "u10bt2",
        "latitude": 50.71723268809545,
        "longitude": 1.2895986191228141
      }
    },
    {
      "id": 2582,
      "priceKm": 2.883651345948346,
      "startLocation": {
        "hash": "spee89",
        "latitude": 42.81244943227855,
        "longitude": 4.952762269839172
      }
    },
    {
      "id": 9413,
      "priceKm": 2.8613002486184502,
      "startLocation": {
        "hash": "u33j1t",
        "latitude": 52.94091990785268,
        "longitude": 12.726658607934521
      }
    },
    {
      "id": 5277,
      "priceKm": 1.490400492743422,
      "startLocation": {
        "hash": "u1pum0",
        "latitude": 51.372258048483125,
        "longitude": 11.128573186945507
      }
    }
  ],
  "orders": [
    {
      "id": 9846,
      "pickupLocation": {
        "hash": "u0wqdb",
        "latitude": 48.955734,
        "longitude": 8.920005
      },
      "deliveryLocation": {
        "hash": "u0xps2",
        "latitude": 49.1349586,
        "longitude": 10.0359787
      },
      "loadFactor": 8
    },
    {
      "id": 3973,
      "pickupLocation": {
        "hash": "u28k82",
        "latitude": 48.605431,
        "longitude": 11.623412
      },
      "deliveryLocation": {
        "hash": "u287ne",
        "latitude": 48.358828,
        "longitude": 11.890818
      },
      "loadFactor": 6
    },
    {
      "id": 8329,
      "pickupLocation": {
        "hash": "u09qd0",
        "latitude": 48.959139,
        "longitude": 1.855432
      },
      "deliveryLocation": {
        "hash": "u0bc2b",
        "latitude": 49.440459,
        "longitude": 1.093966
      },
      "loadFactor": 8
    },
    {
      "id": 4897,
      "pickupLocation": {
        "hash": "u28k82",
        "latitude": 48.605431,
        "longitude": 11.623412
      },
      "deliveryLocation": {
        "hash": "u0x83s",
        "latitude": 47.880379,
        "longitude": 10.622246
      },
      "loadFactor": 8
    },
    {
      "id": 6832,
      "pickupLocation": {
        "hash": "sxcxxr",
        "latitude": 44.955666,
        "longitude": 24.938927
      },
      "deliveryLocation": {
        "hash": "u30bp4",
        "latitude": 50.64,
        "longitude": 12.6127
      },
      "loadFactor": 8
    },
    {
      "id": 3043,
      "pickupLocation": {
        "hash": "u28k82",
        "latitude": 48.605431,
        "longitude": 11.623412
      },
      "deliveryLocation": {
        "hash": "u0xe34",
        "latitude": 48.399896,
        "longitude": 10.595731
      },
      "loadFactor": 4
    },
    {
      "id": 6135,
      "pickupLocation": {
        "hash": "u1mxsy",
        "latitude": 53.387024,
        "longitude": 7.952453
      },
      "deliveryLocation": {
        "hash": "u0vuxc",
        "latitude": 50.020718,
        "longitude": 8.426699
      },
      "loadFactor": 8
    }
  ]
}