{
  "vehicles": [
    {
      "id": 2413,
      "priceKm": 2.961277266149432,
      "startLocation": {
        "hash": "u28kep",
        "latitude": 48.64516601747345,
        "longitude": 11.742198225162898
      }
    },
    {
      "id": 6854,
      "priceKm": 2.3740175533904617,
      "startLocation": {
        "hash": "u0t7kx",
        "latitude": 48.422970922801646,
        "longitude": 7.583074977686779
      }
    },
    {
      "id": 8343,
      "priceKm": 1.299681827742672,
      "startLocation": {
        "hash": "u0xnb2",
        "latitude": 49.0007285695755,
        "longitude": 9.858734138157779
      }
    },
    {
      "id": 6103,
      "priceKm": 2.6757569455687165,
      "startLocation": {
        "hash": "u09krk",
        "latitude": 48.58487620899579,
        "longitude": 2.0822884394211076
      }
    },
    {
      "id": 8743,
      "priceKm": 2.5565408329578245,
      "startLocation": {
        "hash": "u1k3cz",
        "latitude": 52.379499241173,
        "longitude": 6.057786817959512
      }
    }
  ],
  "orders": [
    {
      "id": 7912,
      "pickupLocation": {
        "hash": "u1r2em",
        "latitude": 52.148021,
        "longitude": 10.348964
      },
      "deliveryLocation": {
        "hash": "u1m5jr",
        "latitude": 52.600356,
        "longitude": 7.266355
      },
      "loadFactor": 9
    },
    {
      "id": 4311,
      "pickupLocation": {
        "hash": "u0cbft",
        "latitude": 49.379856,
        "longitude": 2.581037
      },
      "deliveryLocation": {
        "hash": "u0c8p8",
        "latitude": 49.221903,
        "longitude": 2.449402
      },
      "loadFactor": 8
    },
    {
      "id": 2595,
      "pickupLocation": {
        "hash": "u1mr3b",
        "latitude": 53.3106603,
        "longitude": 7.4671401
      },
      "deliveryLocation": {
        "hash": "u0ymr2",
        "latitude": 50.1469057,
        "longitude": 9.1113646
      },
      "loadFactor": 9
    },
    {
      "id": 5007,
      "pickupLocation": {
        "hash": "u0wqdb",
        "latitude": 48.955734,
        "longitude": 8.920005
      },
      "deliveryLocation": {
        "hash": "u0y28d",
        "latitude": 49.31821,
        "longitude": 8.8151
      },
      "loadFactor": 8
    },
    {
      "id": 5949,
      "pickupLocation": {
        "hash": "u0wqdb",
        "latitude": 48.955734,
        "longitude": 8.920005
      },
      "deliveryLocation": {
        "hash": "u0wvh2",
        "latitude": 48.6947706,
        "longitude": 9.6789554
      },
      "loadFactor": 8
    },
    {
      "id": 10199,
      "pickupLocation": {
        "hash": "u334u8",
        "latitude": 52.518784,
        "longitude": 12.85469
      },
      "deliveryLocation": {
        "hash": "u0x83s",
        "latitude": 47.880379,
        "longitude": 10.622246
      },
      "loadFactor": 7
    },
    {
      "id": 5004,
      "pickupLocation": {
        "hash": "u3zhcj",
        "latitude": 55.706831,
        "longitude": 21.1414911
      },
      "deliveryLocation": {
        "hash": "u99zpy",
        "latitude": 54.7042831,
        "longitude": 25.3035356
      },
      "loadFactor": 7
    }
  ]
}