{
  "vehicles": [
    {
      "id": 5720,
      "priceKm": 2.2721154613565293,
      "startLocation": {
        "hash": "u1qr8v",
        "latitude": 53.37995024622397,
        "longitude": 8.82203313703536
      }
    }
  ],
  "orders": [
    {
      "id": 5135,
      "pickupLocation": {
        "hash": "u1huxx",
        "latitude": 51.455206,
        "longitude": 7.012273
      },
      "deliveryLocation": {
        "hash": "u1hew4",
        "latitude": 51.2518883,
        "longitude": 6.59584
      },
      "loadFactor": 9
    },
    {
      "id": 2813,
      "pickupLocation": {
        "hash": "u30bs3",
        "latitude": 50.718504,
        "longitude": 12.493927
      },
      "deliveryLocation": {
        "hash": "u151rr",
        "latitude": 50.886445,
        "longitude": 4.540854
      },
      "loadFactor": 6
    },
    {
      "id": 4493,
      "pickupLocation": {
        "hash": "u28k82",
        "latitude": 48.605431,
        "longitude": 11.623412
      },
      "deliveryLocation": {
        "hash": "u28brd",
        "latitude": 47.869619,
        "longitude": 12.643366
      },
      "loadFactor": 7
    },
    {
      "id": 2303,
      "pickupLocation": {
        "hash": "u1mxsy",
        "latitude": 53.387024,
        "longitude": 7.952453
      },
      "deliveryLocation": {
        "hash": "u0v3jk",
        "latitude": 49.417196,
        "longitude": 7.617643
      },
      "loadFactor": 8
    }
  ]
}