{
  "vehicles": [
    {
      "id": 6438,
      "priceKm": 2.8194044479702165,
      "startLocation": {
        "hash": "u2spdf",
        "latitude": 49.14728290666831,
        "longitude": 16.996746202891742
      }
    }
  ],
  "orders": [
    {
      "id": 9588,
      "pickupLocation": {
        "hash": "u14k10",
        "latitude": 51.331438,
        "longitude": 3.208329
      },
      "deliveryLocation": {
        "hash": "u15bng",
        "latitude": 50.645117,
        "longitude": 5.573419
      },
      "loadFactor": 8
    },
    {
      "id": 1569,
      "pickupLocation": {
        "hash": "u1r2em",
        "latitude": 52.148021,
        "longitude": 10.348964
      },
      "deliveryLocation": {
        "hash": "u1m3rs",
        "latitude": 52.277477,
        "longitude": 7.715142
      },
      "loadFactor": 8
    },
    {
      "id": 4823,
      "pickupLocation": {
        "hash": "u32203",
        "latitude": 52.039425,
        "longitude": 11.613103
      },
      "deliveryLocation": {
        "hash": "u0mqy4",
        "latitude": 47.60462,
        "longitude": 7.65345
      },
      "loadFactor": 7
    },
    {
      "id": 10516,
      "pickupLocation": {
        "hash": "u1mr3b",
        "latitude": 53.3106603,
        "longitude": 7.4671401
      },
      "deliveryLocation": {
        "hash": "u0ykr6",
        "latitude": 49.9785027,
        "longitude": 9.1126769
      },
      "loadFactor": 9
    }
  ]
}