{
  "vehicles": [
    {
      "id": 6868,
      "priceKm": 1.5051879592037753,
      "startLocation": {
        "hash": "ezvf5j",
        "latitude": 43.97469848686923,
        "longitude": -3.028785763730021
      }
    }
  ],
  "orders": [
    {
      "id": 10402,
      "pickupLocation": {
        "hash": "u1r2em",
        "latitude": 52.148021,
        "longitude": 10.348964
      },
      "deliveryLocation": {
        "hash": "u1m8zn",
        "latitude": 52.2,
        "longitude": 8.05
      },
      "loadFactor": 7
    },
    {
      "id": 10746,
      "pickupLocation": {
        "hash": "u30u9u",
        "latitude": 51.4405756,
        "longitude": 12.3825795
      },
      "deliveryLocation": {
        "hash": "u0ycv9",
        "latitude": 49.5370452,
        "longitude": 9.7423776
      },
      "loadFactor": 10
    },
    {
      "id": 6350,
      "pickupLocation": {
        "hash": "u2kx33",
        "latitude": 47.687609,
        "longitude": 17.634682
      },
      "deliveryLocation": {
        "hash": "u1x0es",
        "latitude": 53.550341,
        "longitude": 10.000654
      },
      "loadFactor": 8
    },
    {
      "id": 4695,
      "pickupLocation": {
        "hash": "u1511b",
        "latitude": 50.802795,
        "longitude": 4.302606
      },
      "deliveryLocation": {
        "hash": "u28rh1",
        "latitude": 49.0518875,
        "longitude": 11.782505
      },
      "loadFactor": 5
    }
  ]
}