{
  "vehicles": [
    {
      "id": 7390,
      "priceKm": 2.4149950380460194,
      "startLocation": {
        "hash": "u0tjng",
        "latitude": 48.71114114910946,
        "longitude": 7.333471675517024
      }
    }
  ],
  "orders": [
    {
      "id": 939,
      "pickupLocation": {
        "hash": "u1huxx",
        "latitude": 51.455206,
        "longitude": 7.012273
      },
      "deliveryLocation": {
        "hash": "u1j2me",
        "latitude": 50.6878478,
        "longitude": 7.6324215
      },
      "loadFactor": 8
    },
    {
      "id": 5916,
      "pickupLocation": {
        "hash": "u1mxsy",
        "latitude": 53.387024,
        "longitude": 7.952453
      },
      "deliveryLocation": {
        "hash": "u0ub99",
        "latitude": 49.316466,
        "longitude": 6.749846
      },
      "loadFactor": 8
    },
    {
      "id": 10110,
      "pickupLocation": {
        "hash": "u1huxx",
        "latitude": 51.455206,
        "longitude": 7.012273
      },
      "deliveryLocation": {
        "hash": "u1he4g",
        "latitude": 51.169583,
        "longitude": 6.457627
      },
      "loadFactor": 5
    },
    {
      "id": 5451,
      "pickupLocation": {
        "hash": "u32203",
        "latitude": 52.039425,
        "longitude": 11.613103
      },
      "deliveryLocation": {
        "hash": "u0w181",
        "latitude": 48.0846281,
        "longitude": 8.448051
      },
      "loadFactor": 7
    }
  ]
}