{
  "vehicles": [
    {
      "id": 1992,
      "priceKm": 2.777655941843935,
      "startLocation": {
        "hash": "u0qu9t",
        "latitude": 47.22741168083246,
        "longitude": 9.567608461290328
      }
    }
  ],
  "orders": [
    {
      "id": 2815,
      "pickupLocation": {
        "hash": "u1qcvw",
        "latitude": 52.374481,
        "longitude": 9.738563
      },
      "deliveryLocation": {
        "hash": "u151rr",
        "latitude": 50.886445,
        "longitude": 4.540854
      },
      "loadFactor": 4
    },
    {
      "id": 10315,
      "pickupLocation": {
        "hash": "u0wqdb",
        "latitude": 48.955734,
        "longitude": 8.920005
      },
      "deliveryLocation": {
        "hash": "u0wxzs",
        "latitude": 49.2004273,
        "longitude": 9.4754969
      },
      "loadFactor": 10
    },
    {
      "id": 6688,
      "pickupLocation": {
        "hash": "u0wqdb",
        "latitude": 48.955734,
        "longitude": 8.920005
      },
      "deliveryLocation": {
        "hash": "u0xpt1",
        "latitude": 49.1365471,
        "longitude": 10.0721827
      },
      "loadFactor": 8
    },
    {
      "id": 11151,
      "pickupLocation": {
        "hash": "u1r2em",
        "latitude": 52.148021,
        "longitude": 10.348964
      },
      "deliveryLocation": {
        "hash": "u1mqcd",
        "latitude": 53.232728,
        "longitude": 7.459549
      },
      "loadFactor": 8
    }
  ]
}