{
  "vehicles": [
    {
      "id": 7155,
      "priceKm": 1.5083477615013163,
      "startLocation": {
        "hash": "u0by4u",
        "latitude": 50.30090105772869,
        "longitude": 1.177941954081541
      }
    }
  ],
  "orders": [
    {
      "id": 2616,
      "pickupLocation": {
        "hash": "u1mr3b",
        "latitude": 53.3106603,
        "longitude": 7.4671401
      },
      "deliveryLocation": {
        "hash": "u0mx19",
        "latitude": 47.6469386,
        "longitude": 7.8095222
      },
      "loadFactor": 7
    },
    {
      "id": 428,
      "pickupLocation": {
        "hash": "u0wqdb",
        "latitude": 48.955734,
        "longitude": 8.920005
      },
      "deliveryLocation": {
        "hash": "u0xps2",
        "latitude": 49.1349586,
        "longitude": 10.0359787
      },
      "loadFactor": 8
    },
    {
      "id": 2082,
      "pickupLocation": {
        "hash": "u0zck4",
        "latitude": 49.45385,
        "longitude": 11.077324
      },
      "deliveryLocation": {
        "hash": "u297qg",
        "latitude": 48.4012146,
        "longitude": 13.3107462
      },
      "loadFactor": 7
    },
    {
      "id": 9626,
      "pickupLocation": {
        "hash": "u1mxsy",
        "latitude": 53.387024,
        "longitude": 7.952453
      },
      "deliveryLocation": {
        "hash": "u1pkeb",
        "latitude": 51.420703,
        "longitude": 10.363235
      },
      "loadFactor": 8
    }
  ]
}