{
  "vehicles": [
    {
      "id": 3708,
      "priceKm": 2.7065884277084424,
      "startLocation": {
        "hash": "u3388t",
        "latitude": 52.15144545882412,
        "longitude": 13.38607578734824
      }
    }
  ],
  "orders": [
    {
      "id": 6653,
      "pickupLocation": {
        "hash": "u28hgt",
        "latitude": 48.677765,
        "longitude": 11.411769
      },
      "deliveryLocation": {
        "hash": "u28k82",
        "latitude": 48.605431,
        "longitude": 11.623412
      },
      "loadFactor": 8
    },
    {
      "id": 2032,
      "pickupLocation": {
        "hash": "u0tddp",
        "latitude": 48.295226,
        "longitude": 7.823876
      },
      "deliveryLocation": {
        "hash": "u334s3",
        "latitude": 52.476925,
        "longitude": 12.844397
      },
      "loadFactor": 7
    },
    {
      "id": 878,
      "pickupLocation": {
        "hash": "u0wqdb",
        "latitude": 48.955734,
        "longitude": 8.920005
      },
      "deliveryLocation": {
        "hash": "u0wsz0",
        "latitude": 48.64801,
        "longitude": 9.451104
      },
      "loadFactor": 7
    },
    {
      "id": 8468,
      "pickupLocation": {
        "hash": "u28k82",
        "latitude": 48.605431,
        "longitude": 11.623412
      },
      "deliveryLocation": {
        "hash": "u23pt0",
        "latitude": 47.728393,
        "longitude": 12.876115
      },
      "loadFactor": 7
    }
  ]
}