{
  "vehicles": [
    {
      "id": 8236,
      "priceKm": 1.7054563612135238,
      "startLocation": {
        "hash": "u32g7d",
        "latitude": 52.61594973485123,
        "longitude": 12.468328392359554
      }
    }
  ],
  "orders": [
    {
      "id": 3738,
      "pickupLocation": {
        "hash": "u2s1vq",
        "latitude": 48.153538,
        "longitude": 17.109671
      },
      "deliveryLocation": {
        "hash": "u0pf6p",
        "latitude": 45.438222,
        "longitude": 10.993554
      },
      "loadFactor": 5
    },
    {
      "id": 4065,
      "pickupLocation": {
        "hash": "u0zck4",
        "latitude": 49.45385,
        "longitude": 11.077324
      },
      "deliveryLocation": {
        "hash": "u297qg",
        "latitude": 48.4012146,
        "longitude": 13.3107462
      },
      "loadFactor": 8
    },
    {
      "id": 8755,
      "pickupLocation": {
        "hash": "u2fwg0",
        "latitude": 50.4095039,
        "longitude": 14.9040823
      },
      "deliveryLocation": {
        "hash": "u1hg0p",
        "latitude": 51.195843,
        "longitude": 6.690083
      },
      "loadFactor": 6
    },
    {
      "id": 6849,
      "pickupLocation": {
        "hash": "u30cj7",
        "latitude": 50.819903,
        "longitude": 12.539787
      },
      "deliveryLocation": {
        "hash": "u0zr09",
        "latitude": 50.459487,
        "longitude": 10.2232484
      },
      "loadFactor": 7
    }
  ]
}