{
  "vehicles": [
    {
      "id": 7748,
      "priceKm": 1.3964395481516954,
      "startLocation": {
        "hash": "u1wv8t",
        "latitude": 54.43367076489738,
        "longitude": 9.522921621218877
      }
    }
  ],
  "orders": [
    {
      "id": 8837,
      "pickupLocation": {
        "hash": "u1q52c",
        "latitude": 52.609453,
        "longitude": 8.480184
      },
      "deliveryLocation": {
        "hash": "u21g07",
        "latitude": 45.548133,
        "longitude": 13.729491
      },
      "loadFactor": 7
    },
    {
      "id": 442,
      "pickupLocation": {
        "hash": "u09qd0",
        "latitude": 48.959139,
        "longitude": 1.855432
      },
      "deliveryLocation": {
        "hash": "spexrh",
        "latitude": 43.487234,
        "longitude": 5.23429
      },
      "loadFactor": 8
    },
    {
      "id": 5595,
      "pickupLocation": {
        "hash": "u1qcvw",
        "latitude": 52.374481,
        "longitude": 9.738563
      },
      "deliveryLocation": {
        "hash": "u1hg0p",
        "latitude": 51.195843,
        "longitude": 6.690083
      },
      "loadFactor": 4
    },
    {
      "id": 156,
      "pickupLocation": {
        "hash": "u1yv4m",
        "latitude": 55.7507,
        "longitude": 9.593335
      },
      "deliveryLocation": {
        "hash": "u1j5xx",
        "latitude": 51.2830197,
        "longitude": 7.3667848
      },
      "loadFactor": 8
    }
  ]
}