{
  "vehicles": [
    {
      "id": 5173,
      "priceKm": 2.457109573118003,
      "startLocation": {
        "hash": "ezkyzn",
        "latitude": 42.001922571239355,
        "longitude": -4.2616194412681345
      }
    }
  ],
  "orders": [
    {
      "id": 6678,
      "pickupLocation": {
        "hash": "u1rdjq",
        "latitude": 52.420559,
        "longitude": 10.786168
      },
      "deliveryLocation": {
        "hash": "u1hg0p",
        "latitude": 51.1958427,
        "longitude": 6.690083
      },
      "loadFactor": 8
    },
    {
      "id": 10643,
      "pickupLocation": {
        "hash": "u2gtdh",
        "latitude": 50.212498,
        "longitude": 16.262725
      },
      "deliveryLocation": {
        "hash": "u1xd7n",
        "latitude": 53.866444,
        "longitude": 10.684738
      },
      "loadFactor": 7
    },
    {
      "id": 1777,
      "pickupLocation": {
        "hash": "u0tddp",
        "latitude": 48.295226,
        "longitude": 7.823876
      },
      "deliveryLocation": {
        "hash": "u0zck1",
        "latitude": 49.448929,
        "longitude": 11.0777162
      },
      "loadFactor": 8
    },
    {
      "id": 11136,
      "pickupLocation": {
        "hash": "u1ngm0",
        "latitude": 51.2,
        "longitude": 9.71667
      },
      "deliveryLocation": {
        "hash": "u0y40v",
        "latitude": 49.6019,
        "longitude": 8.47194
      },
      "loadFactor": 8
    }
  ]
}