{
  "vehicles": [
    {
      "id": 7869,
      "priceKm": 2.056025466421622,
      "startLocation": {
        "hash": "u34prz",
        "latitude": 51.942138892516525,
        "longitude": 14.410740296780586
      }
    },
    {
      "id": 6754,
      "priceKm": 1.9446704240017227,
      "startLocation": {
        "hash": "u1prfx",
        "latitude": 52.027895226169065,
        "longitude": 10.310530256477646
      }
    }
  ],
  "orders": [
    {
      "id": 6699,
      "pickupLocation": {
        "hash": "u0b1x4",
        "latitude": 49.496622,
        "longitude": 0.316745
      },
      "deliveryLocation": {
        "hash": "u173jy",
        "latitude": 52.241141,
        "longitude": 4.82511
      },
      "loadFactor": 3
    },
    {
      "id": 1463,
      "pickupLocation": {
        "hash": "u155kh",
        "latitude": 51.2210388,
        "longitude": 4.3998189
      },
      "deliveryLocation": {
        "hash": "u0b1x4",
        "latitude": 49.496622,
        "longitude": 0.316745
      },
      "loadFactor": 3
    },
    {
      "id": 535,
      "pickupLocation": {
        "hash": "ud1hj4",
        "latitude": 56.969536,
        "longitude": 24.1356306
      },
      "deliveryLocation": {
        "hash": "u99zpy",
        "latitude": 54.7042831,
        "longitude": 25.3035356
      },
      "loadFactor": 5
    }
  ]
}