{
  "vehicles": [
    {
      "id": 7939,
      "priceKm": 1.099662105354779,
      "startLocation": {
        "hash": "u1p0rx",
        "latitude": 50.707473115865696,
        "longitude": 10.174101623056119
      }
    },
    {
      "id": 1845,
      "priceKm": 2.494423867005099,
      "startLocation": {
        "hash": "u2eewz",
        "latitude": 48.46699763892241,
        "longitude": 16.47143925347177
      }
    }
  ],
  "orders": [
    {
      "id": 5952,
      "pickupLocation": {
        "hash": "u0wqdb",
        "latitude": 48.955734,
        "longitude": 8.920005
      },
      "deliveryLocation": {
        "hash": "u0wv5f",
        "latitude": 48.705294,
        "longitude": 9.660796
      },
      "loadFactor": 7
    },
    {
      "id": 5076,
      "pickupLocation": {
        "hash": "u30u9s",
        "latitude": 51.439009,
        "longitude": 12.371469
      },
      "deliveryLocation": {
        "hash": "u0ycuz",
        "latitude": 49.5653,
        "longitude": 9.7041702
      },
      "loadFactor": 7
    },
    {
      "id": 10135,
      "pickupLocation": {
        "hash": "u1yv4m",
        "latitude": 55.7507,
        "longitude": 9.593335
      },
      "deliveryLocation": {
        "hash": "u33sxs",
        "latitude": 52.8479516,
        "longitude": 13.6916472
      },
      "loadFactor": 7
    }
  ]
}