{
  "vehicles": [
    {
      "id": 2123,
      "priceKm": 2.3354354767322283,
      "startLocation": {
        "hash": "u1jb5v",
        "latitude": 50.65256643682364,
        "longitude": 8.251164856745003
      }
    },
    {
      "id": 5913,
      "priceKm": 2.4667641917524827,
      "startLocation": {
        "hash": "u36qkk",
        "latitude": 53.15629967374307,
        "longitude": 14.60146654588181
      }
    }
  ],
  "orders": [
    {
      "id": 3375,
      "pickupLocation": {
        "hash": "u28k82",
        "latitude": 48.605431,
        "longitude": 11.623412
      },
      "deliveryLocation": {
        "hash": "u28jjs",
        "latitude": 48.718611,
        "longitude": 11.497222
      },
      "loadFactor": 7
    },
    {
      "id": 8652,
      "pickupLocation": {
        "hash": "u2s1vq",
        "latitude": 48.153538,
        "longitude": 17.109671
      },
      "deliveryLocation": {
        "hash": "u2u60k",
        "latitude": 49.595419,
        "longitude": 17.247348
      },
      "loadFactor": 3
    },
    {
      "id": 7209,
      "pickupLocation": {
        "hash": "u1mxsy",
        "latitude": 53.387024,
        "longitude": 7.952453
      },
      "deliveryLocation": {
        "hash": "u1nsbj",
        "latitude": 51.488653,
        "longitude": 9.148839
      },
      "loadFactor": 8
    }
  ]
}