{
  "vehicles": [
    {
      "id": 7433,
      "priceKm": 1.3105956632050024,
      "startLocation": {
        "hash": "u32se7",
        "latitude": 52.842032297430286,
        "longitude": 12.104771012502578
      }
    },
    {
      "id": 6091,
      "priceKm": 2.0553482198306297,
      "startLocation": {
        "hash": "u156sj",
        "latitude": 51.09667999639492,
        "longitude": 4.748410445506612
      }
    }
  ],
  "orders": [
    {
      "id": 7185,
      "pickupLocation": {
        "hash": "u0zchs",
        "latitude": 49.419392,
        "longitude": 11.098348
      },
      "deliveryLocation": {
        "hash": "u0zbhk",
        "latitude": 49.2449951,
        "longitude": 11.0909576
      },
      "loadFactor": 7
    },
    {
      "id": 8453,
      "pickupLocation": {
        "hash": "u0wxcg",
        "latitude": 49.191735,
        "longitude": 9.224944
      },
      "deliveryLocation": {
        "hash": "u21g07",
        "latitude": 45.548133,
        "longitude": 13.729491
      },
      "loadFactor": 4
    },
    {
      "id": 9610,
      "pickupLocation": {
        "hash": "u1q52c",
        "latitude": 52.609453,
        "longitude": 8.480184
      },
      "deliveryLocation": {
        "hash": "u0ym17",
        "latitude": 50.1182196,
        "longitude": 8.8545427
      },
      "loadFactor": 7
    }
  ]
}