{
  "vehicles": [
    {
      "id": 7839,
      "priceKm": 1.7885217464057377,
      "startLocation": {
        "hash": "u348nv",
        "latitude": 50.652526622984496,
        "longitude": 15.071471737162504
      }
    },
    {
      "id": 7496,
      "priceKm": 1.4676584843467821,
      "startLocation": {
        "hash": "u090nx",
        "latitude": 47.85258966801194,
        "longitude": 1.6969372079422973
      }
    }
  ],
  "orders": [
    {
      "id": 5121,
      "pickupLocation": {
        "hash": "u28jkj",
        "latitude": 48.765933,
        "longitude": 11.431703
      },
      "deliveryLocation": {
        "hash": "u1nsmy",
        "latitude": 51.408161,
        "longitude": 9.402353
      },
      "loadFactor": 8
    },
    {
      "id": 3058,
      "pickupLocation": {
        "hash": "u2s1vq",
        "latitude": 48.153538,
        "longitude": 17.109671
      },
      "deliveryLocation": {
        "hash": "u2fkbn",
        "latitude": 50.087656,
        "longitude": 14.421213
      },
      "loadFactor": 8
    },
    {
      "id": 5247,
      "pickupLocation": {
        "hash": "u1rdk3",
        "latitude": 52.435841,
        "longitude": 10.742137
      },
      "deliveryLocation": {
        "hash": "u1hg0p",
        "latitude": 51.1958427,
        "longitude": 6.690083
      },
      "loadFactor": 8
    }
  ]
}