{
  "vehicles": [
    {
      "id": 5629,
      "priceKm": 1.4402042409340243,
      "startLocation": {
        "hash": "u1q546",
        "latitude": 52.5707275755174,
        "longitude": 8.539316008685345
      }
    },
    {
      "id": 9996,
      "priceKm": 2.5704210505724916,
      "startLocation": {
        "hash": "u1r0t7",
        "latitude": 52.13824721827562,
        "longitude": 10.08019555319078
      }
    }
  ],
  "orders": [
    {
      "id": 10573,
      "pickupLocation": {
        "hash": "u0wqdb",
        "latitude": 48.955734,
        "longitude": 8.920005
      },
      "deliveryLocation": {
        "hash": "u0wzms",
        "latitude": 49.112397,
        "longitude": 9.736906
      },
      "loadFactor": 8
    },
    {
      "id": 6089,
      "pickupLocation": {
        "hash": "u32203",
        "latitude": 52.039425,
        "longitude": 11.613103
      },
      "deliveryLocation": {
        "hash": "u2b1cz",
        "latitude": 49.5664132,
        "longitude": 11.3372648
      },
      "loadFactor": 7
    },
    {
      "id": 9438,
      "pickupLocation": {
        "hash": "u0wqdb",
        "latitude": 48.955734,
        "longitude": 8.920005
      },
      "deliveryLocation": {
        "hash": "u0y2xw",
        "latitude": 49.3407322,
        "longitude": 9.1191102
      },
      "loadFactor": 10
    }
  ]
}