{
  "vehicles": [
    {
      "id": 3990,
      "priceKm": 1.5932026272836495,
      "startLocation": {
        "hash": "u1my6s",
        "latitude": 53.15421974873932,
        "longitude": 8.197160870659218
      }
    },
    {
      "id": 1382,
      "priceKm": 2.0486218924681285,
      "startLocation": {
        "hash": "u29wcf",
        "latitude": 49.013245260126546,
        "longitude": 13.441137498883386
      }
    }
  ],
  "orders": [
    {
      "id": 8276,
      "pickupLocation": {
        "hash": "u1r2em",
        "latitude": 52.148021,
        "longitude": 10.348964
      },
      "deliveryLocation": {
        "hash": "u1m5jr",
        "latitude": 52.600356,
        "longitude": 7.266355
      },
      "loadFactor": 7
    },
    {
      "id": 338,
      "pickupLocation": {
        "hash": "u1mxsy",
        "latitude": 53.387024,
        "longitude": 7.952453
      },
      "deliveryLocation": {
        "hash": "u0zxgm",
        "latitude": 50.608652,
        "longitude": 10.692644
      },
      "loadFactor": 8
    },
    {
      "id": 8505,
      "pickupLocation": {
        "hash": "u0wqdb",
        "latitude": 48.955734,
        "longitude": 8.920005
      },
      "deliveryLocation": {
        "hash": "u0wxzs",
        "latitude": 49.2004273,
        "longitude": 9.4754969
      },
      "loadFactor": 9
    }
  ]
}