{
  "vehicles": [
    {
      "id": 8169,
      "priceKm": 1.4085042930862797,
      "startLocation": {
        "hash": "u14mv5",
        "latitude": 51.65335817940785,
        "longitude": 3.3902326920560117
      }
    },
    {
      "id": 2805,
      "priceKm": 1.067076660172117,
      "startLocation": {
        "hash": "u0xk1z",
        "latitude": 48.55938882117523,
        "longitude": 10.276959993875929
      }
    }
  ],
  "orders": [
    {
      "id": 9374,
      "pickupLocation": {
        "hash": "u2c0s2",
        "latitude": 49.308084,
        "longitude": 12.845029
      },
      "deliveryLocation": {
        "hash": "u29s39",
        "latitude": 48.5697486,
        "longitude": 13.4319513
      },
      "loadFactor": 8
    },
    {
      "id": 10807,
      "pickupLocation": {
        "hash": "u2kx33",
        "latitude": 47.687611,
        "longitude": 17.634682
      },
      "deliveryLocation": {
        "hash": "u0zgbn",
        "latitude": 49.91286,
        "longitude": 10.900098
      },
      "loadFactor": 8
    },
    {
      "id": 9432,
      "pickupLocation": {
        "hash": "u0tvfy",
        "latitude": 48.8574219,
        "longitude": 8.2088089
      },
      "deliveryLocation": {
        "hash": "sr3u48",
        "latitude": 41.4876213,
        "longitude": 13.8315134
      },
      "loadFactor": 8
    }
  ]
}