{
  "vehicles": [
    {
      "id": 8056,
      "priceKm": 1.7330675822819088,
      "startLocation": {
        "hash": "u3240m",
        "latitude": 52.414641304534946,
        "longitude": 11.267159311242429
      }
    },
    {
      "id": 8454,
      "priceKm": 1.692856610636152,
      "startLocation": {
        "hash": "u1r82k",
        "latitude": 52.09915754552206,
        "longitude": 10.565840364320154
      }
    }
  ],
  "orders": [
    {
      "id": 9763,
      "pickupLocation": {
        "hash": "u1yv4m",
        "latitude": 55.7507,
        "longitude": 9.593335
      },
      "deliveryLocation": {
        "hash": "u1736x",
        "latitude": 52.2910435,
        "longitude": 4.6833356
      },
      "loadFactor": 7
    },
    {
      "id": 2236,
      "pickupLocation": {
        "hash": "u1mm75",
        "latitude": 52.9721413,
        "longitude": 7.5220861
      },
      "deliveryLocation": {
        "hash": "u1x0es",
        "latitude": 53.5503426,
        "longitude": 10.0006542
      },
      "loadFactor": 4
    },
    {
      "id": 1720,
      "pickupLocation": {
        "hash": "u0zck4",
        "latitude": 49.45385,
        "longitude": 11.077324
      },
      "deliveryLocation": {
        "hash": "u29kw7",
        "latitude": 48.6231918,
        "longitude": 13.2907
      },
      "loadFactor": 5
    }
  ]
}