{
  "vehicles": [
    {
      "id": 4629,
      "priceKm": 2.2655876575559875,
      "startLocation": {
        "hash": "u1y331",
        "latitude": 55.07088372781903,
        "longitude": 8.843416386375441
      }
    },
    {
      "id": 7636,
      "priceKm": 2.12422813042212,
      "startLocation": {
        "hash": "u0sfwj",
        "latitude": 48.28339053791136,
        "longitude": 6.952247741535709
      }
    },
    {
      "id": 6022,
      "priceKm": 2.9178002363555477,
      "startLocation": {
        "hash": "u0qymz",
        "latitude": 47.54404497730755,
        "longitude": 9.75441333800846
      }
    },
    {
      "id": 9755,
      "priceKm": 1.8732668090998164,
      "startLocation": {
        "hash": "u0xkz4",
        "latitude": 48.66272798344362,
        "longitude": 10.505401232644516
      }
    },
    {
      "id": 9648,
      "priceKm": 1.8474717682088317,
      "startLocation": {
        "hash": "u1pzge",
        "latitude": 52.004781708558454,
        "longitude": 11.054094147827094
      }
    },
    {
      "id": 9896,
      "priceKm": 2.3856699758586117,
      "startLocation": {
        "hash": "u23t6h",
        "latitude": 47.35599053096519,
        "longitude": 13.451338677211943
      }
    }
  ],
  "orders": [
    {
      "id": 9431,
      "pickupLocation": {
        "hash": "u0wqdb",
        "latitude": 48.955734,
        "longitude": 8.920005
      },
      "deliveryLocation": {
        "hash": "u0wmhg",
        "latitude": 48.7083702,
        "longitude": 9.003686
      },
      "loadFactor": 7
    },
    {
      "id": 8007,
      "pickupLocation": {
        "hash": "u1hcy3",
        "latitude": 50.941232,
        "longitude": 6.956947
      },
      "deliveryLocation": {
        "hash": "u33db8",
        "latitude": 52.51704,
        "longitude": 13.388855
      },
      "loadFactor": 8
    },
    {
      "id": 7917,
      "pickupLocation": {
        "hash": "u28k82",
        "latitude": 48.605431,
        "longitude": 11.623412
      },
      "deliveryLocation": {
        "hash": "u0xdpc",
        "latitude": 48.170339,
        "longitude": 10.895949
      },
      "loadFactor": 6
    },
    {
      "id": 2841,
      "pickupLocation": {
        "hash": "u334u8",
        "latitude": 52.518784,
        "longitude": 12.85469
      },
      "deliveryLocation": {
        "hash": "u0x576",
        "latitude": 48.398312,
        "longitude": 9.991046
      },
      "loadFactor": 7
    }
  ]
}