{
  "vehicles": [
    {
      "id": 7731,
      "priceKm": 2.700091899731879,
      "startLocation": {
        "hash": "u0x7r7",
        "latitude": 48.40203489995998,
        "longitude": 10.517822842000005
      }
    },
    {
      "id": 1962,
      "priceKm": 2.3679097666730016,
      "startLocation": {
        "hash": "u2dn5f",
        "latitude": 48.880048572016676,
        "longitude": 14.23216493397368
      }
    },
    {
      "id": 1817,
      "priceKm": 2.722593566284514,
      "startLocation": {
        "hash": "u0td57",
        "latitude": 48.18218205846536,
        "longitude": 7.88571228695787
      }
    },
    {
      "id": 9540,
      "priceKm": 1.1044621572024527,
      "startLocation": {
        "hash": "u0x9zu",
        "latitude": 48.143552931692824,
        "longitude": 10.894033107511596
      }
    },
    {
      "id": 7666,
      "priceKm": 2.6642239622911523,
      "startLocation": {
        "hash": "u0z80c",
        "latitude": 49.227956097578186,
        "longitude": 10.58685632518036
      }
    },
    {
      "id": 9272,
      "priceKm": 1.7146554066790458,
      "startLocation": {
        "hash": "u1hr3c",
        "latitude": 51.906079086545944,
        "longitude": 6.062390214983112
      }
    }
  ],
  "orders": [
    {
      "id": 4438,
      "pickupLocation": {
        "hash": "u0zck4",
        "latitude": 49.45385,
        "longitude": 11.077324
      },
      "deliveryLocation": {
        "hash": "u29s39",
        "latitude": 48.5697486,
        "longitude": 13.4319513
      },
      "loadFactor": 8
    },
    {
      "id": 3165,
      "pickupLocation": {
        "hash": "u30cj7",
        "latitude": 50.819904,
        "longitude": 12.539787
      },
      "deliveryLocation": {
        "hash": "u0ycw4",
        "latitude": 49.4971925,
        "longitude": 9.7602916
      },
      "loadFactor": 7
    },
    {
      "id": 8856,
      "pickupLocation": {
        "hash": "u0f0nr",
        "latitude": 49.259963,
        "longitude": 3.090591
      },
      "deliveryLocation": {
        "hash": "spsxen",
        "latitude": 43.5398445,
        "longitude": 6.46558
      },
      "loadFactor": 5
    },
    {
      "id": 716,
      "pickupLocation": {
        "hash": "u1yv4m",
        "latitude": 55.7507,
        "longitude": 9.593335
      },
      "deliveryLocation": {
        "hash": "u2d4vc",
        "latitude": 48.3051521,
        "longitude": 14.3178396
      },
      "loadFactor": 8
    }
  ]
}