{
  "vehicles": [
    {
      "id": 558,
      "priceKm": 2.8630574929119295,
      "startLocation": {
        "hash": "u0e1u8",
        "latitude": 48.12407865286551,
        "longitude": 4.418365329653027
      }
    },
    {
      "id": 3277,
      "priceKm": 1.5835153372442223,
      "startLocation": {
        "hash": "u31nkb",
        "latitude": 51.72659327248409,
        "longitude": 12.874292990683719
      }
    },
    {
      "id": 1073,
      "priceKm": 2.7785083302783624,
      "startLocation": {
        "hash": "u1nf7d",
        "latitude": 51.036575979313916,
        "longitude": 9.6509913934136
      }
    },
    {
      "id": 6226,
      "priceKm": 1.0538631202851716,
      "startLocation": {
        "hash": "u1scvs",
        "latitude": 53.770654045651476,
        "longitude": 6.92882707395787
      }
    },
    {
      "id": 3224,
      "priceKm": 1.103878504654402,
      "startLocation": {
        "hash": "u1n4ty",
        "latitude": 51.100729630148784,
        "longitude": 8.692551016128512
      }
    },
    {
      "id": 1559,
      "priceKm": 1.9375130781869483,
      "startLocation": {
        "hash": "u2857d",
        "latitude": 48.39904996179938,
        "longitude": 11.408992091618902
      }
    }
  ],
  "orders": [
    {
      "id": 724,
      "pickupLocation": {
        "hash": "u28k82",
        "latitude": 48.605431,
        "longitude": 11.623412
      },
      "deliveryLocation": {
        "hash": "u284s1",
        "latitude": 48.258831,
        "longitude": 11.4339294
      },
      "loadFactor": 7
    },
    {
      "id": 5842,
      "pickupLocation": {
        "hash": "u1mr3b",
        "latitude": 53.3106603,
        "longitude": 7.4671401
      },
      "deliveryLocation": {
        "hash": "u0whxn",
        "latitude": 48.6367353,
        "longitude": 8.7469959
      },
      "loadFactor": 7
    },
    {
      "id": 10461,
      "pickupLocation": {
        "hash": "u1511b",
        "latitude": 50.802795,
        "longitude": 4.302606
      },
      "deliveryLocation": {
        "hash": "u28jeb",
        "latitude": 48.7806037,
        "longitude": 11.4232892
      },
      "loadFactor": 6
    },
    {
      "id": 6271,
      "pickupLocation": {
        "hash": "u09qd0",
        "latitude": 48.959139,
        "longitude": 1.855432
      },
      "deliveryLocation": {
        "hash": "u24mmt",
        "latitude": 45.955046,
        "longitude": 14.658455
      },
      "loadFactor": 3
    }
  ]
}