{
  "vehicles": [
    {
      "id": 8112,
      "priceKm": 2.2806057048494024,
      "startLocation": {
        "hash": "u2bcu0",
        "latitude": 49.530166012547795,
        "longitude": 12.488836337135341
      }
    },
    {
      "id": 2166,
      "priceKm": 2.032863285352178,
      "startLocation": {
        "hash": "u1mrsz",
        "latitude": 53.39305725484578,
        "longitude": 7.597296134782869
      }
    },
    {
      "id": 3327,
      "priceKm": 1.5162618643845391,
      "startLocation": {
        "hash": "u1mxnb",
        "latitude": 53.264475818542415,
        "longitude": 8.03349878641794
      }
    },
    {
      "id": 7971,
      "priceKm": 1.8840056264403824,
      "startLocation": {
        "hash": "u2b4s2",
        "latitude": 49.65926240559517,
        "longitude": 11.446588830233233
      }
    },
    {
      "id": 3017,
      "priceKm": 2.585111747337754,
      "startLocation": {
        "hash": "u1v0p5",
        "latitude": 54.86158852376946,
        "longitude": 7.339820675992392
      }
    },
    {
      "id": 170,
      "priceKm": 2.842361809636161,
      "startLocation": {
        "hash": "u0z9eu",
        "latitude": 49.504685602573424,
        "longitude": 10.722068615736664
      }
    }
  ],
  "orders": [
    {
      "id": 2998,
      "pickupLocation": {
        "hash": "u28k82",
        "latitude": 48.605431,
        "longitude": 11.623412
      },
      "deliveryLocation": {
        "hash": "u0x7mx",
        "latitude": 48.42376,
        "longitude": 10.441541
      },
      "loadFactor": 2
    },
    {
      "id": 7392,
      "pickupLocation": {
        "hash": "u1r2em",
        "latitude": 52.148021,
        "longitude": 10.348964
      },
      "deliveryLocation": {
        "hash": "u1t24m",
        "latitude": 53.46956,
        "longitude": 7.482381
      },
      "loadFactor": 8
    },
    {
      "id": 4408,
      "pickupLocation": {
        "hash": "u28k82",
        "latitude": 48.605431,
        "longitude": 11.623412
      },
      "deliveryLocation": {
        "hash": "u28t1c",
        "latitude": 48.700005,
        "longitude": 12.033296
      },
      "loadFactor": 10
    },
    {
      "id": 4330,
      "pickupLocation": {
        "hash": "u30cj7",
        "latitude": 50.819903,
        "longitude": 12.539787
      },
      "deliveryLocation": {
        "hash": "u0zjt6",
        "latitude": 50.1996727,
        "longitude": 10.0780668
      },
      "loadFactor": 6
    }
  ]
}