{
  "vehicles": [
    {
      "id": 4934,
      "priceKm": 1.4108891243445383,
      "startLocation": {
        "hash": "u1xhkq",
        "latitude": 54.219476922033664,
        "longitude": 10.037647646410791
      }
    },
    {
      "id": 1610,
      "priceKm": 1.1436408062204526,
      "startLocation": {
        "hash": "u0chzx",
        "latitude": 50.09232721716274,
        "longitude": 1.7387766808689524
      }
    },
    {
      "id": 3782,
      "priceKm": 2.5748005440956456,
      "startLocation": {
        "hash": "u1m5c5",
        "latitude": 52.71044323873032,
        "longitude": 7.078277904203108
      }
    },
    {
      "id": 6643,
      "priceKm": 1.6194652143544908,
      "startLocation": {
        "hash": "u0buhj",
        "latitude": 49.95286088547238,
        "longitude": 1.2367756427514243
      }
    },
    {
      "id": 6678,
      "priceKm": 2.2959610814140214,
      "startLocation": {
        "hash": "u1q1e1",
        "latitude": 52.301269540477826,
        "longitude": 8.5797005405979
      }
    },
    {
      "id": 7072,
      "priceKm": 1.3603911584986461,
      "startLocation": {
        "hash": "u0vjub",
        "latitude": 50.23257443719058,
        "longitude": 7.24321001792151
      }
    }
  ],
  "orders": [
    {
      "id": 10293,
      "pickupLocation": {
        "hash": "u0f0nr",
        "latitude": 49.259963,
        "longitude": 3.090591
      },
      "deliveryLocation": {
        "hash": "u09s4q",
        "latitude": 48.5485992,
        "longitude": 2.2123251
      },
      "loadFactor": 8
    },
    {
      "id": 8515,
      "pickupLocation": {
        "hash": "u1rdk3",
        "latitude": 52.435841,
        "longitude": 10.742137
      },
      "deliveryLocation": {
        "hash": "u1rd5x",
        "latitude": 52.4238984,
        "longitude": 10.700976
      },
      "loadFactor": 7
    },
    {
      "id": 10560,
      "pickupLocation": {
        "hash": "u1q52c",
        "latitude": 52.609453,
        "longitude": 8.480184
      },
      "deliveryLocation": {
        "hash": "u2bs7q",
        "latitude": 50.0040776,
        "longitude": 12.0972903
      },
      "loadFactor": 7
    },
    {
      "id": 573,
      "pickupLocation": {
        "hash": "u1mxsy",
        "latitude": 53.387024,
        "longitude": 7.952453
      },
      "deliveryLocation": {
        "hash": "u1j3ed",
        "latitude": 50.903489,
        "longitude": 7.540988
      },
      "loadFactor": 8
    }
  ]
}