{
  "vehicles": [
    {
      "id": 9713,
      "priceKm": 1.4387915357357093,
      "startLocation": {
        "hash": "u1v0yk",
        "latitude": 55.00115098497326,
        "longitude": 7.315264574361942
      }
    },
    {
      "id": 4742,
      "priceKm": 1.2702942061756404,
      "startLocation": {
        "hash": "u0rpff",
        "latitude": 47.78420492249899,
        "longitude": 9.973042379854562
      }
    },
    {
      "id": 5771,
      "priceKm": 2.1338767518708277,
      "startLocation": {
        "hash": "u31mvr",
        "latitude": 51.67825236638518,
        "longitude": 13.241105419134412
      }
    },
    {
      "id": 9623,
      "priceKm": 2.011842296235321,
      "startLocation": {
        "hash": "u0z94w",
        "latitude": 49.429201823025146,
        "longitude": 10.665256387762879
      }
    },
    {
      "id": 927,
      "priceKm": 1.1674443410911666,
      "startLocation": {
        "hash": "u0zc00",
        "latitude": 49.398365924569525,
        "longitude": 10.901690071435219
      }
    },
    {
      "id": 3382,
      "priceKm": 1.2063963254786547,
      "startLocation": {
        "hash": "u22t0d",
        "latitude": 47.29639223969283,
        "longitude": 11.977088077957996
      }
    }
  ],
  "orders": [
    {
      "id": 6047,
      "pickupLocation": {
        "hash": "u6s1e9",
        "latitude": 59.3343059,
        "longitude": 17.0381816
      },
      "deliveryLocation": {
        "hash": "u1yv4g",
        "latitude": 55.7394917,
        "longitude": 9.6198204
      },
      "loadFactor": 6
    },
    {
      "id": 4587,
      "pickupLocation": {
        "hash": "u28k82",
        "latitude": 48.605431,
        "longitude": 11.623412
      },
      "deliveryLocation": {
        "hash": "u0xtjk",
        "latitude": 48.717939,
        "longitude": 10.781023
      },
      "loadFactor": 6
    },
    {
      "id": 10299,
      "pickupLocation": {
        "hash": "u0f0nr",
        "latitude": 49.259963,
        "longitude": 3.090591
      },
      "deliveryLocation": {
        "hash": "gbpnqc",
        "latitude": 46.1049652,
        "longitude": -1.1093349
      },
      "loadFactor": 8
    },
    {
      "id": 6790,
      "pickupLocation": {
        "hash": "u1mxsy",
        "latitude": 53.387024,
        "longitude": 7.952453
      },
      "deliveryLocation": {
        "hash": "u0rwek",
        "latitude": 47.570816,
        "longitude": 10.698128
      },
      "loadFactor": 8
    }
  ]
}