{
  "vehicles": [
    {
      "id": 9162,
      "priceKm": 2.2640953495199554,
      "startLocation": {
        "hash": "u2b56k",
        "latitude": 49.81287615411024,
        "longitude": 11.35778143446808
      }
    },
    {
      "id": 9992,
      "priceKm": 2.468451583207008,
      "startLocation": {
        "hash": "u343nq",
        "latitude": 50.83899330512346,
        "longitude": 14.699387724554686
      }
    },
    {
      "id": 2718,
      "priceKm": 1.5452702457335374,
      "startLocation": {
        "hash": "u1qpjk",
        "latitude": 53.286609732071355,
        "longitude": 8.670254850089725
      }
    },
    {
      "id": 1942,
      "priceKm": 2.1648071122652777,
      "startLocation": {
        "hash": "u98rzy",
        "latitude": 54.83606852844991,
        "longitude": 23.201450801164242
      }
    },
    {
      "id": 9127,
      "priceKm": 2.7015623441556755,
      "startLocation": {
        "hash": "spcfb7",
        "latitude": 44.094464959866556,
        "longitude": 2.4740006263077357
      }
    },
    {
      "id": 4293,
      "priceKm": 2.202460901392585,
      "startLocation": {
        "hash": "u2b5rf",
        "latitude": 49.804030904193645,
        "longitude": 11.600195819287192
      }
    }
  ],
  "orders": [
    {
      "id": 10944,
      "pickupLocation": {
        "hash": "ezwgdd",
        "latitude": 42.818857,
        "longitude": -1.644464
      },
      "deliveryLocation": {
        "hash": "u1nezs",
        "latitude": 51.309266,
        "longitude": 9.477016
      },
      "loadFactor": 8
    },
    {
      "id": 3439,
      "pickupLocation": {
        "hash": "u28k82",
        "latitude": 48.605431,
        "longitude": 11.623412
      },
      "deliveryLocation": {
        "hash": "u0xepu",
        "latitude": 48.367243,
        "longitude": 10.898279
      },
      "loadFactor": 7
    },
    {
      "id": 919,
      "pickupLocation": {
        "hash": "u30cj7",
        "latitude": 50.819903,
        "longitude": 12.539787
      },
      "deliveryLocation": {
        "hash": "u0yu3f",
        "latitude": 49.9777077,
        "longitude": 9.5778539
      },
      "loadFactor": 8
    },
    {
      "id": 9842,
      "pickupLocation": {
        "hash": "u0wqdb",
        "latitude": 48.955734,
        "longitude": 8.920005
      },
      "deliveryLocation": {
        "hash": "u0wzms",
        "latitude": 49.112397,
        "longitude": 9.736906
      },
      "loadFactor": 7
    }
  ]
}