{
  "vehicles": [
    {
      "id": 3148,
      "priceKm": 2.365404645772106,
      "startLocation": {
        "hash": "u32t20",
        "latitude": 52.95555683865951,
        "longitude": 11.963769301543838
      }
    },
    {
      "id": 1842,
      "priceKm": 1.3754713871268538,
      "startLocation": {
        "hash": "u4j165",
        "latitude": 56.48832599227981,
        "longitude": 7.12495584100444
      }
    },
    {
      "id": 4548,
      "priceKm": 1.2964045650020501,
      "startLocation": {
        "hash": "u2chzk",
        "latitude": 50.080439765955084,
        "longitude": 12.981166919168277
      }
    },
    {
      "id": 8330,
      "priceKm": 2.7596665182778537,
      "startLocation": {
        "hash": "u29m8w",
        "latitude": 48.816137371270116,
        "longitude": 13.031781646488874
      }
    },
    {
      "id": 7488,
      "priceKm": 2.6518363627743815,
      "startLocation": {
        "hash": "u0wgnt",
        "latitude": 48.36999079458775,
        "longitude": 9.785465852520785
      }
    },
    {
      "id": 9723,
      "priceKm": 1.1923271806544153,
      "startLocation": {
        "hash": "u1nxtj",
        "latitude": 51.973206878959736,
        "longitude": 9.365521911867502
      }
    }
  ],
  "orders": [
    {
      "id": 9023,
      "pickupLocation": {
        "hash": "u1r2em",
        "latitude": 52.148021,
        "longitude": 10.348964
      },
      "deliveryLocation": {
        "hash": "u1m5vb",
        "latitude": 52.694745,
        "longitude": 7.290982
      },
      "loadFactor": 8
    },
    {
      "id": 2879,
      "pickupLocation": {
        "hash": "u09v24",
        "latitude": 48.748668,
        "longitude": 2.463412
      },
      "deliveryLocation": {
        "hash": "u05kn6",
        "latitude": 45.7190114,
        "longitude": 4.8537904
      },
      "loadFactor": 8
    },
    {
      "id": 992,
      "pickupLocation": {
        "hash": "u28k82",
        "latitude": 48.605431,
        "longitude": 11.623412
      },
      "deliveryLocation": {
        "hash": "u0y6hx",
        "latitude": 49.613102,
        "longitude": 8.9953547
      },
      "loadFactor": 7
    },
    {
      "id": 4915,
      "pickupLocation": {
        "hash": "u0wqdb",
        "latitude": 48.955734,
        "longitude": 8.920005
      },
      "deliveryLocation": {
        "hash": "u0wsvh",
        "latitude": 48.6710727,
        "longitude": 9.3633652
      },
      "loadFactor": 8
    }
  ]
}