{
  "vehicles": [
    {
      "id": 5054,
      "priceKm": 2.316935959684418,
      "startLocation": {
        "hash": "u1hwtn",
        "latitude": 51.80482161677975,
        "longitude": 6.5514905503195635
      }
    },
    {
      "id": 7251,
      "priceKm": 1.7708158854303961,
      "startLocation": {
        "hash": "u1ef1j",
        "latitude": 53.82042272811898,
        "longitude": 5.327920800199558
      }
    },
    {
      "id": 6203,
      "priceKm": 2.9123870836401977,
      "startLocation": {
        "hash": "u1j36f",
        "latitude": 50.85623289557101,
        "longitude": 7.505900326440603
      }
    },
    {
      "id": 3158,
      "priceKm": 2.895578161569423,
      "startLocation": {
        "hash": "u1wwzu",
        "latitude": 54.64958883638665,
        "longitude": 9.482971326645123
      }
    },
    {
      "id": 8810,
      "priceKm": 2.168920171933223,
      "startLocation": {
        "hash": "u2b4e1",
        "latitude": 49.66589771721805,
        "longitude": 11.387818261756541
      }
    },
    {
      "id": 8324,
      "priceKm": 1.2627294479371327,
      "startLocation": {
        "hash": "u2c623",
        "latitude": 49.62397950476083,
        "longitude": 13.019792549488347
      }
    }
  ],
  "orders": [
    {
      "id": 8205,
      "pickupLocation": {
        "hash": "u1mxsy",
        "latitude": 53.387024,
        "longitude": 7.952453
      },
      "deliveryLocation": {
        "hash": "u0ykb2",
        "latitude": 50.057673,
        "longitude": 8.805218
      },
      "loadFactor": 8
    },
    {
      "id": 6864,
      "pickupLocation": {
        "hash": "u1m9r4",
        "latitude": 52.2667,
        "longitude": 8.05
      },
      "deliveryLocation": {
        "hash": "u1qt4c",
        "latitude": 52.9169323,
        "longitude": 9.2677061
      },
      "loadFactor": 5
    },
    {
      "id": 7,
      "pickupLocation": {
        "hash": "u30cj7",
        "latitude": 50.819904,
        "longitude": 12.539787
      },
      "deliveryLocation": {
        "hash": "u0z569",
        "latitude": 49.7976194,
        "longitude": 9.9591444
      },
      "loadFactor": 8
    },
    {
      "id": 6959,
      "pickupLocation": {
        "hash": "u1hu9e",
        "latitude": 51.433434,
        "longitude": 6.749769
      },
      "deliveryLocation": {
        "hash": "u0vfbn",
        "latitude": 49.7393298,
        "longitude": 8.0930446
      },
      "loadFactor": 8
    }
  ]
}