{
  "vehicles": [
    {
      "id": 1766,
      "priceKm": 2.574062076757887,
      "startLocation": {
        "hash": "u1kwwb",
        "latitude": 53.17671343014547,
        "longitude": 6.635400002489311
      }
    },
    {
      "id": 7753,
      "priceKm": 2.335785837785245,
      "startLocation": {
        "hash": "u1qjsp",
        "latitude": 53.039989166302774,
        "longitude": 8.61537688390523
      }
    },
    {
      "id": 837,
      "priceKm": 1.2012884913957553,
      "startLocation": {
        "hash": "u2msc3",
        "latitude": 47.25107487335704,
        "longitude": 19.047296037048604
      }
    },
    {
      "id": 5376,
      "priceKm": 2.473441129895628,
      "startLocation": {
        "hash": "u2d58s",
        "latitude": 48.45367113062681,
        "longitude": 14.093094308435823
      }
    },
    {
      "id": 8242,
      "priceKm": 2.9491417187696034,
      "startLocation": {
        "hash": "u1qm1w",
        "latitude": 52.946793781588966,
        "longitude": 8.855255670717082
      }
    },
    {
      "id": 5202,
      "priceKm": 1.744570856066315,
      "startLocation": {
        "hash": "u2ffxq",
        "latitude": 49.69152747702726,
        "longitude": 15.440577194998749
      }
    }
  ],
  "orders": [
    {
      "id": 10828,
      "pickupLocation": {
        "hash": "u0zck4",
        "latitude": 49.45385,
        "longitude": 11.077324
      },
      "deliveryLocation": {
        "hash": "u0zvcw",
        "latitude": 50.2632484,
        "longitude": 10.9688034
      },
      "loadFactor": 9
    },
    {
      "id": 7506,
      "pickupLocation": {
        "hash": "u0yenz",
        "latitude": 49.784752,
        "longitude": 9.44109
      },
      "deliveryLocation": {
        "hash": "u0p6we",
        "latitude": 45.461039,
        "longitude": 10.484535
      },
      "loadFactor": 9
    },
    {
      "id": 4819,
      "pickupLocation": {
        "hash": "u1m9r4",
        "latitude": 52.2667,
        "longitude": 8.05
      },
      "deliveryLocation": {
        "hash": "u0vnk1",
        "latitude": 50.3243394,
        "longitude": 7.2127246
      },
      "loadFactor": 8
    },
    {
      "id": 6595,
      "pickupLocation": {
        "hash": "u23rbv",
        "latitude": 47.8001976,
        "longitude": 13.0410585
      },
      "deliveryLocation": {
        "hash": "u14sc2",
        "latitude": 51.4608498,
        "longitude": 3.5713151
      },
      "loadFactor": 8
    }
  ]
}