{
  "vehicles": [
    {
      "id": 4770,
      "priceKm": 1.3129644321393263,
      "startLocation": {
        "hash": "u1qbc6",
        "latitude": 52.17867168674947,
        "longitude": 9.551815876166131
      }
    },
    {
      "id": 2818,
      "priceKm": 2.399951283299386,
      "startLocation": {
        "hash": "u0x2xn",
        "latitude": 47.936595688156814,
        "longitude": 10.505381058301579
      }
    },
    {
      "id": 1700,
      "priceKm": 2.197031037103879,
      "startLocation": {
        "hash": "u2bz74",
        "latitude": 50.504733639259484,
        "longitude": 12.438069763865464
      }
    },
    {
      "id": 9256,
      "priceKm": 1.3749310953619598,
      "startLocation": {
        "hash": "u1x19z",
        "latitude": 53.74163976811904,
        "longitude": 9.928203605051124
      }
    }
  ],
  "orders": [
    {
      "id": 843,
      "pickupLocation": {
        "hash": "u1hu9e",
        "latitude": 51.433434,
        "longitude": 6.749769
      },
      "deliveryLocation": {
        "hash": "u0zdxs",
        "latitude": 49.6842728,
        "longitude": 10.8771582
      },
      "loadFactor": 8
    },
    {
      "id": 3402,
      "pickupLocation": {
        "hash": "u3b7ku",
        "latitude": 55.4386032,
        "longitude": 11.8119553
      },
      "deliveryLocation": {
        "hash": "u31fs0",
        "latitude": 51.0674995,
        "longitude": 13.8885824
      },
      "loadFactor": 8
    }
  ]
}