{
  "vehicles": [
    {
      "id": 6083,
      "priceKm": 2.3823077701939166,
      "startLocation": {
        "hash": "u0xst0",
        "latitude": 48.60501894607877,
        "longitude": 10.773676793521211
      }
    },
    {
      "id": 3947,
      "priceKm": 2.6516489159904864,
      "startLocation": {
        "hash": "u1pw63",
        "latitude": 51.72952897767861,
        "longitude": 10.65446798711206
      }
    },
    {
      "id": 2756,
      "priceKm": 1.0475641782919416,
      "startLocation": {
        "hash": "u30tv5",
        "latitude": 51.65571461448432,
        "longitude": 12.179105556255639
      }
    },
    {
      "id": 1037,
      "priceKm": 1.0499589107177512,
      "startLocation": {
        "hash": "u29jwh",
        "latitude": 48.80417403245808,
        "longitude": 12.927111817010971
      }
    }
  ],
  "orders": [
    {
      "id": 1191,
      "pickupLocation": {
        "hash": "u1mpd8",
        "latitude": 53.351613,
        "longitude": 7.147359
      },
      "deliveryLocation": {
        "hash": "u1ye73",
        "latitude": 55.425971,
        "longitude": 9.293642
      },
      "loadFactor": 8
    },
    {
      "id": 316,
      "pickupLocation": {
        "hash": "u1ngm0",
        "latitude": 51.2,
        "longitude": 9.71667
      },
      "deliveryLocation": {
        "hash": "u0y1vh",
        "latitude": 49.552304,
        "longitude": 8.666455
      },
      "loadFactor": 9
    }
  ]
}