{
  "vehicles": [
    {
      "id": 7547,
      "priceKm": 1.12209995393976,
      "startLocation": {
        "hash": "u0wd2h",
        "latitude": 48.23215813521485,
        "longitude": 9.14238110429983
      }
    },
    {
      "id": 4422,
      "priceKm": 2.9092646295333227,
      "startLocation": {
        "hash": "u2d5hk",
        "latitude": 48.36418150923754,
        "longitude": 14.255024618228882
      }
    },
    {
      "id": 77,
      "priceKm": 1.7050957515477323,
      "startLocation": {
        "hash": "u2d08z",
        "latitude": 47.939643349428884,
        "longitude": 14.105017556585743
      }
    },
    {
      "id": 7503,
      "priceKm": 1.2795657498818824,
      "startLocation": {
        "hash": "u1kwx4",
        "latitude": 53.18532424003582,
        "longitude": 6.64534900865784
      }
    }
  ],
  "orders": [
    {
      "id": 10968,
      "pickupLocation": {
        "hash": "u0wqdb",
        "latitude": 48.955734,
        "longitude": 8.920005
      },
      "deliveryLocation": {
        "hash": "u0wscj",
        "latitude": 48.677525,
        "longitude": 9.1953218
      },
      "loadFactor": 7
    },
    {
      "id": 7888,
      "pickupLocation": {
        "hash": "u28k82",
        "latitude": 48.605431,
        "longitude": 11.623412
      },
      "deliveryLocation": {
        "hash": "u286b2",
        "latitude": 48.3,
        "longitude": 11.6167
      },
      "loadFactor": 8
    }
  ]
}