{
  "vehicles": [
    {
      "id": 7197,
      "priceKm": 1.1570651604782956,
      "startLocation": {
        "hash": "u1tdz2",
        "latitude": 53.925016891762574,
        "longitude": 8.059935068468722
      }
    },
    {
      "id": 3438,
      "priceKm": 2.487132791497336,
      "startLocation": {
        "hash": "u1rtmt",
        "latitude": 52.986595196857856,
        "longitude": 10.798960426048868
      }
    },
    {
      "id": 8129,
      "priceKm": 2.5176184785521674,
      "startLocation": {
        "hash": "u2g2pd",
        "latitude": 49.234883042976996,
        "longitude": 16.153111501392246
      }
    },
    {
      "id": 1719,
      "priceKm": 2.703390267386647,
      "startLocation": {
        "hash": "u1j5x0",
        "latitude": 51.24264783458301,
        "longitude": 7.349782271202095
      }
    }
  ],
  "orders": [
    {
      "id": 5703,
      "pickupLocation": {
        "hash": "u0spxz",
        "latitude": 49.169743,
        "longitude": 5.968539
      },
      "deliveryLocation": {
        "hash": "spewzt",
        "latitude": 43.405634,
        "longitude": 5.2577928
      },
      "loadFactor": 3
    },
    {
      "id": 2917,
      "pickupLocation": {
        "hash": "u0cbft",
        "latitude": 49.379856,
        "longitude": 2.581037
      },
      "deliveryLocation": {
        "hash": "u09w18",
        "latitude": 48.8693886,
        "longitude": 2.1808839
      },
      "loadFactor": 8
    }
  ]
}