{
  "vehicles": [
    {
      "id": 5510,
      "priceKm": 1.4673116514665263,
      "startLocation": {
        "hash": "u29638",
        "latitude": 48.21131918890727,
        "longitude": 13.073793080191543
      }
    },
    {
      "id": 2333,
      "priceKm": 1.9065539898745736,
      "startLocation": {
        "hash": "u1kq10",
        "latitude": 53.0874024547984,
        "longitude": 6.026835255377377
      }
    },
    {
      "id": 1746,
      "priceKm": 1.3867795995303418,
      "startLocation": {
        "hash": "u048gn",
        "latitude": 45.166130234372204,
        "longitude": 3.6488959496236832
      }
    },
    {
      "id": 8150,
      "priceKm": 2.4706576273209704,
      "startLocation": {
        "hash": "u22tk9",
        "latitude": 47.3385501319671,
        "longitude": 12.151426037363034
      }
    }
  ],
  "orders": [
    {
      "id": 7868,
      "pickupLocation": {
        "hash": "u0wqdb",
        "latitude": 48.955734,
        "longitude": 8.920005
      },
      "deliveryLocation": {
        "hash": "u0xjv2",
        "latitude": 48.8275283,
        "longitude": 10.0781045
      },
      "loadFactor": 7
    },
    {
      "id": 1699,
      "pickupLocation": {
        "hash": "u2s1vq",
        "latitude": 48.153538,
        "longitude": 17.109671
      },
      "deliveryLocation": {
        "hash": "u28hgt",
        "latitude": 48.677765,
        "longitude": 11.411769
      },
      "loadFactor": 5
    }
  ]
}