{
  "vehicles": [
    {
      "id": 7025,
      "priceKm": 2.75680777901363,
      "startLocation": {
        "hash": "u1jrrw",
        "latitude": 51.93651135026081,
        "longitude": 7.714561050441826
      }
    },
    {
      "id": 7118,
      "priceKm": 2.745225373109477,
      "startLocation": {
        "hash": "u1s9u5",
        "latitude": 53.76413238384561,
        "longitude": 6.5049221721197155
      }
    },
    {
      "id": 2382,
      "priceKm": 1.448416987637407,
      "startLocation": {
        "hash": "u0guwk",
        "latitude": 50.036554028221296,
        "longitude": 5.550894547675813
      }
    },
    {
      "id": 55,
      "priceKm": 1.5507615358411464,
      "startLocation": {
        "hash": "u1pbrn",
        "latitude": 50.705217059761125,
        "longitude": 11.213637802577162
      }
    }
  ],
  "orders": [
    {
      "id": 268,
      "pickupLocation": {
        "hash": "u0tddp",
        "latitude": 48.295226,
        "longitude": 7.823876
      },
      "deliveryLocation": {
        "hash": "u334s3",
        "latitude": 52.476925,
        "longitude": 12.844397
      },
      "loadFactor": 6
    },
    {
      "id": 5081,
      "pickupLocation": {
        "hash": "u1huxx",
        "latitude": 51.455206,
        "longitude": 7.012273
      },
      "deliveryLocation": {
        "hash": "u1jh7t",
        "latitude": 51.4007187,
        "longitude": 7.1862488
      },
      "loadFactor": 8
    }
  ]
}