{
  "vehicles": [
    {
      "id": 2527,
      "priceKm": 1.9530411904012548,
      "startLocation": {
        "hash": "u17fer",
        "latitude": 52.513576187670814,
        "longitude": 5.419704458179547
      }
    },
    {
      "id": 5154,
      "priceKm": 1.743260255889581,
      "startLocation": {
        "hash": "u2b2jh",
        "latitude": 49.24242792793592,
        "longitude": 11.828690787612402
      }
    },
    {
      "id": 5175,
      "priceKm": 2.569047474733168,
      "startLocation": {
        "hash": "u2chrw",
        "latitude": 49.99927306629012,
        "longitude": 12.992267375300031
      }
    },
    {
      "id": 8063,
      "priceKm": 2.8439735130165347,
      "startLocation": {
        "hash": "u2w107",
        "latitude": 48.007979239808286,
        "longitude": 19.70914477337283
      }
    }
  ],
  "orders": [
    {
      "id": 4611,
      "pickupLocation": {
        "hash": "u1q52c",
        "latitude": 52.609453,
        "longitude": 8.480184
      },
      "deliveryLocation": {
        "hash": "u17bed",
        "latitude": 52.130355,
        "longitude": 5.428699
      },
      "loadFactor": 7
    },
    {
      "id": 6573,
      "pickupLocation": {
        "hash": "u30cj7",
        "latitude": 50.819903,
        "longitude": 12.539787
      },
      "deliveryLocation": {
        "hash": "u1pb2e",
        "latitude": 50.6892005,
        "longitude": 10.9231149
      },
      "loadFactor": 6
    }
  ]
}