{
  "vehicles": [
    {
      "id": 912,
      "priceKm": 1.074021483099843,
      "startLocation": {
        "hash": "u1npj4",
        "latitude": 51.86922089312633,
        "longitude": 8.658867559442763
      }
    },
    {
      "id": 4694,
      "priceKm": 2.1771167986266975,
      "startLocation": {
        "hash": "u31h8n",
        "latitude": 51.4519203368828,
        "longitude": 12.660232102803887
      }
    },
    {
      "id": 226,
      "priceKm": 2.0270060898069726,
      "startLocation": {
        "hash": "ezz2eq",
        "latitude": 43.71558164559038,
        "longitude": -0.9030825519855437
      }
    },
    {
      "id": 1618,
      "priceKm": 2.08973981871904,
      "startLocation": {
        "hash": "u2bkrg",
        "latitude": 49.98382342797327,
        "longitude": 11.944438722525875
      }
    }
  ],
  "orders": [
    {
      "id": 2388,
      "pickupLocation": {
        "hash": "u1q52c",
        "latitude": 52.609453,
        "longitude": 8.480184
      },
      "deliveryLocation": {
        "hash": "u0w181",
        "latitude": 48.0846281,
        "longitude": 8.448051
      },
      "loadFactor": 4
    },
    {
      "id": 10185,
      "pickupLocation": {
        "hash": "u38s58",
        "latitude": 54.1429785,
        "longitude": 12.1076759
      },
      "deliveryLocation": {
        "hash": "u1hg0p",
        "latitude": 51.195843,
        "longitude": 6.690083
      },
      "loadFactor": 7
    }
  ]
}