{
  "vehicles": [
    {
      "id": 4552,
      "priceKm": 2.9528561732927,
      "startLocation": {
        "hash": "u2cbu3",
        "latitude": 49.357179582449355,
        "longitude": 13.903241474799714
      }
    },
    {
      "id": 6798,
      "priceKm": 2.883866739368247,
      "startLocation": {
        "hash": "u0zrck",
        "latitude": 50.60641077061686,
        "longitude": 10.252613371978564
      }
    },
    {
      "id": 4048,
      "priceKm": 1.6634655219136414,
      "startLocation": {
        "hash": "u0wu4u",
        "latitude": 48.53819951316519,
        "longitude": 9.618466330099185
      }
    },
    {
      "id": 2692,
      "priceKm": 1.3284933777253318,
      "startLocation": {
        "hash": "u311p2",
        "latitude": 50.805481116422136,
        "longitude": 12.978169892430415
      }
    }
  ],
  "orders": [
    {
      "id": 10458,
      "pickupLocation": {
        "hash": "u0b1x4",
        "latitude": 49.496622,
        "longitude": 0.316745
      },
      "deliveryLocation": {
        "hash": "u140h7",
        "latitude": 50.6448883,
        "longitude": 3.0086136
      },
      "loadFactor": 7
    },
    {
      "id": 7286,
      "pickupLocation": {
        "hash": "u05f7b",
        "latitude": 45.3978004,
        "longitude": 5.44912
      },
      "deliveryLocation": {
        "hash": "u0b1dd",
        "latitude": 49.493757,
        "longitude": 0.120504
      },
      "loadFactor": 3
    }
  ]
}