{
  "vehicles": [
    {
      "id": 2504,
      "priceKm": 1.3008362413440768,
      "startLocation": {
        "hash": "u08spg",
        "latitude": 48.534487731300004,
        "longitude": 1.0453345113047068
      }
    },
    {
      "id": 9268,
      "priceKm": 2.8260790386283015,
      "startLocation": {
        "hash": "u0utxe",
        "latitude": 50.20313832198097,
        "longitude": 6.665774995812554
      }
    },
    {
      "id": 4186,
      "priceKm": 1.159212085451272,
      "startLocation": {
        "hash": "u1xtus",
        "latitude": 54.47235897992562,
        "longitude": 10.754361559110848
      }
    },
    {
      "id": 3828,
      "priceKm": 2.015618522921435,
      "startLocation": {
        "hash": "u1w8c2",
        "latitude": 53.57259499342066,
        "longitude": 9.20198471337941
      }
    }
  ],
  "orders": [
    {
      "id": 6654,
      "pickupLocation": {
        "hash": "u28hgt",
        "latitude": 48.677765,
        "longitude": 11.411769
      },
      "deliveryLocation": {
        "hash": "u28k82",
        "latitude": 48.605431,
        "longitude": 11.623412
      },
      "loadFactor": 5
    },
    {
      "id": 2984,
      "pickupLocation": {
        "hash": "u30u9s",
        "latitude": 51.439009,
        "longitude": 12.371469
      },
      "deliveryLocation": {
        "hash": "u0yu3f",
        "latitude": 49.9777077,
        "longitude": 9.5778539
      },
      "loadFactor": 8
    }
  ]
}