{
  "vehicles": [
    {
      "id": 417,
      "priceKm": 1.7976168436320215,
      "startLocation": {
        "hash": "u0qz1m",
        "latitude": 47.665585616353795,
        "longitude": 9.549928438724905
      }
    },
    {
      "id": 6494,
      "priceKm": 1.7270026769552251,
      "startLocation": {
        "hash": "u1wdgp",
        "latitude": 53.95982862564575,
        "longitude": 9.276380934671822
      }
    }
  ],
  "orders": [
    {
      "id": 9027,
      "pickupLocation": {
        "hash": "u0wqdb",
        "latitude": 48.955734,
        "longitude": 8.920005
      },
      "deliveryLocation": {
        "hash": "u0wx98",
        "latitude": 49.1346901,
        "longitude": 9.2159604
      },
      "loadFactor": 6
    },
    {
      "id": 9100,
      "pickupLocation": {
        "hash": "u28k82",
        "latitude": 48.605431,
        "longitude": 11.623412
      },
      "deliveryLocation": {
        "hash": "u22pxn",
        "latitude": 47.761063,
        "longitude": 11.55829
      },
      "loadFactor": 6
    },
    {
      "id": 3720,
      "pickupLocation": {
        "hash": "u0zchs",
        "latitude": 49.419392,
        "longitude": 11.098348
      },
      "deliveryLocation": {
        "hash": "u29s66",
        "latitude": 48.574014,
        "longitude": 13.460645
      },
      "loadFactor": 8
    },
    {
      "id": 1109,
      "pickupLocation": {
        "hash": "u0wqdb",
        "latitude": 48.955734,
        "longitude": 8.920005
      },
      "deliveryLocation": {
        "hash": "u0wzms",
        "latitude": 49.1123962,
        "longitude": 9.7369061
      },
      "loadFactor": 6
    },
    {
      "id": 5511,
      "pickupLocation": {
        "hash": "u30u9s",
        "latitude": 51.4390106,
        "longitude": 12.3714685
      },
      "deliveryLocation": {
        "hash": "u0z560",
        "latitude": 49.79245,
        "longitude": 9.9329662
      },
      "loadFactor": 4
    },
    {
      "id": 3855,
      "pickupLocation": {
        "hash": "u0wqdb",
        "latitude": 48.955734,
        "longitude": 8.920005
      },
      "deliveryLocation": {
        "hash": "u0wscf",
        "latitude": 48.6617737,
        "longitude": 9.2236786
      },
      "loadFactor": 7
    }
  ]
}