{
  "vehicles": [
    {
      "id": 1757,
      "priceKm": 2.4644875917071394,
      "startLocation": {
        "hash": "u1kugy",
        "latitude": 52.90154881043178,
        "longitude": 6.855116062578295
      }
    },
    {
      "id": 4693,
      "priceKm": 2.8998457937750213,
      "startLocation": {
        "hash": "u1r8x8",
        "latitude": 52.119516322045754,
        "longitude": 10.883510794713665
      }
    }
  ],
  "orders": [
    {
      "id": 4722,
      "pickupLocation": {
        "hash": "u1q52c",
        "latitude": 52.609453,
        "longitude": 8.480184
      },
      "deliveryLocation": {
        "hash": "u1j2me",
        "latitude": 50.6876329,
        "longitude": 7.6328285
      },
      "loadFactor": 7
    },
    {
      "id": 8867,
      "pickupLocation": {
        "hash": "u3k3xt",
        "latitude": 52.324619,
        "longitude": 17.56506
      },
      "deliveryLocation": {
        "hash": "u2fhgq",
        "latitude": 50.088879,
        "longitude": 14.212565
      },
      "loadFactor": 2
    },
    {
      "id": 5427,
      "pickupLocation": {
        "hash": "u28k82",
        "latitude": 48.605431,
        "longitude": 11.623412
      },
      "deliveryLocation": {
        "hash": "u286m1",
        "latitude": 48.216725,
        "longitude": 11.825342
      },
      "loadFactor": 6
    },
    {
      "id": 1063,
      "pickupLocation": {
        "hash": "u28k82",
        "latitude": 48.605431,
        "longitude": 11.623412
      },
      "deliveryLocation": {
        "hash": "u0x57d",
        "latitude": 48.395497,
        "longitude": 10.00589
      },
      "loadFactor": 9
    },
    {
      "id": 10863,
      "pickupLocation": {
        "hash": "u28k82",
        "latitude": 48.605431,
        "longitude": 11.623412
      },
      "deliveryLocation": {
        "hash": "u28775",
        "latitude": 48.400733,
        "longitude": 11.743653
      },
      "loadFactor": 4
    },
    {
      "id": 7686,
      "pickupLocation": {
        "hash": "u28jkj",
        "latitude": 48.765933,
        "longitude": 11.431703
      },
      "deliveryLocation": {
        "hash": "u1mpeg",
        "latitude": 53.36696,
        "longitude": 7.20595
      },
      "loadFactor": 8
    }
  ]
}