{
  "vehicles": [
    {
      "id": 560,
      "priceKm": 2.281978994329976,
      "startLocation": {
        "hash": "u1pq7j",
        "latitude": 51.755689121741725,
        "longitude": 10.328962059695428
      }
    },
    {
      "id": 9203,
      "priceKm": 2.189166359247242,
      "startLocation": {
        "hash": "u1m8c5",
        "latitude": 52.183883276723975,
        "longitude": 7.782410275597809
      }
    }
  ],
  "orders": [
    {
      "id": 7161,
      "pickupLocation": {
        "hash": "u1mxsy",
        "latitude": 53.387024,
        "longitude": 7.952453
      },
      "deliveryLocation": {
        "hash": "u1puu0",
        "latitude": 51.462774,
        "longitude": 11.07461
      },
      "loadFactor": 8
    },
    {
      "id": 3887,
      "pickupLocation": {
        "hash": "u2kx33",
        "latitude": 47.687611,
        "longitude": 17.634682
      },
      "deliveryLocation": {
        "hash": "u1jme7",
        "latitude": 51.6104829,
        "longitude": 7.5285074
      },
      "loadFactor": 8
    },
    {
      "id": 9097,
      "pickupLocation": {
        "hash": "u1mxsy",
        "latitude": 53.387024,
        "longitude": 7.952453
      },
      "deliveryLocation": {
        "hash": "u0ys21",
        "latitude": 49.9739,
        "longitude": 9.14917
      },
      "loadFactor": 8
    },
    {
      "id": 3932,
      "pickupLocation": {
        "hash": "u0wqdb",
        "latitude": 48.955734,
        "longitude": 8.920005
      },
      "deliveryLocation": {
        "hash": "u0wvzd",
        "latitude": 48.835287,
        "longitude": 9.8231574
      },
      "loadFactor": 8
    },
    {
      "id": 3153,
      "pickupLocation": {
        "hash": "u0f0nr",
        "latitude": 49.259963,
        "longitude": 3.090591
      },
      "deliveryLocation": {
        "hash": "u076nd",
        "latitude": 46.7691439,
        "longitude": 4.8643687
      },
      "loadFactor": 8
    },
    {
      "id": 1297,
      "pickupLocation": {
        "hash": "u1yv4m",
        "latitude": 55.7507,
        "longitude": 9.593335
      },
      "deliveryLocation": {
        "hash": "u0vqcb",
        "latitude": 50.4062232,
        "longitude": 7.4699548
      },
      "loadFactor": 8
    }
  ]
}