{
  "vehicles": [
    {
      "id": 8234,
      "priceKm": 2.3553296180276835,
      "startLocation": {
        "hash": "u0w0g1",
        "latitude": 47.951617324571785,
        "longitude": 8.570996903383946
      }
    },
    {
      "id": 8594,
      "priceKm": 2.1160378436351763,
      "startLocation": {
        "hash": "eztxeq",
        "latitude": 43.539442873364266,
        "longitude": -3.3720832445401085
      }
    }
  ],
  "orders": [
    {
      "id": 2525,
      "pickupLocation": {
        "hash": "u1hu9e",
        "latitude": 51.433434,
        "longitude": 6.749769
      },
      "deliveryLocation": {
        "hash": "u38dj0",
        "latitude": 53.793652,
        "longitude": 12.175966
      },
      "loadFactor": 8
    },
    {
      "id": 8324,
      "pickupLocation": {
        "hash": "u2fwg0",
        "latitude": 50.4095039,
        "longitude": 14.9040823
      },
      "deliveryLocation": {
        "hash": "u0pf6p",
        "latitude": 45.438222,
        "longitude": 10.993554
      },
      "loadFactor": 8
    },
    {
      "id": 6599,
      "pickupLocation": {
        "hash": "u28k82",
        "latitude": 48.605431,
        "longitude": 11.623412
      },
      "deliveryLocation": {
        "hash": "u281z7",
        "latitude": 48.137272,
        "longitude": 11.575482
      },
      "loadFactor": 7
    },
    {
      "id": 9455,
      "pickupLocation": {
        "hash": "u28usk",
        "latitude": 48.630081,
        "longitude": 12.497743
      },
      "deliveryLocation": {
        "hash": "u292vw",
        "latitude": 47.980236,
        "longitude": 13.25486
      },
      "loadFactor": 7
    },
    {
      "id": 9670,
      "pickupLocation": {
        "hash": "u1mxsy",
        "latitude": 53.387024,
        "longitude": 7.952453
      },
      "deliveryLocation": {
        "hash": "u0y12p",
        "latitude": 49.479236,
        "longitude": 8.439117
      },
      "loadFactor": 8
    },
    {
      "id": 7002,
      "pickupLocation": {
        "hash": "sp37gy",
        "latitude": 41.476918,
        "longitude": 1.928397
      },
      "deliveryLocation": {
        "hash": "u1mpeg",
        "latitude": 53.36696,
        "longitude": 7.20595
      },
      "loadFactor": 8
    }
  ]
}