{
  "vehicles": [
    {
      "id": 3547,
      "priceKm": 1.3633050268049232,
      "startLocation": {
        "hash": "u2ebj1",
        "latitude": 47.822845139584395,
        "longitude": 16.75312523257178
      }
    },
    {
      "id": 9059,
      "priceKm": 1.0453349099430944,
      "startLocation": {
        "hash": "u15q93",
        "latitude": 51.77810088255172,
        "longitude": 4.6301730855909025
      }
    }
  ],
  "orders": [
    {
      "id": 9437,
      "pickupLocation": {
        "hash": "u0wqdb",
        "latitude": 48.955734,
        "longitude": 8.920005
      },
      "deliveryLocation": {
        "hash": "u0y2xw",
        "latitude": 49.340711,
        "longitude": 9.1193621
      },
      "loadFactor": 8
    },
    {
      "id": 1984,
      "pickupLocation": {
        "hash": "u0wqdb",
        "latitude": 48.955734,
        "longitude": 8.920005
      },
      "deliveryLocation": {
        "hash": "u0wv1h",
        "latitude": 48.7166561,
        "longitude": 9.5368774
      },
      "loadFactor": 4
    },
    {
      "id": 3656,
      "pickupLocation": {
        "hash": "u1q52c",
        "latitude": 52.609453,
        "longitude": 8.480184
      },
      "deliveryLocation": {
        "hash": "u0ts3g",
        "latitude": 48.5761791,
        "longitude": 7.8192615
      },
      "loadFactor": 4
    },
    {
      "id": 9148,
      "pickupLocation": {
        "hash": "u0zchs",
        "latitude": 49.419392,
        "longitude": 11.098348
      },
      "deliveryLocation": {
        "hash": "u2bqr0",
        "latitude": 50.3219032,
        "longitude": 11.917881
      },
      "loadFactor": 6
    },
    {
      "id": 7451,
      "pickupLocation": {
        "hash": "u09qd0",
        "latitude": 48.959139,
        "longitude": 1.855432
      },
      "deliveryLocation": {
        "hash": "u09ws6",
        "latitude": 48.9708759,
        "longitude": 2.3034849
      },
      "loadFactor": 8
    },
    {
      "id": 1176,
      "pickupLocation": {
        "hash": "u1tb82",
        "latitude": 53.5278778,
        "longitude": 8.1063013
      },
      "deliveryLocation": {
        "hash": "u1nezs",
        "latitude": 51.309266,
        "longitude": 9.477016
      },
      "loadFactor": 7
    }
  ]
}