{
  "vehicles": [
    {
      "id": 9787,
      "priceKm": 1.4575824744873556,
      "startLocation": {
        "hash": "u4p1d7",
        "latitude": 56.53352285086878,
        "longitude": 9.9435594717409
      }
    },
    {
      "id": 8575,
      "priceKm": 1.0535784350042465,
      "startLocation": {
        "hash": "u28svb",
        "latitude": 48.65102080706252,
        "longitude": 12.211781703363217
      }
    }
  ],
  "orders": [
    {
      "id": 4270,
      "pickupLocation": {
        "hash": "u30bs3",
        "latitude": 50.718504,
        "longitude": 12.493927
      },
      "deliveryLocation": {
        "hash": "u1huxx",
        "latitude": 51.455206,
        "longitude": 7.012273
      },
      "loadFactor": 6
    },
    {
      "id": 654,
      "pickupLocation": {
        "hash": "u1mr2f",
        "latitude": 53.3196983,
        "longitude": 7.42273
      },
      "deliveryLocation": {
        "hash": "u0t8fp",
        "latitude": 47.9848418,
        "longitude": 7.8261224
      },
      "loadFactor": 8
    },
    {
      "id": 10323,
      "pickupLocation": {
        "hash": "u1yv4k",
        "latitude": 55.7500432,
        "longitude": 9.5962215
      },
      "deliveryLocation": {
        "hash": "u1k380",
        "latitude": 52.299914,
        "longitude": 5.9841702
      },
      "loadFactor": 3
    },
    {
      "id": 4530,
      "pickupLocation": {
        "hash": "u2c0s2",
        "latitude": 49.308084,
        "longitude": 12.845029
      },
      "deliveryLocation": {
        "hash": "u0zfg8",
        "latitude": 49.7055719,
        "longitude": 11.0608077
      },
      "loadFactor": 7
    },
    {
      "id": 8255,
      "pickupLocation": {
        "hash": "u0wqdb",
        "latitude": 48.955734,
        "longitude": 8.920005
      },
      "deliveryLocation": {
        "hash": "u0wmt5",
        "latitude": 48.7997475,
        "longitude": 9.0127573
      },
      "loadFactor": 7
    },
    {
      "id": 9928,
      "pickupLocation": {
        "hash": "u28k82",
        "latitude": 48.605431,
        "longitude": 11.623412
      },
      "deliveryLocation": {
        "hash": "u0rq3c",
        "latitude": 47.513536,
        "longitude": 10.281931
      },
      "loadFactor": 8
    }
  ]
}