{
  "vehicles": [
    {
      "id": 4709,
      "priceKm": 1.2455672014736845,
      "startLocation": {
        "hash": "u0vkx8",
        "latitude": 50.010114626576616,
        "longitude": 7.722975654409289
      }
    },
    {
      "id": 3013,
      "priceKm": 2.921376733408681,
      "startLocation": {
        "hash": "u1q80k",
        "latitude": 52.055133525679395,
        "longitude": 9.1545675396047
      }
    }
  ],
  "orders": [
    {
      "id": 4544,
      "pickupLocation": {
        "hash": "u0wqdb",
        "latitude": 48.955734,
        "longitude": 8.920005
      },
      "deliveryLocation": {
        "hash": "u0wzms",
        "latitude": 49.112397,
        "longitude": 9.736906
      },
      "loadFactor": 8
    },
    {
      "id": 2735,
      "pickupLocation": {
        "hash": "u28k82",
        "latitude": 48.605431,
        "longitude": 11.623412
      },
      "deliveryLocation": {
        "hash": "u28jkj",
        "latitude": 48.765933,
        "longitude": 11.431703
      },
      "loadFactor": 6
    },
    {
      "id": 9790,
      "pickupLocation": {
        "hash": "u1ye7u",
        "latitude": 55.4378931,
        "longitude": 9.3076099
      },
      "deliveryLocation": {
        "hash": "u1m9rg",
        "latitude": 52.2716705,
        "longitude": 8.0857114
      },
      "loadFactor": 8
    },
    {
      "id": 207,
      "pickupLocation": {
        "hash": "u0wqdb",
        "latitude": 48.955734,
        "longitude": 8.920005
      },
      "deliveryLocation": {
        "hash": "u0xnqr",
        "latitude": 48.9538589,
        "longitude": 10.1184655
      },
      "loadFactor": 7
    },
    {
      "id": 3031,
      "pickupLocation": {
        "hash": "u1rdk3",
        "latitude": 52.435841,
        "longitude": 10.742137
      },
      "deliveryLocation": {
        "hash": "u1nsmy",
        "latitude": 51.4081612,
        "longitude": 9.4023533
      },
      "loadFactor": 7
    },
    {
      "id": 9339,
      "pickupLocation": {
        "hash": "u2gtdh",
        "latitude": 50.212498,
        "longitude": 16.262725
      },
      "deliveryLocation": {
        "hash": "u0mhn0",
        "latitude": 47.109917,
        "longitude": 7.298819
      },
      "loadFactor": 8
    }
  ]
}