{
  "vehicles": [
    {
      "id": 6372,
      "priceKm": 1.3419966384351918,
      "startLocation": {
        "hash": "u2w5ev",
        "latitude": 48.458196115244434,
        "longitude": 19.863090730553857
      }
    },
    {
      "id": 1454,
      "priceKm": 2.7718335667282528,
      "startLocation": {
        "hash": "u21260",
        "latitude": 45.047830531293236,
        "longitude": 13.10103289613558
      }
    }
  ],
  "orders": [
    {
      "id": 3887,
      "pickupLocation": {
        "hash": "u2kx33",
        "latitude": 47.687611,
        "longitude": 17.634682
      },
      "deliveryLocation": {
        "hash": "u1jme7",
        "latitude": 51.6104829,
        "longitude": 7.5285074
      },
      "loadFactor": 8
    },
    {
      "id": 6778,
      "pickupLocation": {
        "hash": "u09qd0",
        "latitude": 48.959139,
        "longitude": 1.855432
      },
      "deliveryLocation": {
        "hash": "u0fp72",
        "latitude": 50.493415,
        "longitude": 2.957752
      },
      "loadFactor": 8
    },
    {
      "id": 233,
      "pickupLocation": {
        "hash": "u1ngbm",
        "latitude": 51.3139934,
        "longitude": 9.5096324
      },
      "deliveryLocation": {
        "hash": "u1q9fe",
        "latitude": 52.359539,
        "longitude": 9.25142
      },
      "loadFactor": 7
    },
    {
      "id": 9448,
      "pickupLocation": {
        "hash": "u32203",
        "latitude": 52.039425,
        "longitude": 11.613103
      },
      "deliveryLocation": {
        "hash": "u1mpeg",
        "latitude": 53.36696,
        "longitude": 7.20595
      },
      "loadFactor": 7
    },
    {
      "id": 10565,
      "pickupLocation": {
        "hash": "u1huxx",
        "latitude": 51.455206,
        "longitude": 7.012273
      },
      "deliveryLocation": {
        "hash": "u1hg0p",
        "latitude": 51.1958427,
        "longitude": 6.690083
      },
      "loadFactor": 8
    },
    {
      "id": 4107,
      "pickupLocation": {
        "hash": "u28k82",
        "latitude": 48.605431,
        "longitude": 11.623412
      },
      "deliveryLocation": {
        "hash": "u281z7",
        "latitude": 48.137272,
        "longitude": 11.575482
      },
      "loadFactor": 8
    }
  ]
}