{
  "vehicles": [
    {
      "id": 6654,
      "priceKm": 1.2342223599113784,
      "startLocation": {
        "hash": "u0rphk",
        "latitude": 47.659347294002956,
        "longitude": 10.034974535688155
      }
    },
    {
      "id": 2962,
      "priceKm": 1.280826121593373,
      "startLocation": {
        "hash": "u3m4jj",
        "latitude": 52.41072287901713,
        "longitude": 18.511470403979697
      }
    }
  ],
  "orders": [
    {
      "id": 424,
      "pickupLocation": {
        "hash": "u0wqdb",
        "latitude": 48.955734,
        "longitude": 8.920005
      },
      "deliveryLocation": {
        "hash": "u0wzmm",
        "latitude": 49.1187305,
        "longitude": 9.7334774
      },
      "loadFactor": 2
    },
    {
      "id": 5226,
      "pickupLocation": {
        "hash": "u2gtdh",
        "latitude": 50.212498,
        "longitude": 16.262725
      },
      "deliveryLocation": {
        "hash": "u331rw",
        "latitude": 52.287106,
        "longitude": 12.98605
      },
      "loadFactor": 8
    },
    {
      "id": 1698,
      "pickupLocation": {
        "hash": "u2kx33",
        "latitude": 47.687609,
        "longitude": 17.634682
      },
      "deliveryLocation": {
        "hash": "u28hgt",
        "latitude": 48.677765,
        "longitude": 11.411769
      },
      "loadFactor": 8
    },
    {
      "id": 7086,
      "pickupLocation": {
        "hash": "u1yubg",
        "latitude": 55.700005,
        "longitude": 9.533324
      },
      "deliveryLocation": {
        "hash": "u26gz2",
        "latitude": 47.0708084,
        "longitude": 15.4382915
      },
      "loadFactor": 8
    },
    {
      "id": 8182,
      "pickupLocation": {
        "hash": "u0wqdb",
        "latitude": 48.955734,
        "longitude": 8.920005
      },
      "deliveryLocation": {
        "hash": "u0wxzs",
        "latitude": 49.2005396,
        "longitude": 9.4742949
      },
      "loadFactor": 6
    },
    {
      "id": 2013,
      "pickupLocation": {
        "hash": "u2kx33",
        "latitude": 47.687609,
        "longitude": 17.634682
      },
      "deliveryLocation": {
        "hash": "u1jh7k",
        "latitude": 51.3959495,
        "longitude": 7.1774238
      },
      "loadFactor": 8
    }
  ]
}