{
  "vehicles": [
    {
      "id": 7954,
      "priceKm": 1.4166488693580233,
      "startLocation": {
        "hash": "u0uu7p",
        "latitude": 50.00916389305117,
        "longitude": 6.820711250363909
      }
    },
    {
      "id": 7914,
      "priceKm": 2.760283777356946,
      "startLocation": {
        "hash": "u1e8mc",
        "latitude": 53.49131900408972,
        "longitude": 5.183464648150082
      }
    }
  ],
  "orders": [
    {
      "id": 3764,
      "pickupLocation": {
        "hash": "u1r2em",
        "latitude": 52.148021,
        "longitude": 10.348964
      },
      "deliveryLocation": {
        "hash": "u1mmbp",
        "latitude": 53.082261,
        "longitude": 7.39284
      },
      "loadFactor": 4
    },
    {
      "id": 2556,
      "pickupLocation": {
        "hash": "u0zchs",
        "latitude": 49.419392,
        "longitude": 11.098348
      },
      "deliveryLocation": {
        "hash": "u0zc6p",
        "latitude": 49.477272,
        "longitude": 10.9896011
      },
      "loadFactor": 4
    },
    {
      "id": 8148,
      "pickupLocation": {
        "hash": "u6s1e9",
        "latitude": 59.3343059,
        "longitude": 17.0381816
      },
      "deliveryLocation": {
        "hash": "u1yubg",
        "latitude": 55.700005,
        "longitude": 9.533324
      },
      "loadFactor": 7
    },
    {
      "id": 8300,
      "pickupLocation": {
        "hash": "u28k82",
        "latitude": 48.605431,
        "longitude": 11.623412
      },
      "deliveryLocation": {
        "hash": "u282t2",
        "latitude": 47.901573,
        "longitude": 11.839625
      },
      "loadFactor": 8
    },
    {
      "id": 9290,
      "pickupLocation": {
        "hash": "u1yv4m",
        "latitude": 55.7507,
        "longitude": 9.593335
      },
      "deliveryLocation": {
        "hash": "sxfscc",
        "latitude": 44.4361382,
        "longitude": 26.1027431
      },
      "loadFactor": 8
    },
    {
      "id": 3084,
      "pickupLocation": {
        "hash": "u1huxx",
        "latitude": 51.455206,
        "longitude": 7.012273
      },
      "deliveryLocation": {
        "hash": "u1he4g",
        "latitude": 51.169583,
        "longitude": 6.457627
      },
      "loadFactor": 8
    }
  ]
}