{
  "vehicles": [
    {
      "id": 451,
      "priceKm": 1.049924762735942,
      "startLocation": {
        "hash": "u1rsjx",
        "latitude": 52.7749636694594,
        "longitude": 10.789158218565358
      }
    }
  ],
  "orders": [
    {
      "id": 7658,
      "pickupLocation": {
        "hash": "u0f0nr",
        "latitude": 49.259963,
        "longitude": 3.090591
      },
      "deliveryLocation": {
        "hash": "spc851",
        "latitude": 43.6036797,
        "longitude": 2.2417951
      },
      "loadFactor": 8
    },
    {
      "id": 408,
      "pickupLocation": {
        "hash": "u1mpeg",
        "latitude": 53.36696,
        "longitude": 7.20595
      },
      "deliveryLocation": {
        "hash": "u28k82",
        "latitude": 48.605431,
        "longitude": 11.623412
      },
      "loadFactor": 8
    },
    {
      "id": 3634,
      "pickupLocation": {
        "hash": "u30cdb",
        "latitude": 50.889108,
        "longitude": 12.431532
      },
      "deliveryLocation": {
        "hash": "u0w6ft",
        "latitude": 48.3239248,
        "longitude": 8.90707
      },
      "loadFactor": 7
    },
    {
      "id": 3764,
      "pickupLocation": {
        "hash": "u1r2em",
        "latitude": 52.148021,
        "longitude": 10.348964
      },
      "deliveryLocation": {
        "hash": "u1mmbp",
        "latitude": 53.082261,
        "longitude": 7.39284
      },
      "loadFactor": 4
    },
    {
      "id": 8294,
      "pickupLocation": {
        "hash": "u1m9r4",
        "latitude": 52.2667,
        "longitude": 8.05
      },
      "deliveryLocation": {
        "hash": "u1jptz",
        "latitude": 51.9859671,
        "longitude": 7.2908293
      },
      "loadFactor": 6
    },
    {
      "id": 4375,
      "pickupLocation": {
        "hash": "u0wqdb",
        "latitude": 48.955734,
        "longitude": 8.920005
      },
      "deliveryLocation": {
        "hash": "u0wv8s",
        "latitude": 48.8051902,
        "longitude": 9.5153627
      },
      "loadFactor": 7
    },
    {
      "id": 5149,
      "pickupLocation": {
        "hash": "u0zchs",
        "latitude": 49.419392,
        "longitude": 11.098348
      },
      "deliveryLocation": {
        "hash": "u0zezf",
        "latitude": 49.8926926,
        "longitude": 10.8876276
      },
      "loadFactor": 7
    }
  ]
}