{
  "vehicles": [
    {
      "id": 6582,
      "priceKm": 2.544652006563918,
      "startLocation": {
        "hash": "u29sr6",
        "latitude": 48.5709253556275,
        "longitude": 13.684751449866374
      }
    }
  ],
  "orders": [
    {
      "id": 8805,
      "pickupLocation": {
        "hash": "u1q52c",
        "latitude": 52.609453,
        "longitude": 8.480184
      },
      "deliveryLocation": {
        "hash": "u0vuej",
        "latitude": 50.0406272,
        "longitude": 8.2208915
      },
      "loadFactor": 7
    },
    {
      "id": 9401,
      "pickupLocation": {
        "hash": "u1q52c",
        "latitude": 52.609453,
        "longitude": 8.480184
      },
      "deliveryLocation": {
        "hash": "u0vk7k",
        "latitude": 49.9914008,
        "longitude": 7.5258565
      },
      "loadFactor": 4
    },
    {
      "id": 8230,
      "pickupLocation": {
        "hash": "u1m9r4",
        "latitude": 52.2667,
        "longitude": 8.05
      },
      "deliveryLocation": {
        "hash": "u28hnh",
        "latitude": 48.53983,
        "longitude": 11.5139
      },
      "loadFactor": 8
    },
    {
      "id": 398,
      "pickupLocation": {
        "hash": "u28hgt",
        "latitude": 48.677763,
        "longitude": 11.411769
      },
      "deliveryLocation": {
        "hash": "u0xfpe",
        "latitude": 48.18138,
        "longitude": 11.238213
      },
      "loadFactor": 5
    },
    {
      "id": 8646,
      "pickupLocation": {
        "hash": "u331rw",
        "latitude": 52.2871056,
        "longitude": 12.9860497
      },
      "deliveryLocation": {
        "hash": "u1qcvw",
        "latitude": 52.374481,
        "longitude": 9.738563
      },
      "loadFactor": 4
    },
    {
      "id": 1651,
      "pickupLocation": {
        "hash": "u2c0s2",
        "latitude": 49.308084,
        "longitude": 12.845029
      },
      "deliveryLocation": {
        "hash": "u29pcv",
        "latitude": 49.2023209,
        "longitude": 12.7417266
      },
      "loadFactor": 8
    },
    {
      "id": 940,
      "pickupLocation": {
        "hash": "u0zchs",
        "latitude": 49.419392,
        "longitude": 11.098348
      },
      "deliveryLocation": {
        "hash": "u2bk4g",
        "latitude": 49.9396935,
        "longitude": 11.7224483
      },
      "loadFactor": 8
    }
  ]
}