{
  "vehicles": [
    {
      "id": 4876,
      "priceKm": 1.5963458461013091,
      "startLocation": {
        "hash": "u2m600",
        "latitude": 46.760836582395996,
        "longitude": 18.633364931644152
      }
    }
  ],
  "orders": [
    {
      "id": 6403,
      "pickupLocation": {
        "hash": "u0wqdb",
        "latitude": 48.955734,
        "longitude": 8.920005
      },
      "deliveryLocation": {
        "hash": "u0wwnq",
        "latitude": 48.9003224,
        "longitude": 9.4165243
      },
      "loadFactor": 8
    },
    {
      "id": 10854,
      "pickupLocation": {
        "hash": "u1mxsy",
        "latitude": 53.387024,
        "longitude": 7.952453
      },
      "deliveryLocation": {
        "hash": "u1j9qk",
        "latitude": 50.87053,
        "longitude": 8.015332
      },
      "loadFactor": 8
    },
    {
      "id": 10187,
      "pickupLocation": {
        "hash": "u1mpeg",
        "latitude": 53.366959,
        "longitude": 7.20595
      },
      "deliveryLocation": {
        "hash": "u1hg2d",
        "latitude": 51.2079883,
        "longitude": 6.7064001
      },
      "loadFactor": 8
    },
    {
      "id": 4314,
      "pickupLocation": {
        "hash": "u2s1vq",
        "latitude": 48.153538,
        "longitude": 17.109671
      },
      "deliveryLocation": {
        "hash": "u0p6q2",
        "latitude": 45.397008,
        "longitude": 10.470356
      },
      "loadFactor": 5
    },
    {
      "id": 3269,
      "pickupLocation": {
        "hash": "u28k82",
        "latitude": 48.605431,
        "longitude": 11.623412
      },
      "deliveryLocation": {
        "hash": "u0rwek",
        "latitude": 47.570816,
        "longitude": 10.698128
      },
      "loadFactor": 7
    },
    {
      "id": 2560,
      "pickupLocation": {
        "hash": "u1mpeg",
        "latitude": 53.36696,
        "longitude": 7.20595
      },
      "deliveryLocation": {
        "hash": "u1x0es",
        "latitude": 53.550341,
        "longitude": 10.000654
      },
      "loadFactor": 7
    },
    {
      "id": 7291,
      "pickupLocation": {
        "hash": "u1mxsy",
        "latitude": 53.387024,
        "longitude": 7.952453
      },
      "deliveryLocation": {
        "hash": "u1j51j",
        "latitude": 51.1833,
        "longitude": 7.08333
      },
      "loadFactor": 8
    }
  ]
}