{
  "vehicles": [
    {
      "id": 854,
      "priceKm": 2.1216362590011055,
      "startLocation": {
        "hash": "u0gf1x",
        "latitude": 49.611749361207075,
        "longitude": 5.339764345798298
      }
    }
  ],
  "orders": [
    {
      "id": 6096,
      "pickupLocation": {
        "hash": "u1yv4m",
        "latitude": 55.7507,
        "longitude": 9.593335
      },
      "deliveryLocation": {
        "hash": "u15rqy",
        "latitude": 51.9359709,
        "longitude": 4.8774417
      },
      "loadFactor": 7
    },
    {
      "id": 7566,
      "pickupLocation": {
        "hash": "u0wqdb",
        "latitude": 48.955734,
        "longitude": 8.920005
      },
      "deliveryLocation": {
        "hash": "u0vb45",
        "latitude": 49.2358017,
        "longitude": 8.1747131
      },
      "loadFactor": 8
    },
    {
      "id": 1666,
      "pickupLocation": {
        "hash": "u1yv4m",
        "latitude": 55.7507,
        "longitude": 9.593335
      },
      "deliveryLocation": {
        "hash": "u1rb9e",
        "latitude": 52.1388512,
        "longitude": 10.9671068
      },
      "loadFactor": 8
    },
    {
      "id": 5559,
      "pickupLocation": {
        "hash": "u1hcy3",
        "latitude": 50.941232,
        "longitude": 6.956947
      },
      "deliveryLocation": {
        "hash": "u33db8",
        "latitude": 52.51704,
        "longitude": 13.388855
      },
      "loadFactor": 7
    },
    {
      "id": 395,
      "pickupLocation": {
        "hash": "u0wqdb",
        "latitude": 48.955734,
        "longitude": 8.920005
      },
      "deliveryLocation": {
        "hash": "u0y2xw",
        "latitude": 49.3407322,
        "longitude": 9.1191102
      },
      "loadFactor": 8
    },
    {
      "id": 254,
      "pickupLocation": {
        "hash": "u28k82",
        "latitude": 48.605431,
        "longitude": 11.623412
      },
      "deliveryLocation": {
        "hash": "u286m1",
        "latitude": 48.216725,
        "longitude": 11.825342
      },
      "loadFactor": 7
    },
    {
      "id": 6271,
      "pickupLocation": {
        "hash": "u09qd0",
        "latitude": 48.959139,
        "longitude": 1.855432
      },
      "deliveryLocation": {
        "hash": "u24mmt",
        "latitude": 45.955046,
        "longitude": 14.658455
      },
      "loadFactor": 3
    }
  ]
}