{
  "vehicles": [
    {
      "id": 7970,
      "priceKm": 1.4549657967899572,
      "startLocation": {
        "hash": "u0cx4x",
        "latitude": 50.48870399770387,
        "longitude": 2.2287339551051413
      }
    }
  ],
  "orders": [
    {
      "id": 9478,
      "pickupLocation": {
        "hash": "u38fc0",
        "latitude": 53.925963,
        "longitude": 12.350585
      },
      "deliveryLocation": {
        "hash": "u0spxz",
        "latitude": 49.169743,
        "longitude": 5.968539
      },
      "loadFactor": 3
    },
    {
      "id": 1761,
      "pickupLocation": {
        "hash": "u1huxx",
        "latitude": 51.455206,
        "longitude": 7.012273
      },
      "deliveryLocation": {
        "hash": "u1hdbx",
        "latitude": 51.1481216,
        "longitude": 6.3565149
      },
      "loadFactor": 8
    },
    {
      "id": 4989,
      "pickupLocation": {
        "hash": "u1q52c",
        "latitude": 52.609453,
        "longitude": 8.480184
      },
      "deliveryLocation": {
        "hash": "u0ymrb",
        "latitude": 50.1427862,
        "longitude": 9.1399003
      },
      "loadFactor": 4
    },
    {
      "id": 10767,
      "pickupLocation": {
        "hash": "u1mxsy",
        "latitude": 53.387024,
        "longitude": 7.952453
      },
      "deliveryLocation": {
        "hash": "u0y12p",
        "latitude": 49.479236,
        "longitude": 8.439117
      },
      "loadFactor": 8
    },
    {
      "id": 5295,
      "pickupLocation": {
        "hash": "u1mxsy",
        "latitude": 53.387024,
        "longitude": 7.952453
      },
      "deliveryLocation": {
        "hash": "u0yjqz",
        "latitude": 50.180484,
        "longitude": 8.741078
      },
      "loadFactor": 8
    },
    {
      "id": 9866,
      "pickupLocation": {
        "hash": "u0wxcg",
        "latitude": 49.191735,
        "longitude": 9.224944
      },
      "deliveryLocation": {
        "hash": "u0tddp",
        "latitude": 48.295226,
        "longitude": 7.823876
      },
      "loadFactor": 8
    },
    {
      "id": 8094,
      "pickupLocation": {
        "hash": "u1huxx",
        "latitude": 51.455206,
        "longitude": 7.012273
      },
      "deliveryLocation": {
        "hash": "u1hg3u",
        "latitude": 51.2235374,
        "longitude": 6.7637572
      },
      "loadFactor": 7
    }
  ]
}