{
  "vehicles": [
    {
      "id": 386,
      "priceKm": 2.197576566966008,
      "startLocation": {
        "hash": "u0xen1",
        "latitude": 48.348225266052765,
        "longitude": 10.818478876751193
      }
    }
  ],
  "orders": [
    {
      "id": 1800,
      "pickupLocation": {
        "hash": "u1ye7u",
        "latitude": 55.4378931,
        "longitude": 9.3076099
      },
      "deliveryLocation": {
        "hash": "u1m9rg",
        "latitude": 52.2716705,
        "longitude": 8.0857114
      },
      "loadFactor": 8
    },
    {
      "id": 10682,
      "pickupLocation": {
        "hash": "u0wqdb",
        "latitude": 48.955734,
        "longitude": 8.920005
      },
      "deliveryLocation": {
        "hash": "u0y28d",
        "latitude": 49.320916,
        "longitude": 8.815922
      },
      "loadFactor": 2
    },
    {
      "id": 10404,
      "pickupLocation": {
        "hash": "u1mr3b",
        "latitude": 53.3106603,
        "longitude": 7.4671401
      },
      "deliveryLocation": {
        "hash": "u0vfqm",
        "latitude": 49.6438742,
        "longitude": 8.3636789
      },
      "loadFactor": 9
    },
    {
      "id": 8497,
      "pickupLocation": {
        "hash": "u1r2em",
        "latitude": 52.148021,
        "longitude": 10.348964
      },
      "deliveryLocation": {
        "hash": "u1mww4",
        "latitude": 53.185155,
        "longitude": 8.003488
      },
      "loadFactor": 4
    },
    {
      "id": 8716,
      "pickupLocation": {
        "hash": "u1rd5r",
        "latitude": 52.42373,
        "longitude": 10.69592
      },
      "deliveryLocation": {
        "hash": "u1m9r4",
        "latitude": 52.2667,
        "longitude": 8.05
      },
      "loadFactor": 7
    },
    {
      "id": 5928,
      "pickupLocation": {
        "hash": "u1rdjq",
        "latitude": 52.420559,
        "longitude": 10.786168
      },
      "deliveryLocation": {
        "hash": "u0mvfs",
        "latitude": 47.439663,
        "longitude": 8.205604
      },
      "loadFactor": 7
    },
    {
      "id": 10757,
      "pickupLocation": {
        "hash": "u30cj7",
        "latitude": 50.819903,
        "longitude": 12.539787
      },
      "deliveryLocation": {
        "hash": "u0zkx7",
        "latitude": 50.0311909,
        "longitude": 10.5231782
      },
      "loadFactor": 7
    }
  ]
}