{
  "vehicles": [
    {
      "id": 8365,
      "priceKm": 2.4063147038644743,
      "startLocation": {
        "hash": "u1qgvc",
        "latitude": 52.69955597007666,
        "longitude": 9.748590455649426
      }
    }
  ],
  "orders": [
    {
      "id": 6262,
      "pickupLocation": {
        "hash": "u0wqdb",
        "latitude": 48.955734,
        "longitude": 8.920005
      },
      "deliveryLocation": {
        "hash": "u0ww0w",
        "latitude": 48.9031941,
        "longitude": 9.1651787
      },
      "loadFactor": 7
    },
    {
      "id": 3435,
      "pickupLocation": {
        "hash": "u0b1x4",
        "latitude": 49.496622,
        "longitude": 0.316745
      },
      "deliveryLocation": {
        "hash": "sp9xcy",
        "latitude": 43.588119,
        "longitude": 2.187594
      },
      "loadFactor": 3
    },
    {
      "id": 5094,
      "pickupLocation": {
        "hash": "u0wqdb",
        "latitude": 48.955734,
        "longitude": 8.920005
      },
      "deliveryLocation": {
        "hash": "u0y9sr",
        "latitude": 49.5220934,
        "longitude": 9.3324403
      },
      "loadFactor": 8
    },
    {
      "id": 6289,
      "pickupLocation": {
        "hash": "u2c0s2",
        "latitude": 49.308084,
        "longitude": 12.845029
      },
      "deliveryLocation": {
        "hash": "u0zyqp",
        "latitude": 50.3575172,
        "longitude": 11.1693258
      },
      "loadFactor": 8
    },
    {
      "id": 2693,
      "pickupLocation": {
        "hash": "u1m9r4",
        "latitude": 52.2667,
        "longitude": 8.05
      },
      "deliveryLocation": {
        "hash": "u0vtdd",
        "latitude": 50.1973366,
        "longitude": 7.8455449
      },
      "loadFactor": 8
    },
    {
      "id": 10690,
      "pickupLocation": {
        "hash": "u0wqdb",
        "latitude": 48.955734,
        "longitude": 8.920005
      },
      "deliveryLocation": {
        "hash": "u0wsxj",
        "latitude": 48.6348859,
        "longitude": 9.4551491
      },
      "loadFactor": 7
    },
    {
      "id": 2776,
      "pickupLocation": {
        "hash": "u2c0s6",
        "latitude": 49.319718,
        "longitude": 12.8499754
      },
      "deliveryLocation": {
        "hash": "u2877f",
        "latitude": 48.3964737,
        "longitude": 11.7706861
      },
      "loadFactor": 8
    }
  ]
}