{
  "vehicles": [
    {
      "id": 2061,
      "priceKm": 2.7615527303409233,
      "startLocation": {
        "hash": "u1sgbn",
        "latitude": 54.130912486068965,
        "longitude": 6.681059433081837
      }
    }
  ],
  "orders": [
    {
      "id": 2760,
      "pickupLocation": {
        "hash": "u1m9r4",
        "latitude": 52.2667,
        "longitude": 8.05
      },
      "deliveryLocation": {
        "hash": "u1j09h",
        "latitude": 50.7401773,
        "longitude": 7.0775268
      },
      "loadFactor": 8
    },
    {
      "id": 9182,
      "pickupLocation": {
        "hash": "u3k4he",
        "latitude": 52.404003,
        "longitude": 17.075411
      },
      "deliveryLocation": {
        "hash": "u1w0ek",
        "latitude": 53.552227,
        "longitude": 8.586551
      },
      "loadFactor": 4
    },
    {
      "id": 5397,
      "pickupLocation": {
        "hash": "u1511b",
        "latitude": 50.802795,
        "longitude": 4.302606
      },
      "deliveryLocation": {
        "hash": "u28rh1",
        "latitude": 49.051888,
        "longitude": 11.782505
      },
      "loadFactor": 7
    },
    {
      "id": 8785,
      "pickupLocation": {
        "hash": "u0zck4",
        "latitude": 49.45385,
        "longitude": 11.077324
      },
      "deliveryLocation": {
        "hash": "u2945b",
        "latitude": 48.1689873,
        "longitude": 12.8304815
      },
      "loadFactor": 8
    },
    {
      "id": 10930,
      "pickupLocation": {
        "hash": "u0wqdb",
        "latitude": 48.955734,
        "longitude": 8.920005
      },
      "deliveryLocation": {
        "hash": "u0wzms",
        "latitude": 49.112397,
        "longitude": 9.736906
      },
      "loadFactor": 8
    },
    {
      "id": 7813,
      "pickupLocation": {
        "hash": "u0mpxh",
        "latitude": 47.7494202,
        "longitude": 7.3399358
      },
      "deliveryLocation": {
        "hash": "u0978q",
        "latitude": 48.4645157,
        "longitude": 1.770963
      },
      "loadFactor": 8
    },
    {
      "id": 2927,
      "pickupLocation": {
        "hash": "spdwuj",
        "latitude": 43.401738,
        "longitude": 3.694185
      },
      "deliveryLocation": {
        "hash": "u09xec",
        "latitude": 49.139175,
        "longitude": 2.274424
      },
      "loadFactor": 8
    }
  ]
}