{
  "vehicles": [
    {
      "id": 527,
      "priceKm": 2.251211846165389,
      "startLocation": {
        "hash": "u1k5cm",
        "latitude": 52.72200246554474,
        "longitude": 5.681563200183259
      }
    }
  ],
  "orders": [
    {
      "id": 1923,
      "pickupLocation": {
        "hash": "u28k82",
        "latitude": 48.605431,
        "longitude": 11.623412
      },
      "deliveryLocation": {
        "hash": "u23nzy",
        "latitude": 47.63108,
        "longitude": 13.002163
      },
      "loadFactor": 7
    },
    {
      "id": 4625,
      "pickupLocation": {
        "hash": "u0wqdb",
        "latitude": 48.955734,
        "longitude": 8.920005
      },
      "deliveryLocation": {
        "hash": "u0wwqw",
        "latitude": 48.9471455,
        "longitude": 9.4341813
      },
      "loadFactor": 7
    },
    {
      "id": 1382,
      "pickupLocation": {
        "hash": "u30u9s",
        "latitude": 51.4390106,
        "longitude": 12.3714685
      },
      "deliveryLocation": {
        "hash": "u0z560",
        "latitude": 49.79245,
        "longitude": 9.9329662
      },
      "loadFactor": 7
    },
    {
      "id": 2918,
      "pickupLocation": {
        "hash": "u0fntc",
        "latitude": 50.370368,
        "longitude": 3.076138
      },
      "deliveryLocation": {
        "hash": "spg96e",
        "latitude": 43.832278,
        "longitude": 5.039317
      },
      "loadFactor": 8
    },
    {
      "id": 2688,
      "pickupLocation": {
        "hash": "u1mxsy",
        "latitude": 53.387024,
        "longitude": 7.952453
      },
      "deliveryLocation": {
        "hash": "u1pn5k",
        "latitude": 51.705448,
        "longitude": 9.997278
      },
      "loadFactor": 8
    },
    {
      "id": 3525,
      "pickupLocation": {
        "hash": "u0yenz",
        "latitude": 49.784752,
        "longitude": 9.44109
      },
      "deliveryLocation": {
        "hash": "u1j7mg",
        "latitude": 51.2177925,
        "longitude": 7.6388402
      },
      "loadFactor": 8
    },
    {
      "id": 6773,
      "pickupLocation": {
        "hash": "u0wqdb",
        "latitude": 48.955734,
        "longitude": 8.920005
      },
      "deliveryLocation": {
        "hash": "u0wwqw",
        "latitude": 48.9471455,
        "longitude": 9.4341813
      },
      "loadFactor": 7
    }
  ]
}