{
  "vehicles": [
    {
      "id": 5831,
      "priceKm": 2.55137514870052,
      "startLocation": {
        "hash": "u0xvck",
        "latitude": 48.85001913145459,
        "longitude": 10.959740378522
      }
    }
  ],
  "orders": [
    {
      "id": 8382,
      "pickupLocation": {
        "hash": "u1q52c",
        "latitude": 52.609453,
        "longitude": 8.480184
      },
      "deliveryLocation": {
        "hash": "u334u8",
        "latitude": 52.518784,
        "longitude": 12.85469
      },
      "loadFactor": 7
    },
    {
      "id": 7696,
      "pickupLocation": {
        "hash": "u1rdk3",
        "latitude": 52.435841,
        "longitude": 10.742137
      },
      "deliveryLocation": {
        "hash": "u30u9s",
        "latitude": 51.439009,
        "longitude": 12.371469
      },
      "loadFactor": 8
    },
    {
      "id": 8764,
      "pickupLocation": {
        "hash": "u0wqdb",
        "latitude": 48.955734,
        "longitude": 8.920005
      },
      "deliveryLocation": {
        "hash": "u0wzmm",
        "latitude": 49.118731,
        "longitude": 9.733477
      },
      "loadFactor": 7
    },
    {
      "id": 2449,
      "pickupLocation": {
        "hash": "u1mxsy",
        "latitude": 53.387024,
        "longitude": 7.952453
      },
      "deliveryLocation": {
        "hash": "u1jksj",
        "latitude": 51.445525,
        "longitude": 7.567465
      },
      "loadFactor": 7
    },
    {
      "id": 7022,
      "pickupLocation": {
        "hash": "u0zck4",
        "latitude": 49.45385,
        "longitude": 11.077324
      },
      "deliveryLocation": {
        "hash": "u0xyct",
        "latitude": 49.0305519,
        "longitude": 10.9726963
      },
      "loadFactor": 5
    },
    {
      "id": 9521,
      "pickupLocation": {
        "hash": "u1yv19",
        "latitude": 55.7283668,
        "longitude": 9.5609573
      },
      "deliveryLocation": {
        "hash": "u1mtnc",
        "latitude": 52.9169495,
        "longitude": 8.0339387
      },
      "loadFactor": 7
    },
    {
      "id": 2245,
      "pickupLocation": {
        "hash": "u0b1x4",
        "latitude": 49.496622,
        "longitude": 0.316745
      },
      "deliveryLocation": {
        "hash": "u0ubne",
        "latitude": 49.2379593,
        "longitude": 6.9688434
      },
      "loadFactor": 7
    }
  ]
}