{
  "vehicles": [
    {
      "id": 4351,
      "priceKm": 2.6936965622052855,
      "startLocation": {
        "hash": "u2bs4e",
        "latitude": 49.94335710153228,
        "longitude": 12.066044536257692
      }
    },
    {
      "id": 1336,
      "priceKm": 2.554205715163384,
      "startLocation": {
        "hash": "u1nk0g",
        "latitude": 51.34502078771214,
        "longitude": 8.822249550400496
      }
    },
    {
      "id": 6560,
      "priceKm": 2.950574604452987,
      "startLocation": {
        "hash": "u35cbm",
        "latitude": 50.961968996928164,
        "longitude": 16.536521100587958
      }
    },
    {
      "id": 7101,
      "priceKm": 1.3766215053352377,
      "startLocation": {
        "hash": "u1p24g",
        "latitude": 50.645920801564806,
        "longitude": 10.326046495792182
      }
    }
  ],
  "orders": [
    {
      "id": 4069,
      "pickupLocation": {
        "hash": "u30cj7",
        "latitude": 50.819903,
        "longitude": 12.539787
      },
      "deliveryLocation": {
        "hash": "u0z573",
        "latitude": 49.7983368,
        "longitude": 9.9926862
      },
      "loadFactor": 8
    },
    {
      "id": 4185,
      "pickupLocation": {
        "hash": "u09tvw",
        "latitude": 48.8565063,
        "longitude": 2.352133
      },
      "deliveryLocation": {
        "hash": "u05s5k",
        "latitude": 45.7278102,
        "longitude": 5.0736088
      },
      "loadFactor": 8
    },
    {
      "id": 6709,
      "pickupLocation": {
        "hash": "u0fntc",
        "latitude": 50.370368,
        "longitude": 3.076138
      },
      "deliveryLocation": {
        "hash": "u0yf7c",
        "latitude": 49.622863,
        "longitude": 9.662758
      },
      "loadFactor": 8
    },
    {
      "id": 7341,
      "pickupLocation": {
        "hash": "u1xd7n",
        "latitude": 53.866444,
        "longitude": 10.684738
      },
      "deliveryLocation": {
        "hash": "u1mpeg",
        "latitude": 53.366959,
        "longitude": 7.20595
      },
      "loadFactor": 5
    }
  ]
}