{
  "vehicles": [
    {
      "id": 2814,
      "priceKm": 2.882271449663487,
      "startLocation": {
        "hash": "u0w6yd",
        "latitude": 48.30805001052787,
        "longitude": 9.07687015656669
      }
    },
    {
      "id": 3059,
      "priceKm": 1.9183352632421073,
      "startLocation": {
        "hash": "u30vun",
        "latitude": 51.67301659661424,
        "longitude": 12.482155008598683
      }
    },
    {
      "id": 9725,
      "priceKm": 2.4729886710253712,
      "startLocation": {
        "hash": "u0v8k8",
        "latitude": 49.2632339429026,
        "longitude": 7.932656131580946
      }
    },
    {
      "id": 2987,
      "priceKm": 1.9408071717693716,
      "startLocation": {
        "hash": "u1w549",
        "latitude": 53.9737211877072,
        "longitude": 8.551583412686213
      }
    }
  ],
  "orders": [
    {
      "id": 3123,
      "pickupLocation": {
        "hash": "u0wqdb",
        "latitude": 48.955734,
        "longitude": 8.920005
      },
      "deliveryLocation": {
        "hash": "u0wrw2",
        "latitude": 49.1359589,
        "longitude": 9.0732156
      },
      "loadFactor": 4
    },
    {
      "id": 1301,
      "pickupLocation": {
        "hash": "u1mr3b",
        "latitude": 53.3106603,
        "longitude": 7.4671401
      },
      "deliveryLocation": {
        "hash": "u0ts3g",
        "latitude": 48.5761791,
        "longitude": 7.8192615
      },
      "loadFactor": 6
    },
    {
      "id": 8494,
      "pickupLocation": {
        "hash": "u1q52c",
        "latitude": 52.609453,
        "longitude": 8.480184
      },
      "deliveryLocation": {
        "hash": "u0yjh0",
        "latitude": 50.1011959,
        "longitude": 8.6226593
      },
      "loadFactor": 4
    },
    {
      "id": 8656,
      "pickupLocation": {
        "hash": "u09qd0",
        "latitude": 48.959139,
        "longitude": 1.855432
      },
      "deliveryLocation": {
        "hash": "u0b1dd",
        "latitude": 49.493757,
        "longitude": 0.120504
      },
      "loadFactor": 8
    }
  ]
}