{
  "vehicles": [
    {
      "id": 8511,
      "priceKm": 1.3265006570914937,
      "startLocation": {
        "hash": "sp0cs0",
        "latitude": 39.63904221699513,
        "longitude": 1.2378893480008246
      }
    },
    {
      "id": 8670,
      "priceKm": 1.6301590303396414,
      "startLocation": {
        "hash": "u1pg0u",
        "latitude": 51.17894281194886,
        "longitude": 10.931848794994814
      }
    },
    {
      "id": 4398,
      "priceKm": 1.0883018119895558,
      "startLocation": {
        "hash": "u28qwe",
        "latitude": 48.973655630922934,
        "longitude": 11.892542206492719
      }
    },
    {
      "id": 8549,
      "priceKm": 1.4401041971547872,
      "startLocation": {
        "hash": "u1s34c",
        "latitude": 53.61942136635199,
        "longitude": 6.098295031871983
      }
    }
  ],
  "orders": [
    {
      "id": 7161,
      "pickupLocation": {
        "hash": "u1mxsy",
        "latitude": 53.387024,
        "longitude": 7.952453
      },
      "deliveryLocation": {
        "hash": "u1puu0",
        "latitude": 51.462774,
        "longitude": 11.07461
      },
      "loadFactor": 8
    },
    {
      "id": 4001,
      "pickupLocation": {
        "hash": "u0wqdb",
        "latitude": 48.955734,
        "longitude": 8.920005
      },
      "deliveryLocation": {
        "hash": "u0wv8s",
        "latitude": 48.8051902,
        "longitude": 9.5153627
      },
      "loadFactor": 6
    },
    {
      "id": 4646,
      "pickupLocation": {
        "hash": "u28k82",
        "latitude": 48.605431,
        "longitude": 11.623412
      },
      "deliveryLocation": {
        "hash": "u0wcwu",
        "latitude": 48.098441,
        "longitude": 9.789994
      },
      "loadFactor": 7
    },
    {
      "id": 1828,
      "pickupLocation": {
        "hash": "u32203",
        "latitude": 52.039425,
        "longitude": 11.613103
      },
      "deliveryLocation": {
        "hash": "u30u9s",
        "latitude": 51.4390106,
        "longitude": 12.3714685
      },
      "loadFactor": 8
    }
  ]
}