{
  "vehicles": [
    {
      "id": 5080,
      "priceKm": 2.1116661618959016,
      "startLocation": {
        "hash": "u0zb84",
        "latitude": 49.31989542182249,
        "longitude": 10.907696481215154
      }
    },
    {
      "id": 6284,
      "priceKm": 2.163433929204898,
      "startLocation": {
        "hash": "u1w8sb",
        "latitude": 53.52846905032193,
        "longitude": 9.359323367944807
      }
    },
    {
      "id": 5242,
      "priceKm": 2.1700270407804165,
      "startLocation": {
        "hash": "u0fkn2",
        "latitude": 49.92735552605426,
        "longitude": 3.441295579292663
      }
    },
    {
      "id": 1013,
      "priceKm": 1.2567110418357677,
      "startLocation": {
        "hash": "u0xx66",
        "latitude": 49.10200669182681,
        "longitude": 10.64708933497892
      }
    }
  ],
  "orders": [
    {
      "id": 10919,
      "pickupLocation": {
        "hash": "u0zchs",
        "latitude": 49.419392,
        "longitude": 11.098348
      },
      "deliveryLocation": {
        "hash": "u0xyct",
        "latitude": 49.0305519,
        "longitude": 10.9726963
      },
      "loadFactor": 6
    },
    {
      "id": 10411,
      "pickupLocation": {
        "hash": "u1mpd8",
        "latitude": 53.351613,
        "longitude": 7.147359
      },
      "deliveryLocation": {
        "hash": "u2w0n7",
        "latitude": 47.8319273,
        "longitude": 19.9689513
      },
      "loadFactor": 4
    },
    {
      "id": 8109,
      "pickupLocation": {
        "hash": "u1rdk3",
        "latitude": 52.435841,
        "longitude": 10.742137
      },
      "deliveryLocation": {
        "hash": "u1x0es",
        "latitude": 53.5503426,
        "longitude": 10.0006542
      },
      "loadFactor": 7
    },
    {
      "id": 6065,
      "pickupLocation": {
        "hash": "u0szuf",
        "latitude": 49.1861534,
        "longitude": 6.895741
      },
      "deliveryLocation": {
        "hash": "u05mhw",
        "latitude": 45.9143,
        "longitude": 4.77378
      },
      "loadFactor": 3
    }
  ]
}