{
  "vehicles": [
    {
      "id": 3952,
      "priceKm": 2.3436633228994346,
      "startLocation": {
        "hash": "u1m18m",
        "latitude": 52.3277214701559,
        "longitude": 7.04998708496533
      }
    },
    {
      "id": 1587,
      "priceKm": 1.005879728875095,
      "startLocation": {
        "hash": "u1hpuk",
        "latitude": 52.01265191090861,
        "longitude": 5.819203756765168
      }
    },
    {
      "id": 8511,
      "priceKm": 1.3265006570914937,
      "startLocation": {
        "hash": "sp0cs0",
        "latitude": 39.63904221699513,
        "longitude": 1.2378893480008246
      }
    },
    {
      "id": 1282,
      "priceKm": 1.6571326341160313,
      "startLocation": {
        "hash": "u1py30",
        "latitude": 51.72453133310925,
        "longitude": 10.95104782886245
      }
    }
  ],
  "orders": [
    {
      "id": 3727,
      "pickupLocation": {
        "hash": "u0zck4",
        "latitude": 49.45385,
        "longitude": 11.077324
      },
      "deliveryLocation": {
        "hash": "u0zvcw",
        "latitude": 50.2632484,
        "longitude": 10.9688034
      },
      "loadFactor": 7
    },
    {
      "id": 5620,
      "pickupLocation": {
        "hash": "u1rdjq",
        "latitude": 52.420559,
        "longitude": 10.786168
      },
      "deliveryLocation": {
        "hash": "u0tddp",
        "latitude": 48.295226,
        "longitude": 7.823876
      },
      "loadFactor": 7
    },
    {
      "id": 2047,
      "pickupLocation": {
        "hash": "u1mpeg",
        "latitude": 53.36696,
        "longitude": 7.20595
      },
      "deliveryLocation": {
        "hash": "u28hgt",
        "latitude": 48.677765,
        "longitude": 11.411769
      },
      "loadFactor": 6
    },
    {
      "id": 10202,
      "pickupLocation": {
        "hash": "u1mxsy",
        "latitude": 53.387024,
        "longitude": 7.952453
      },
      "deliveryLocation": {
        "hash": "u1pf50",
        "latitude": 50.977627,
        "longitude": 11.032936
      },
      "loadFactor": 8
    }
  ]
}