{
  "vehicles": [
    {
      "id": 9347,
      "priceKm": 1.9985206204576529,
      "startLocation": {
        "hash": "u1qu4h",
        "latitude": 52.75789039022662,
        "longitude": 9.588983108692739
      }
    },
    {
      "id": 1448,
      "priceKm": 2.416002414538865,
      "startLocation": {
        "hash": "u1qvtz",
        "latitude": 53.03813089145217,
        "longitude": 9.75249436674714
      }
    },
    {
      "id": 5649,
      "priceKm": 2.3867114170056256,
      "startLocation": {
        "hash": "u0xdb2",
        "latitude": 48.30086411397059,
        "longitude": 10.557944068483177
      }
    },
    {
      "id": 2932,
      "priceKm": 2.6114101520471786,
      "startLocation": {
        "hash": "u1rhgt",
        "latitude": 52.894075609540025,
        "longitude": 10.007351971423306
      }
    }
  ],
  "orders": [
    {
      "id": 5004,
      "pickupLocation": {
        "hash": "u3zhcj",
        "latitude": 55.706831,
        "longitude": 21.1414911
      },
      "deliveryLocation": {
        "hash": "u99zpy",
        "latitude": 54.7042831,
        "longitude": 25.3035356
      },
      "loadFactor": 7
    },
    {
      "id": 2985,
      "pickupLocation": {
        "hash": "u1huxx",
        "latitude": 51.455206,
        "longitude": 7.012273
      },
      "deliveryLocation": {
        "hash": "u1jwwe",
        "latitude": 51.786651,
        "longitude": 8.030342
      },
      "loadFactor": 8
    },
    {
      "id": 655,
      "pickupLocation": {
        "hash": "u1q52c",
        "latitude": 52.609453,
        "longitude": 8.480184
      },
      "deliveryLocation": {
        "hash": "u0w181",
        "latitude": 48.0846281,
        "longitude": 8.448051
      },
      "loadFactor": 4
    },
    {
      "id": 7980,
      "pickupLocation": {
        "hash": "u1hu9e",
        "latitude": 51.4334335,
        "longitude": 6.7497692
      },
      "deliveryLocation": {
        "hash": "u1n1p9",
        "latitude": 50.8117332,
        "longitude": 8.775774
      },
      "loadFactor": 8
    }
  ]
}