{
  "vehicles": [
    {
      "id": 2698,
      "priceKm": 1.2280864719057338,
      "startLocation": {
        "hash": "u0uszg",
        "latitude": 50.070965702379155,
        "longitude": 6.678088032927643
      }
    },
    {
      "id": 9020,
      "priceKm": 2.3294295242258527,
      "startLocation": {
        "hash": "u0yrxs",
        "latitude": 50.563985564430666,
        "longitude": 9.12943298773989
      }
    },
    {
      "id": 6482,
      "priceKm": 1.111990581959613,
      "startLocation": {
        "hash": "spusve",
        "latitude": 44.44919608406519,
        "longitude": 6.577549487811004
      }
    },
    {
      "id": 7911,
      "priceKm": 2.4510359378463207,
      "startLocation": {
        "hash": "u274jk",
        "latitude": 46.783910980589404,
        "longitude": 15.702852217270985
      }
    }
  ],
  "orders": [
    {
      "id": 5827,
      "pickupLocation": {
        "hash": "u0wqdb",
        "latitude": 48.955734,
        "longitude": 8.920005
      },
      "deliveryLocation": {
        "hash": "u0xjsj",
        "latitude": 48.811036,
        "longitude": 10.029052
      },
      "loadFactor": 7
    },
    {
      "id": 3105,
      "pickupLocation": {
        "hash": "u0b1x4",
        "latitude": 49.496622,
        "longitude": 0.316745
      },
      "deliveryLocation": {
        "hash": "u1xd69",
        "latitude": 53.84344,
        "longitude": 10.66634
      },
      "loadFactor": 7
    },
    {
      "id": 8407,
      "pickupLocation": {
        "hash": "u1rdjq",
        "latitude": 52.420559,
        "longitude": 10.786168
      },
      "deliveryLocation": {
        "hash": "u1hg0p",
        "latitude": 51.1958427,
        "longitude": 6.690083
      },
      "loadFactor": 7
    },
    {
      "id": 6128,
      "pickupLocation": {
        "hash": "u1mr3b",
        "latitude": 53.3106603,
        "longitude": 7.4671401
      },
      "deliveryLocation": {
        "hash": "u0myun",
        "latitude": 47.628992,
        "longitude": 8.2672152
      },
      "loadFactor": 7
    }
  ]
}