{
  "vehicles": [
    {
      "id": 2382,
      "priceKm": 1.448416987637407,
      "startLocation": {
        "hash": "u0guwk",
        "latitude": 50.036554028221296,
        "longitude": 5.550894547675813
      }
    },
    {
      "id": 5665,
      "priceKm": 2.485446942217024,
      "startLocation": {
        "hash": "u0tuu2",
        "latitude": 48.64828774172297,
        "longitude": 8.27947701263626
      }
    },
    {
      "id": 6968,
      "priceKm": 2.2800865820973373,
      "startLocation": {
        "hash": "u0fp93",
        "latitude": 50.544756551693865,
        "longitude": 2.8715956084561505
      }
    },
    {
      "id": 9657,
      "priceKm": 2.7914079720219505,
      "startLocation": {
        "hash": "u1pxgr",
        "latitude": 52.029939748181896,
        "longitude": 10.698122784308033
      }
    }
  ],
  "orders": [
    {
      "id": 9074,
      "pickupLocation": {
        "hash": "u32203",
        "latitude": 52.039425,
        "longitude": 11.613103
      },
      "deliveryLocation": {
        "hash": "u0vuec",
        "latitude": 50.0170066,
        "longitude": 8.2526118
      },
      "loadFactor": 8
    },
    {
      "id": 4286,
      "pickupLocation": {
        "hash": "u09qd0",
        "latitude": 48.959139,
        "longitude": 1.855432
      },
      "deliveryLocation": {
        "hash": "u0cz25",
        "latitude": 50.5109,
        "longitude": 2.46753
      },
      "loadFactor": 8
    },
    {
      "id": 6443,
      "pickupLocation": {
        "hash": "u1yv4m",
        "latitude": 55.7507,
        "longitude": 9.593335
      },
      "deliveryLocation": {
        "hash": "u2mw02",
        "latitude": 47.4610559,
        "longitude": 18.9989803
      },
      "loadFactor": 7
    },
    {
      "id": 2600,
      "pickupLocation": {
        "hash": "u0cbft",
        "latitude": 49.379856,
        "longitude": 2.581037
      },
      "deliveryLocation": {
        "hash": "u0skvr",
        "latitude": 48.6866417,
        "longitude": 6.2107081
      },
      "loadFactor": 7
    }
  ]
}