{
  "vehicles": [
    {
      "id": 7371,
      "priceKm": 2.8650206305628565,
      "startLocation": {
        "hash": "u3eb37",
        "latitude": 53.50122810624423,
        "longitude": 16.581234473737737
      }
    },
    {
      "id": 7419,
      "priceKm": 2.175601682187022,
      "startLocation": {
        "hash": "u2br9k",
        "latitude": 50.56341343655724,
        "longitude": 11.656829011154125
      }
    },
    {
      "id": 2884,
      "priceKm": 1.6037869973990224,
      "startLocation": {
        "hash": "u283z3",
        "latitude": 48.13065454126458,
        "longitude": 11.924449799451107
      }
    },
    {
      "id": 2905,
      "priceKm": 1.5464067392545824,
      "startLocation": {
        "hash": "u1pdem",
        "latitude": 51.09682477114528,
        "longitude": 10.70018162265783
      }
    }
  ],
  "orders": [
    {
      "id": 5784,
      "pickupLocation": {
        "hash": "u1huxx",
        "latitude": 51.455206,
        "longitude": 7.012273
      },
      "deliveryLocation": {
        "hash": "u1jh75",
        "latitude": 51.3937312,
        "longitude": 7.173066
      },
      "loadFactor": 8
    },
    {
      "id": 9482,
      "pickupLocation": {
        "hash": "u1ngm0",
        "latitude": 51.2,
        "longitude": 9.71667
      },
      "deliveryLocation": {
        "hash": "u0y189",
        "latitude": 49.489617,
        "longitude": 8.467269
      },
      "loadFactor": 7
    },
    {
      "id": 4048,
      "pickupLocation": {
        "hash": "u28k82",
        "latitude": 48.605431,
        "longitude": 11.623412
      },
      "deliveryLocation": {
        "hash": "u0rznz",
        "latitude": 47.677501,
        "longitude": 11.201181
      },
      "loadFactor": 7
    },
    {
      "id": 1700,
      "pickupLocation": {
        "hash": "u1m9r4",
        "latitude": 52.2667,
        "longitude": 8.05
      },
      "deliveryLocation": {
        "hash": "u1qjsn",
        "latitude": 53.0322856,
        "longitude": 8.6221497
      },
      "loadFactor": 6
    }
  ]
}