{
  "vehicles": [
    {
      "id": 767,
      "priceKm": 1.332366969455425,
      "startLocation": {
        "hash": "u0zvw3",
        "latitude": 50.193942857256616,
        "longitude": 11.180201683263066
      }
    },
    {
      "id": 9439,
      "priceKm": 1.7411405783521694,
      "startLocation": {
        "hash": "u2475z",
        "latitude": 45.571129562469615,
        "longitude": 14.583200502107804
      }
    },
    {
      "id": 7472,
      "priceKm": 2.3318314810338694,
      "startLocation": {
        "hash": "u0xfb3",
        "latitude": 48.304685218266386,
        "longitude": 10.91085249681114
      }
    },
    {
      "id": 6765,
      "priceKm": 2.8199420902605756,
      "startLocation": {
        "hash": "u0xpqv",
        "latitude": 49.11772365682566,
        "longitude": 10.14809202666707
      }
    }
  ],
  "orders": [
    {
      "id": 9654,
      "pickupLocation": {
        "hash": "u1mxsy",
        "latitude": 53.387024,
        "longitude": 7.952453
      },
      "deliveryLocation": {
        "hash": "u0rrdb",
        "latitude": 47.726706,
        "longitude": 10.316884
      },
      "loadFactor": 7
    },
    {
      "id": 2982,
      "pickupLocation": {
        "hash": "u30cj7",
        "latitude": 50.819903,
        "longitude": 12.539787
      },
      "deliveryLocation": {
        "hash": "u0yu3v",
        "latitude": 49.9958191,
        "longitude": 9.5736561
      },
      "loadFactor": 8
    },
    {
      "id": 4175,
      "pickupLocation": {
        "hash": "u0wqdb",
        "latitude": 48.955734,
        "longitude": 8.920005
      },
      "deliveryLocation": {
        "hash": "u0xps2",
        "latitude": 49.1349586,
        "longitude": 10.0359787
      },
      "loadFactor": 8
    },
    {
      "id": 5212,
      "pickupLocation": {
        "hash": "u1rdjq",
        "latitude": 52.420559,
        "longitude": 10.786168
      },
      "deliveryLocation": {
        "hash": "u1m9r4",
        "latitude": 52.2667,
        "longitude": 8.05
      },
      "loadFactor": 7
    }
  ]
}