{
  "vehicles": [
    {
      "id": 7807,
      "priceKm": 1.316628517519083,
      "startLocation": {
        "hash": "u154bd",
        "latitude": 51.12322854229704,
        "longitude": 4.250437385632861
      }
    },
    {
      "id": 3137,
      "priceKm": 1.6269596990871786,
      "startLocation": {
        "hash": "u2w4dr",
        "latitude": 48.29314476008083,
        "longitude": 19.79350509774949
      }
    },
    {
      "id": 1087,
      "priceKm": 2.7782564960917244,
      "startLocation": {
        "hash": "u2c8cf",
        "latitude": 49.36395563458685,
        "longitude": 13.442440129708288
      }
    },
    {
      "id": 441,
      "priceKm": 2.251341651336891,
      "startLocation": {
        "hash": "u0qvuh",
        "latitude": 47.4439435396565,
        "longitude": 9.672605589061687
      }
    },
    {
      "id": 9544,
      "priceKm": 2.0820117980733377,
      "startLocation": {
        "hash": "u0zr4g",
        "latitude": 50.469971821389954,
        "longitude": 10.32031202947161
      }
    }
  ],
  "orders": [
    {
      "id": 244,
      "pickupLocation": {
        "hash": "u28k82",
        "latitude": 48.605431,
        "longitude": 11.623412
      },
      "deliveryLocation": {
        "hash": "u281fd",
        "latitude": 48.134004,
        "longitude": 11.365731
      },
      "loadFactor": 4
    },
    {
      "id": 8525,
      "pickupLocation": {
        "hash": "u1yv4k",
        "latitude": 55.7500432,
        "longitude": 9.5962215
      },
      "deliveryLocation": {
        "hash": "u1wy60",
        "latitude": 54.5411537,
        "longitude": 9.5865251
      },
      "loadFactor": 3
    },
    {
      "id": 10461,
      "pickupLocation": {
        "hash": "u1511b",
        "latitude": 50.802795,
        "longitude": 4.302606
      },
      "deliveryLocation": {
        "hash": "u28jeb",
        "latitude": 48.7806037,
        "longitude": 11.4232892
      },
      "loadFactor": 6
    },
    {
      "id": 6479,
      "pickupLocation": {
        "hash": "u1q52c",
        "latitude": 52.609453,
        "longitude": 8.480184
      },
      "deliveryLocation": {
        "hash": "u0ymcd",
        "latitude": 50.2425094,
        "longitude": 8.8581313
      },
      "loadFactor": 7
    },
    {
      "id": 7757,
      "pickupLocation": {
        "hash": "u1mpd8",
        "latitude": 53.351613,
        "longitude": 7.147359
      },
      "deliveryLocation": {
        "hash": "u1w0ek",
        "latitude": 53.552227,
        "longitude": 8.586551
      },
      "loadFactor": 5
    },
    {
      "id": 4562,
      "pickupLocation": {
        "hash": "u0zck4",
        "latitude": 49.45385,
        "longitude": 11.077324
      },
      "deliveryLocation": {
        "hash": "u2945b",
        "latitude": 48.1689873,
        "longitude": 12.8304815
      },
      "loadFactor": 8
    }
  ]
}