{
  "vehicles": [
    {
      "id": 3184,
      "priceKm": 1.050134768516578,
      "startLocation": {
        "hash": "u34qqt",
        "latitude": 51.752025972895076,
        "longitude": 14.704083305989933
      }
    },
    {
      "id": 5377,
      "priceKm": 2.1972631905331026,
      "startLocation": {
        "hash": "u0wz6c",
        "latitude": 49.09729336198633,
        "longitude": 9.623677278067484
      }
    },
    {
      "id": 2963,
      "priceKm": 1.5510896517412167,
      "startLocation": {
        "hash": "u3j5dj",
        "latitude": 51.2692350004954,
        "longitude": 18.373031850912405
      }
    },
    {
      "id": 2427,
      "priceKm": 2.643503968999223,
      "startLocation": {
        "hash": "u32jjz",
        "latitude": 52.94998110397119,
        "longitude": 11.511620855988943
      }
    },
    {
      "id": 380,
      "priceKm": 2.2350233994891964,
      "startLocation": {
        "hash": "u0mx9u",
        "latitude": 47.74814907032424,
        "longitude": 7.818409418383048
      }
    }
  ],
  "orders": [
    {
      "id": 8883,
      "pickupLocation": {
        "hash": "u32203",
        "latitude": 52.039425,
        "longitude": 11.613103
      },
      "deliveryLocation": {
        "hash": "u0yjh0",
        "latitude": 50.1011959,
        "longitude": 8.6226593
      },
      "loadFactor": 7
    },
    {
      "id": 857,
      "pickupLocation": {
        "hash": "ezksuq",
        "latitude": 41.652133,
        "longitude": -4.728562
      },
      "deliveryLocation": {
        "hash": "u05v3y",
        "latitude": 45.958431,
        "longitude": 5.35951
      },
      "loadFactor": 8
    },
    {
      "id": 6007,
      "pickupLocation": {
        "hash": "u28k82",
        "latitude": 48.605431,
        "longitude": 11.623412
      },
      "deliveryLocation": {
        "hash": "u0xtjk",
        "latitude": 48.717939,
        "longitude": 10.781023
      },
      "loadFactor": 7
    },
    {
      "id": 6343,
      "pickupLocation": {
        "hash": "u32203",
        "latitude": 52.039425,
        "longitude": 11.613103
      },
      "deliveryLocation": {
        "hash": "u0vugc",
        "latitude": 50.0614479,
        "longitude": 8.2529458
      },
      "loadFactor": 7
    },
    {
      "id": 2323,
      "pickupLocation": {
        "hash": "u30cj7",
        "latitude": 50.819903,
        "longitude": 12.539787
      },
      "deliveryLocation": {
        "hash": "u0yu3v",
        "latitude": 49.9958191,
        "longitude": 9.5736561
      },
      "loadFactor": 5
    },
    {
      "id": 2958,
      "pickupLocation": {
        "hash": "u1r2em",
        "latitude": 52.148021,
        "longitude": 10.348964
      },
      "deliveryLocation": {
        "hash": "u1m8q1",
        "latitude": 52.081523,
        "longitude": 8.00351
      },
      "loadFactor": 4
    }
  ]
}