{
  "vehicles": [
    {
      "id": 6895,
      "priceKm": 1.635220272327347,
      "startLocation": {
        "hash": "u0z6sf",
        "latitude": 49.66997249369805,
        "longitude": 10.411934093557072
      }
    },
    {
      "id": 3836,
      "priceKm": 2.6251395774792883,
      "startLocation": {
        "hash": "u0z3ps",
        "latitude": 49.418917800944236,
        "longitude": 10.534013052742521
      }
    },
    {
      "id": 1621,
      "priceKm": 2.1257560698781015,
      "startLocation": {
        "hash": "u1pq34",
        "latitude": 51.739835424641036,
        "longitude": 10.249082172446348
      }
    },
    {
      "id": 1234,
      "priceKm": 2.8638639580077467,
      "startLocation": {
        "hash": "u1n66g",
        "latitude": 51.04140833918556,
        "longitude": 8.914872032672788
      }
    },
    {
      "id": 7539,
      "priceKm": 1.1565096303764226,
      "startLocation": {
        "hash": "u0xdp9",
        "latitude": 48.17241073062436,
        "longitude": 10.885850744074242
      }
    }
  ],
  "orders": [
    {
      "id": 7032,
      "pickupLocation": {
        "hash": "u1rdjq",
        "latitude": 52.420559,
        "longitude": 10.786168
      },
      "deliveryLocation": {
        "hash": "u1hg0p",
        "latitude": 51.1958427,
        "longitude": 6.690083
      },
      "loadFactor": 7
    },
    {
      "id": 5617,
      "pickupLocation": {
        "hash": "u1mxsy",
        "latitude": 53.387024,
        "longitude": 7.952453
      },
      "deliveryLocation": {
        "hash": "u1nezs",
        "latitude": 51.309266,
        "longitude": 9.477016
      },
      "loadFactor": 7
    },
    {
      "id": 9805,
      "pickupLocation": {
        "hash": "u1r2em",
        "latitude": 52.148021,
        "longitude": 10.348964
      },
      "deliveryLocation": {
        "hash": "u1mpeg",
        "latitude": 53.36696,
        "longitude": 7.20595
      },
      "loadFactor": 4
    },
    {
      "id": 319,
      "pickupLocation": {
        "hash": "u0wqdb",
        "latitude": 48.955734,
        "longitude": 8.920005
      },
      "deliveryLocation": {
        "hash": "u0wx9f",
        "latitude": 49.142291,
        "longitude": 9.218655
      },
      "loadFactor": 7
    },
    {
      "id": 6932,
      "pickupLocation": {
        "hash": "u1m9r4",
        "latitude": 52.2667,
        "longitude": 8.05
      },
      "deliveryLocation": {
        "hash": "u297qg",
        "latitude": 48.401215,
        "longitude": 13.310746
      },
      "loadFactor": 8
    },
    {
      "id": 7833,
      "pickupLocation": {
        "hash": "u0cbft",
        "latitude": 49.379856,
        "longitude": 2.581037
      },
      "deliveryLocation": {
        "hash": "u0c8pb",
        "latitude": 49.2203369,
        "longitude": 2.4505701
      },
      "loadFactor": 6
    }
  ]
}