{
  "vehicles": [
    {
      "id": 3597,
      "priceKm": 1.2624858924242282,
      "startLocation": {
        "hash": "u1h8wz",
        "latitude": 50.75176368235876,
        "longitude": 6.6306782761958925
      }
    },
    {
      "id": 659,
      "priceKm": 2.50737676020499,
      "startLocation": {
        "hash": "u1x6d9",
        "latitude": 53.88758760962049,
        "longitude": 10.309061355085088
      }
    },
    {
      "id": 4078,
      "priceKm": 1.3300986766297347,
      "startLocation": {
        "hash": "u0v0c6",
        "latitude": 49.36700128578904,
        "longitude": 7.091870761560981
      }
    },
    {
      "id": 6283,
      "priceKm": 1.3397596508968546,
      "startLocation": {
        "hash": "u0ufur",
        "latitude": 49.74446378686849,
        "longitude": 6.8689019998338905
      }
    },
    {
      "id": 7985,
      "priceKm": 2.4754698173689302,
      "startLocation": {
        "hash": "u2swcq",
        "latitude": 49.036446258906196,
        "longitude": 17.640311983033854
      }
    }
  ],
  "orders": [
    {
      "id": 1803,
      "pickupLocation": {
        "hash": "u1rdk3",
        "latitude": 52.435841,
        "longitude": 10.742137
      },
      "deliveryLocation": {
        "hash": "u1m9r4",
        "latitude": 52.2667,
        "longitude": 8.05
      },
      "loadFactor": 10
    },
    {
      "id": 3018,
      "pickupLocation": {
        "hash": "u1ye7g",
        "latitude": 55.436921,
        "longitude": 9.3126331
      },
      "deliveryLocation": {
        "hash": "u1mtdc",
        "latitude": 53.00766,
        "longitude": 7.8650179
      },
      "loadFactor": 7
    },
    {
      "id": 114,
      "pickupLocation": {
        "hash": "u0zchs",
        "latitude": 49.419392,
        "longitude": 11.098348
      },
      "deliveryLocation": {
        "hash": "u2bqr0",
        "latitude": 50.3219032,
        "longitude": 11.917881
      },
      "loadFactor": 8
    },
    {
      "id": 2808,
      "pickupLocation": {
        "hash": "u30bs3",
        "latitude": 50.718504,
        "longitude": 12.493927
      },
      "deliveryLocation": {
        "hash": "u30cdb",
        "latitude": 50.889108,
        "longitude": 12.431532
      },
      "loadFactor": 6
    },
    {
      "id": 1042,
      "pickupLocation": {
        "hash": "u0b1x4",
        "latitude": 49.496622,
        "longitude": 0.316745
      },
      "deliveryLocation": {
        "hash": "u281z7",
        "latitude": 48.137272,
        "longitude": 11.575482
      },
      "loadFactor": 7
    },
    {
      "id": 1454,
      "pickupLocation": {
        "hash": "u0x76n",
        "latitude": 48.4210806,
        "longitude": 10.2872338
      },
      "deliveryLocation": {
        "hash": "u1w4my",
        "latitude": 53.86878,
        "longitude": 8.698286
      },
      "loadFactor": 7
    }
  ]
}