{
  "vehicles": [
    {
      "id": 4639,
      "priceKm": 1.3968933560974752,
      "startLocation": {
        "hash": "u4n9pz",
        "latitude": 56.4692078637532,
        "longitude": 9.485212829341174
      }
    },
    {
      "id": 3793,
      "priceKm": 2.4235466023291408,
      "startLocation": {
        "hash": "u330q6",
        "latitude": 52.090342059276885,
        "longitude": 12.940499198561728
      }
    },
    {
      "id": 1878,
      "priceKm": 2.6292230801733103,
      "startLocation": {
        "hash": "u1r210",
        "latitude": 52.036180492652605,
        "longitude": 10.240152234482157
      }
    },
    {
      "id": 5074,
      "priceKm": 2.5464678261344904,
      "startLocation": {
        "hash": "u336zm",
        "latitude": 52.54565370628362,
        "longitude": 13.328075199877647
      }
    },
    {
      "id": 9448,
      "priceKm": 2.081436895154392,
      "startLocation": {
        "hash": "u2c49n",
        "latitude": 49.692379475116226,
        "longitude": 12.710217788687652
      }
    }
  ],
  "orders": [
    {
      "id": 1624,
      "pickupLocation": {
        "hash": "u1mxsy",
        "latitude": 53.387024,
        "longitude": 7.952453
      },
      "deliveryLocation": {
        "hash": "u0yhvb",
        "latitude": 50.055249,
        "longitude": 8.695738
      },
      "loadFactor": 8
    },
    {
      "id": 11146,
      "pickupLocation": {
        "hash": "u28jqm",
        "latitude": 48.766472,
        "longitude": 11.533357
      },
      "deliveryLocation": {
        "hash": "u1nsmy",
        "latitude": 51.408161,
        "longitude": 9.402353
      },
      "loadFactor": 7
    },
    {
      "id": 3001,
      "pickupLocation": {
        "hash": "u1m9r4",
        "latitude": 52.2667,
        "longitude": 8.05
      },
      "deliveryLocation": {
        "hash": "u1qt4c",
        "latitude": 52.9169323,
        "longitude": 9.2677061
      },
      "loadFactor": 7
    },
    {
      "id": 10876,
      "pickupLocation": {
        "hash": "u0wqdb",
        "latitude": 48.955734,
        "longitude": 8.920005
      },
      "deliveryLocation": {
        "hash": "u0ydpw",
        "latitude": 49.6056598,
        "longitude": 9.4750088
      },
      "loadFactor": 8
    },
    {
      "id": 3879,
      "pickupLocation": {
        "hash": "u1hu9e",
        "latitude": 51.433434,
        "longitude": 6.749769
      },
      "deliveryLocation": {
        "hash": "u311nj",
        "latitude": 50.832261,
        "longitude": 12.925298
      },
      "loadFactor": 8
    },
    {
      "id": 6061,
      "pickupLocation": {
        "hash": "u28k82",
        "latitude": 48.605431,
        "longitude": 11.623412
      },
      "deliveryLocation": {
        "hash": "u0wcwu",
        "latitude": 48.098441,
        "longitude": 9.789994
      },
      "loadFactor": 7
    }
  ]
}