{
  "vehicles": [
    {
      "id": 1115,
      "priceKm": 2.7324775097480947,
      "startLocation": {
        "hash": "u0xq1h",
        "latitude": 48.893376432531966,
        "longitude": 10.240973403718215
      }
    },
    {
      "id": 4159,
      "priceKm": 1.4252892347149833,
      "startLocation": {
        "hash": "u2fbnd",
        "latitude": 49.23071372873694,
        "longitude": 15.410786627858572
      }
    },
    {
      "id": 4623,
      "priceKm": 1.2250418418736444,
      "startLocation": {
        "hash": "u28ght",
        "latitude": 48.368313256367706,
        "longitude": 12.506314894672895
      }
    },
    {
      "id": 115,
      "priceKm": 1.7220396519486747,
      "startLocation": {
        "hash": "u302ny",
        "latitude": 50.66289435134583,
        "longitude": 11.899315688038982
      }
    },
    {
      "id": 9991,
      "priceKm": 1.8096974013819713,
      "startLocation": {
        "hash": "u0segm",
        "latitude": 48.502747799698604,
        "longitude": 6.472196667932325
      }
    }
  ],
  "orders": [
    {
      "id": 1949,
      "pickupLocation": {
        "hash": "u1r2em",
        "latitude": 52.148021,
        "longitude": 10.348964
      },
      "deliveryLocation": {
        "hash": "u1mww4",
        "latitude": 53.185155,
        "longitude": 8.003488
      },
      "loadFactor": 7
    },
    {
      "id": 3975,
      "pickupLocation": {
        "hash": "u1qmbq",
        "latitude": 53.07581,
        "longitude": 8.80717
      },
      "deliveryLocation": {
        "hash": "u1qfm4",
        "latitude": 52.44178,
        "longitude": 9.72117
      },
      "loadFactor": 7
    },
    {
      "id": 4212,
      "pickupLocation": {
        "hash": "u1m9r4",
        "latitude": 52.2667,
        "longitude": 8.05
      },
      "deliveryLocation": {
        "hash": "u0y5sz",
        "latitude": 49.872776,
        "longitude": 8.6511784
      },
      "loadFactor": 8
    },
    {
      "id": 5467,
      "pickupLocation": {
        "hash": "u1r2em",
        "latitude": 52.148021,
        "longitude": 10.348964
      },
      "deliveryLocation": {
        "hash": "u1mqcd",
        "latitude": 53.232728,
        "longitude": 7.459549
      },
      "loadFactor": 7
    },
    {
      "id": 7790,
      "pickupLocation": {
        "hash": "u2c0s2",
        "latitude": 49.308084,
        "longitude": 12.845029
      },
      "deliveryLocation": {
        "hash": "u2953d",
        "latitude": 48.3991405,
        "longitude": 12.7239205
      },
      "loadFactor": 8
    },
    {
      "id": 1191,
      "pickupLocation": {
        "hash": "u1mpd8",
        "latitude": 53.351613,
        "longitude": 7.147359
      },
      "deliveryLocation": {
        "hash": "u1ye73",
        "latitude": 55.425971,
        "longitude": 9.293642
      },
      "loadFactor": 8
    }
  ]
}