{
  "vehicles": [
    {
      "id": 3992,
      "priceKm": 1.7105022939330115,
      "startLocation": {
        "hash": "u2ce25",
        "latitude": 49.81024065145833,
        "longitude": 13.367748576043713
      }
    },
    {
      "id": 5974,
      "priceKm": 1.8442038644341205,
      "startLocation": {
        "hash": "u0y5p3",
        "latitude": 49.755622485097796,
        "longitude": 8.7581456533834
      }
    },
    {
      "id": 5635,
      "priceKm": 2.3534455827395995,
      "startLocation": {
        "hash": "ezjmtr",
        "latitude": 40.38544971397706,
        "longitude": -3.63482295408195
      }
    },
    {
      "id": 9062,
      "priceKm": 2.1358601813647557,
      "startLocation": {
        "hash": "u29jm0",
        "latitude": 48.736548943173375,
        "longitude": 12.881457145202194
      }
    },
    {
      "id": 6542,
      "priceKm": 2.3334759381705688,
      "startLocation": {
        "hash": "u1n78p",
        "latitude": 51.283070762659264,
        "longitude": 8.799103452579404
      }
    }
  ],
  "orders": [
    {
      "id": 5695,
      "pickupLocation": {
        "hash": "spey61",
        "latitude": 43.294806,
        "longitude": 5.370816
      },
      "deliveryLocation": {
        "hash": "u08ycg",
        "latitude": 49.018364,
        "longitude": 1.137582
      },
      "loadFactor": 8
    },
    {
      "id": 4250,
      "pickupLocation": {
        "hash": "u28jkj",
        "latitude": 48.765933,
        "longitude": 11.431703
      },
      "deliveryLocation": {
        "hash": "u2e818",
        "latitude": 47.813176,
        "longitude": 16.244032
      },
      "loadFactor": 7
    },
    {
      "id": 1009,
      "pickupLocation": {
        "hash": "u30cj7",
        "latitude": 50.819903,
        "longitude": 12.539787
      },
      "deliveryLocation": {
        "hash": "u0z54c",
        "latitude": 49.7557528,
        "longitude": 9.9673036
      },
      "loadFactor": 8
    },
    {
      "id": 9127,
      "pickupLocation": {
        "hash": "u0wqdb",
        "latitude": 48.955734,
        "longitude": 8.920005
      },
      "deliveryLocation": {
        "hash": "u0wv5f",
        "latitude": 48.7052956,
        "longitude": 9.6607962
      },
      "loadFactor": 5
    },
    {
      "id": 9703,
      "pickupLocation": {
        "hash": "u281z7",
        "latitude": 48.137272,
        "longitude": 11.575482
      },
      "deliveryLocation": {
        "hash": "u1nsmy",
        "latitude": 51.408161,
        "longitude": 9.402353
      },
      "loadFactor": 8
    },
    {
      "id": 7006,
      "pickupLocation": {
        "hash": "u1xd7n",
        "latitude": 53.866444,
        "longitude": 10.684738
      },
      "deliveryLocation": {
        "hash": "u1mpeg",
        "latitude": 53.36696,
        "longitude": 7.20595
      },
      "loadFactor": 5
    }
  ]
}