{
  "vehicles": [
    {
      "id": 8410,
      "priceKm": 1.972935737292033,
      "startLocation": {
        "hash": "u1tgzz",
        "latitude": 54.13702451331254,
        "longitude": 8.43682584293031
      }
    },
    {
      "id": 1814,
      "priceKm": 2.324900390177726,
      "startLocation": {
        "hash": "u285fw",
        "latitude": 48.50801072814011,
        "longitude": 11.363669286766395
      }
    },
    {
      "id": 609,
      "priceKm": 2.39176683775181,
      "startLocation": {
        "hash": "u0zbyg",
        "latitude": 49.368685301226186,
        "longitude": 11.202919780938446
      }
    },
    {
      "id": 6048,
      "priceKm": 2.0348063964201026,
      "startLocation": {
        "hash": "u1xx5y",
        "latitude": 54.70594566730065,
        "longitude": 10.71379122430208
      }
    },
    {
      "id": 6960,
      "priceKm": 1.1201346219505568,
      "startLocation": {
        "hash": "u1rmp6",
        "latitude": 52.9230275639084,
        "longitude": 10.519988360904142
      }
    }
  ],
  "orders": [
    {
      "id": 5356,
      "pickupLocation": {
        "hash": "u0b1x4",
        "latitude": 49.496622,
        "longitude": 0.316745
      },
      "deliveryLocation": {
        "hash": "u15ebx",
        "latitude": 51.323382,
        "longitude": 4.94847
      },
      "loadFactor": 3
    },
    {
      "id": 9424,
      "pickupLocation": {
        "hash": "u28k82",
        "latitude": 48.605431,
        "longitude": 11.623412
      },
      "deliveryLocation": {
        "hash": "u0rxc9",
        "latitude": 47.775065,
        "longitude": 10.617085
      },
      "loadFactor": 8
    },
    {
      "id": 474,
      "pickupLocation": {
        "hash": "u32203",
        "latitude": 52.039425,
        "longitude": 11.613103
      },
      "deliveryLocation": {
        "hash": "u1w0ek",
        "latitude": 53.552227,
        "longitude": 8.5865507
      },
      "loadFactor": 5
    },
    {
      "id": 6301,
      "pickupLocation": {
        "hash": "u0b1x4",
        "latitude": 49.496622,
        "longitude": 0.316745
      },
      "deliveryLocation": {
        "hash": "u09v24",
        "latitude": 48.7486687,
        "longitude": 2.463412
      },
      "loadFactor": 3
    },
    {
      "id": 10867,
      "pickupLocation": {
        "hash": "u1tb82",
        "latitude": 53.5278778,
        "longitude": 8.1063013
      },
      "deliveryLocation": {
        "hash": "u0zck4",
        "latitude": 49.45385,
        "longitude": 11.077324
      },
      "loadFactor": 7
    },
    {
      "id": 2942,
      "pickupLocation": {
        "hash": "u0wqdb",
        "latitude": 48.955734,
        "longitude": 8.920005
      },
      "deliveryLocation": {
        "hash": "u0wswx",
        "latitude": 48.6443432,
        "longitude": 9.4353208
      },
      "loadFactor": 5
    }
  ]
}