{
  "vehicles": [
    {
      "id": 4673,
      "priceKm": 2.5241097291311814,
      "startLocation": {
        "hash": "u1wchy",
        "latitude": 53.650347114856096,
        "longitude": 9.706558035924933
      }
    },
    {
      "id": 3145,
      "priceKm": 1.5922712290479073,
      "startLocation": {
        "hash": "u1t28y",
        "latitude": 53.55987142061127,
        "longitude": 7.417530616706693
      }
    },
    {
      "id": 9305,
      "priceKm": 2.1731191699300103,
      "startLocation": {
        "hash": "u0cznh",
        "latitude": 50.47378778330496,
        "longitude": 2.7314453850117406
      }
    },
    {
      "id": 8737,
      "priceKm": 2.798752858246619,
      "startLocation": {
        "hash": "u1nn37",
        "latitude": 51.74096886839431,
        "longitude": 8.49520855419228
      }
    },
    {
      "id": 8391,
      "priceKm": 1.0725114666034632,
      "startLocation": {
        "hash": "u3dbvr",
        "latitude": 53.61321971975776,
        "longitude": 15.354704018744057
      }
    }
  ],
  "orders": [
    {
      "id": 2665,
      "pickupLocation": {
        "hash": "u28k82",
        "latitude": 48.605431,
        "longitude": 11.623412
      },
      "deliveryLocation": {
        "hash": "u286m1",
        "latitude": 48.216725,
        "longitude": 11.825342
      },
      "loadFactor": 7
    },
    {
      "id": 1854,
      "pickupLocation": {
        "hash": "u0wqdb",
        "latitude": 48.955734,
        "longitude": 8.920005
      },
      "deliveryLocation": {
        "hash": "u0xps2",
        "latitude": 49.1349586,
        "longitude": 10.0359787
      },
      "loadFactor": 8
    },
    {
      "id": 7893,
      "pickupLocation": {
        "hash": "u0wqdb",
        "latitude": 48.955734,
        "longitude": 8.920005
      },
      "deliveryLocation": {
        "hash": "u0wv8g",
        "latitude": 48.7999992,
        "longitude": 9.53333
      },
      "loadFactor": 7
    },
    {
      "id": 10021,
      "pickupLocation": {
        "hash": "u30cj7",
        "latitude": 50.819903,
        "longitude": 12.539787
      },
      "deliveryLocation": {
        "hash": "u0zkxs",
        "latitude": 50.0332537,
        "longitude": 10.5343175
      },
      "loadFactor": 7
    },
    {
      "id": 2088,
      "pickupLocation": {
        "hash": "u30cj7",
        "latitude": 50.819903,
        "longitude": 12.539787
      },
      "deliveryLocation": {
        "hash": "u0z560",
        "latitude": 49.79245,
        "longitude": 9.9329662
      },
      "loadFactor": 5
    },
    {
      "id": 11063,
      "pickupLocation": {
        "hash": "u28k82",
        "latitude": 48.605431,
        "longitude": 11.623412
      },
      "deliveryLocation": {
        "hash": "u22rv7",
        "latitude": 47.790025,
        "longitude": 11.833542
      },
      "loadFactor": 6
    }
  ]
}