{
  "vehicles": [
    {
      "id": 4197,
      "priceKm": 2.3758542440863444,
      "startLocation": {
        "hash": "u32uuw",
        "latitude": 52.90034141734445,
        "longitude": 12.507446481122406
      }
    },
    {
      "id": 1551,
      "priceKm": 2.660608097148928,
      "startLocation": {
        "hash": "u364zc",
        "latitude": 52.52134879343789,
        "longitude": 14.41349893297536
      }
    },
    {
      "id": 9395,
      "priceKm": 1.1311376078004403,
      "startLocation": {
        "hash": "u2btzs",
        "latitude": 50.25549046189345,
        "longitude": 12.283739688629034
      }
    },
    {
      "id": 9196,
      "priceKm": 1.049342549683167,
      "startLocation": {
        "hash": "u3h11b",
        "latitude": 50.80478002675589,
        "longitude": 16.955217077307232
      }
    },
    {
      "id": 7016,
      "priceKm": 2.208732477414232,
      "startLocation": {
        "hash": "u0du1f",
        "latitude": 48.53004241302704,
        "longitude": 3.9533272026596156
      }
    }
  ],
  "orders": [
    {
      "id": 4930,
      "pickupLocation": {
        "hash": "u0wqdb",
        "latitude": 48.955734,
        "longitude": 8.920005
      },
      "deliveryLocation": {
        "hash": "u0wscf",
        "latitude": 48.661775,
        "longitude": 9.223679
      },
      "loadFactor": 6
    },
    {
      "id": 8845,
      "pickupLocation": {
        "hash": "u1mxsy",
        "latitude": 53.387024,
        "longitude": 7.952453
      },
      "deliveryLocation": {
        "hash": "u0ynvm",
        "latitude": 50.434476,
        "longitude": 8.670137
      },
      "loadFactor": 7
    },
    {
      "id": 793,
      "pickupLocation": {
        "hash": "u1huxx",
        "latitude": 51.455206,
        "longitude": 7.012273
      },
      "deliveryLocation": {
        "hash": "u1hg7h",
        "latitude": 51.2218333,
        "longitude": 6.8218705
      },
      "loadFactor": 7
    },
    {
      "id": 5955,
      "pickupLocation": {
        "hash": "u1hu9e",
        "latitude": 51.433434,
        "longitude": 6.749769
      },
      "deliveryLocation": {
        "hash": "u0zrs5",
        "latitude": 50.555513,
        "longitude": 10.3748651
      },
      "loadFactor": 8
    },
    {
      "id": 5287,
      "pickupLocation": {
        "hash": "u30bs3",
        "latitude": 50.718504,
        "longitude": 12.493927
      },
      "deliveryLocation": {
        "hash": "u38s58",
        "latitude": 54.1440386,
        "longitude": 12.1074132
      },
      "loadFactor": 6
    },
    {
      "id": 10407,
      "pickupLocation": {
        "hash": "u1m9r4",
        "latitude": 52.2667,
        "longitude": 8.05
      },
      "deliveryLocation": {
        "hash": "u33325",
        "latitude": 52.2715724,
        "longitude": 13.0112586
      },
      "loadFactor": 8
    }
  ]
}