{
  "vehicles": [
    {
      "id": 7869,
      "priceKm": 2.056025466421622,
      "startLocation": {
        "hash": "u34prz",
        "latitude": 51.942138892516525,
        "longitude": 14.410740296780586
      }
    },
    {
      "id": 9580,
      "priceKm": 2.6818889343856416,
      "startLocation": {
        "hash": "u0w4nx",
        "latitude": 48.20631879210022,
        "longitude": 8.730719014758321
      }
    },
    {
      "id": 4854,
      "priceKm": 2.4002833175419385,
      "startLocation": {
        "hash": "u31q1d",
        "latitude": 51.695769750088566,
        "longitude": 13.079530946711811
      }
    },
    {
      "id": 8553,
      "priceKm": 1.0930164768005575,
      "startLocation": {
        "hash": "u17jjb",
        "latitude": 52.91548286214971,
        "longitude": 4.47569593057724
      }
    },
    {
      "id": 7707,
      "priceKm": 2.914472343234743,
      "startLocation": {
        "hash": "spfjps",
        "latitude": 44.49930304460328,
        "longitude": 3.1472497221689864
      }
    }
  ],
  "orders": [
    {
      "id": 3017,
      "pickupLocation": {
        "hash": "u0wqdb",
        "latitude": 48.955734,
        "longitude": 8.920005
      },
      "deliveryLocation": {
        "hash": "u0ws5e",
        "latitude": 48.5325026,
        "longitude": 9.2980458
      },
      "loadFactor": 6
    },
    {
      "id": 1809,
      "pickupLocation": {
        "hash": "u30bs3",
        "latitude": 50.718504,
        "longitude": 12.493927
      },
      "deliveryLocation": {
        "hash": "u0mvfs",
        "latitude": 47.439663,
        "longitude": 8.205604
      },
      "loadFactor": 6
    },
    {
      "id": 7662,
      "pickupLocation": {
        "hash": "u1mxsy",
        "latitude": 53.387024,
        "longitude": 7.952453
      },
      "deliveryLocation": {
        "hash": "u0xepu",
        "latitude": 48.367243,
        "longitude": 10.898279
      },
      "loadFactor": 7
    },
    {
      "id": 2951,
      "pickupLocation": {
        "hash": "u1q52c",
        "latitude": 52.609453,
        "longitude": 8.480184
      },
      "deliveryLocation": {
        "hash": "u0ynqv",
        "latitude": 50.3501794,
        "longitude": 8.7443485
      },
      "loadFactor": 4
    },
    {
      "id": 1083,
      "pickupLocation": {
        "hash": "u1511b",
        "latitude": 50.802795,
        "longitude": 4.302606
      },
      "deliveryLocation": {
        "hash": "u28k82",
        "latitude": 48.6054306,
        "longitude": 11.6234121
      },
      "loadFactor": 5
    }
  ]
}