{
  "vehicles": [
    {
      "id": 4602,
      "priceKm": 1.1800505239533314,
      "startLocation": {
        "hash": "u0znr3",
        "latitude": 50.323520114330165,
        "longitude": 10.16457930433439
      }
    },
    {
      "id": 1588,
      "priceKm": 1.3482399795436761,
      "startLocation": {
        "hash": "u0z251",
        "latitude": 49.22757069975306,
        "longitude": 10.334455973541495
      }
    },
    {
      "id": 4468,
      "priceKm": 1.06314164862723,
      "startLocation": {
        "hash": "u1myg0",
        "latitude": 53.218213867961495,
        "longitude": 8.221899137378339
      }
    },
    {
      "id": 2469,
      "priceKm": 2.6157275821571346,
      "startLocation": {
        "hash": "u1m4zd",
        "latitude": 52.53015557337841,
        "longitude": 7.365779898354086
      }
    },
    {
      "id": 2253,
      "priceKm": 1.9322843622189543,
      "startLocation": {
        "hash": "u0mzgu",
        "latitude": 47.79445655584653,
        "longitude": 8.261190558254741
      }
    }
  ],
  "orders": [
    {
      "id": 6728,
      "pickupLocation": {
        "hash": "u0wqdb",
        "latitude": 48.955734,
        "longitude": 8.920005
      },
      "deliveryLocation": {
        "hash": "u0wscj",
        "latitude": 48.6775548,
        "longitude": 9.1951305
      },
      "loadFactor": 6
    },
    {
      "id": 10651,
      "pickupLocation": {
        "hash": "u1mxsy",
        "latitude": 53.387024,
        "longitude": 7.952453
      },
      "deliveryLocation": {
        "hash": "u1jjeg",
        "latitude": 51.611819,
        "longitude": 7.200754
      },
      "loadFactor": 8
    },
    {
      "id": 8599,
      "pickupLocation": {
        "hash": "u30cdb",
        "latitude": 50.889108,
        "longitude": 12.431532
      },
      "deliveryLocation": {
        "hash": "u0tdfz",
        "latitude": 48.336759,
        "longitude": 7.860147
      },
      "loadFactor": 8
    },
    {
      "id": 9312,
      "pickupLocation": {
        "hash": "u30cj7",
        "latitude": 50.819903,
        "longitude": 12.539787
      },
      "deliveryLocation": {
        "hash": "u0z4t1",
        "latitude": 49.6660995,
        "longitude": 10.0651054
      },
      "loadFactor": 8
    },
    {
      "id": 3939,
      "pickupLocation": {
        "hash": "u28k82",
        "latitude": 48.605431,
        "longitude": 11.623412
      },
      "deliveryLocation": {
        "hash": "u284x7",
        "latitude": 48.273069,
        "longitude": 11.570272
      },
      "loadFactor": 9
    }
  ]
}