{
  "vehicles": [
    {
      "id": 8972,
      "priceKm": 1.4823087260135113,
      "startLocation": {
        "hash": "u2bnb7",
        "latitude": 50.42475515201328,
        "longitude": 11.264762979772973
      }
    },
    {
      "id": 8109,
      "priceKm": 1.4514722656120347,
      "startLocation": {
        "hash": "u3hh2j",
        "latitude": 51.399630623842306,
        "longitude": 16.884195321993207
      }
    },
    {
      "id": 3116,
      "priceKm": 1.652057994311446,
      "startLocation": {
        "hash": "u1k3xe",
        "latitude": 52.316778909045276,
        "longitude": 6.311708375893751
      }
    },
    {
      "id": 6660,
      "priceKm": 2.3029328959067232,
      "startLocation": {
        "hash": "sp9jzh",
        "latitude": 43.220743298691296,
        "longitude": 1.7157271509400442
      }
    },
    {
      "id": 8701,
      "priceKm": 2.441601108832529,
      "startLocation": {
        "hash": "u31149",
        "latitude": 50.81054167044162,
        "longitude": 12.77676309613314
      }
    }
  ],
  "orders": [
    {
      "id": 6996,
      "pickupLocation": {
        "hash": "u0wqdb",
        "latitude": 48.955734,
        "longitude": 8.920005
      },
      "deliveryLocation": {
        "hash": "u0wnnh",
        "latitude": 48.890885,
        "longitude": 8.702953
      },
      "loadFactor": 5
    },
    {
      "id": 2751,
      "pickupLocation": {
        "hash": "u0b1x4",
        "latitude": 49.496622,
        "longitude": 0.316745
      },
      "deliveryLocation": {
        "hash": "u1n1p9",
        "latitude": 50.811733,
        "longitude": 8.775774
      },
      "loadFactor": 7
    },
    {
      "id": 6112,
      "pickupLocation": {
        "hash": "u1huxx",
        "latitude": 51.455206,
        "longitude": 7.012273
      },
      "deliveryLocation": {
        "hash": "u1js97",
        "latitude": 51.4379692,
        "longitude": 7.795701
      },
      "loadFactor": 4
    },
    {
      "id": 9693,
      "pickupLocation": {
        "hash": "u1mxsy",
        "latitude": 53.387024,
        "longitude": 7.952453
      },
      "deliveryLocation": {
        "hash": "u2bxzz",
        "latitude": 50.620008,
        "longitude": 12.298936
      },
      "loadFactor": 8
    },
    {
      "id": 6339,
      "pickupLocation": {
        "hash": "u0wqdb",
        "latitude": 48.955734,
        "longitude": 8.920005
      },
      "deliveryLocation": {
        "hash": "u0wscf",
        "latitude": 48.661775,
        "longitude": 9.223679
      },
      "loadFactor": 7
    }
  ]
}