{
  "vehicles": [
    {
      "id": 4804,
      "priceKm": 2.817534258458145,
      "startLocation": {
        "hash": "sp2tcp",
        "latitude": 41.83315211542201,
        "longitude": 0.7577873321038463
      }
    },
    {
      "id": 1772,
      "priceKm": 1.835263782573139,
      "startLocation": {
        "hash": "u2f3kk",
        "latitude": 49.46567659526438,
        "longitude": 14.610519700334864
      }
    },
    {
      "id": 6790,
      "priceKm": 2.0549916508469446,
      "startLocation": {
        "hash": "u1hmgu",
        "latitude": 51.66076600472744,
        "longitude": 6.149946636286651
      }
    },
    {
      "id": 7812,
      "priceKm": 1.915174279075193,
      "startLocation": {
        "hash": "u2sv53",
        "latitude": 48.69719829022703,
        "longitude": 18.08075513184208
      }
    },
    {
      "id": 3498,
      "priceKm": 2.6294133825501014,
      "startLocation": {
        "hash": "u2bgfu",
        "latitude": 49.90202431470188,
        "longitude": 12.435699186119493
      }
    }
  ],
  "orders": [
    {
      "id": 5609,
      "pickupLocation": {
        "hash": "u0zchs",
        "latitude": 49.419392,
        "longitude": 11.098348
      },
      "deliveryLocation": {
        "hash": "u2bqr0",
        "latitude": 50.3219032,
        "longitude": 11.917881
      },
      "loadFactor": 6
    },
    {
      "id": 5498,
      "pickupLocation": {
        "hash": "u2kx33",
        "latitude": 47.687611,
        "longitude": 17.634682
      },
      "deliveryLocation": {
        "hash": "u29s66",
        "latitude": 48.574014,
        "longitude": 13.460645
      },
      "loadFactor": 8
    },
    {
      "id": 10139,
      "pickupLocation": {
        "hash": "u1mxsy",
        "latitude": 53.387024,
        "longitude": 7.952453
      },
      "deliveryLocation": {
        "hash": "u1j9vu",
        "latitude": 50.959863,
        "longitude": 7.98962
      },
      "loadFactor": 8
    },
    {
      "id": 3722,
      "pickupLocation": {
        "hash": "u1m9r4",
        "latitude": 52.2667,
        "longitude": 8.05
      },
      "deliveryLocation": {
        "hash": "u297qg",
        "latitude": 48.401215,
        "longitude": 13.310746
      },
      "loadFactor": 8
    },
    {
      "id": 10907,
      "pickupLocation": {
        "hash": "u1511b",
        "latitude": 50.802795,
        "longitude": 4.302606
      },
      "deliveryLocation": {
        "hash": "u151rr",
        "latitude": 50.886445,
        "longitude": 4.540854
      },
      "loadFactor": 5
    }
  ]
}