{
  "vehicles": [
    {
      "id": 323,
      "priceKm": 2.857728404020625,
      "startLocation": {
        "hash": "u1q5t3",
        "latitude": 52.65415943295219,
        "longitude": 8.672103426165412
      }
    },
    {
      "id": 9693,
      "priceKm": 2.980778334572049,
      "startLocation": {
        "hash": "u09y7u",
        "latitude": 48.937654470239046,
        "longitude": 2.631604702856094
      }
    },
    {
      "id": 7993,
      "priceKm": 2.978389586631633,
      "startLocation": {
        "hash": "u2cv6q",
        "latitude": 50.175532001144056,
        "longitude": 13.81858110334412
      }
    },
    {
      "id": 2888,
      "priceKm": 2.712809814471064,
      "startLocation": {
        "hash": "u1kgpk",
        "latitude": 52.58460072632623,
        "longitude": 7.001504540214257
      }
    },
    {
      "id": 7480,
      "priceKm": 1.2507173731687584,
      "startLocation": {
        "hash": "u0x21y",
        "latitude": 47.84586129980282,
        "longitude": 10.283109063861756
      }
    }
  ],
  "orders": [
    {
      "id": 10841,
      "pickupLocation": {
        "hash": "u2edk8",
        "latitude": 48.208467,
        "longitude": 16.373091
      },
      "deliveryLocation": {
        "hash": "u31f2t",
        "latitude": 51.049329,
        "longitude": 13.738144
      },
      "loadFactor": 8
    },
    {
      "id": 9325,
      "pickupLocation": {
        "hash": "u28k82",
        "latitude": 48.605431,
        "longitude": 11.623412
      },
      "deliveryLocation": {
        "hash": "u281fq",
        "latitude": 48.158024,
        "longitude": 11.351818
      },
      "loadFactor": 10
    },
    {
      "id": 6698,
      "pickupLocation": {
        "hash": "u0f0nr",
        "latitude": 49.259963,
        "longitude": 3.090591
      },
      "deliveryLocation": {
        "hash": "u05kmj",
        "latitude": 45.7754144,
        "longitude": 4.7959854
      },
      "loadFactor": 8
    },
    {
      "id": 5504,
      "pickupLocation": {
        "hash": "u30cj7",
        "latitude": 50.819903,
        "longitude": 12.539787
      },
      "deliveryLocation": {
        "hash": "u0z54c",
        "latitude": 49.7568252,
        "longitude": 9.9675466
      },
      "loadFactor": 7
    },
    {
      "id": 2370,
      "pickupLocation": {
        "hash": "u32203",
        "latitude": 52.039425,
        "longitude": 11.613103
      },
      "deliveryLocation": {
        "hash": "u0y0kr",
        "latitude": 49.304988,
        "longitude": 8.6327405
      },
      "loadFactor": 8
    }
  ]
}