{
  "vehicles": [
    {
      "id": 3384,
      "priceKm": 2.3542093320840394,
      "startLocation": {
        "hash": "u26zft",
        "latitude": 47.800525911309514,
        "longitude": 15.236490027202311
      }
    },
    {
      "id": 8924,
      "priceKm": 1.9838561416474323,
      "startLocation": {
        "hash": "u1rtxj",
        "latitude": 53.03046101907745,
        "longitude": 10.863866335941402
      }
    },
    {
      "id": 2733,
      "priceKm": 1.8189056221202358,
      "startLocation": {
        "hash": "u0y7vp",
        "latitude": 49.921608450689845,
        "longitude": 9.014553171388329
      }
    },
    {
      "id": 8119,
      "priceKm": 2.5334212257483837,
      "startLocation": {
        "hash": "u22m64",
        "latitude": 47.34464453145122,
        "longitude": 11.697840249060839
      }
    },
    {
      "id": 5424,
      "priceKm": 2.2140450830532443,
      "startLocation": {
        "hash": "u3muwn",
        "latitude": 52.857184343773206,
        "longitude": 19.604307936165377
      }
    }
  ],
  "orders": [
    {
      "id": 9756,
      "pickupLocation": {
        "hash": "u1mxsy",
        "latitude": 53.387024,
        "longitude": 7.952453
      },
      "deliveryLocation": {
        "hash": "u1j09e",
        "latitude": 50.734484,
        "longitude": 7.099927
      },
      "loadFactor": 9
    },
    {
      "id": 2023,
      "pickupLocation": {
        "hash": "u1m9r4",
        "latitude": 52.2667,
        "longitude": 8.05
      },
      "deliveryLocation": {
        "hash": "u0zkxk",
        "latitude": 50.0371575,
        "longitude": 10.5151523
      },
      "loadFactor": 8
    },
    {
      "id": 4559,
      "pickupLocation": {
        "hash": "u1r2em",
        "latitude": 52.148021,
        "longitude": 10.348964
      },
      "deliveryLocation": {
        "hash": "u1t24m",
        "latitude": 53.46956,
        "longitude": 7.482381
      },
      "loadFactor": 7
    },
    {
      "id": 4413,
      "pickupLocation": {
        "hash": "u0zck4",
        "latitude": 49.45385,
        "longitude": 11.077324
      },
      "deliveryLocation": {
        "hash": "u2b0kg",
        "latitude": 49.2796249,
        "longitude": 11.459466
      },
      "loadFactor": 9
    },
    {
      "id": 3731,
      "pickupLocation": {
        "hash": "u30u9s",
        "latitude": 51.439009,
        "longitude": 12.371469
      },
      "deliveryLocation": {
        "hash": "u0z560",
        "latitude": 49.79245,
        "longitude": 9.9329662
      },
      "loadFactor": 4
    }
  ]
}