{
  "vehicles": [
    {
      "id": 1342,
      "priceKm": 2.971492516917495,
      "startLocation": {
        "hash": "u0ssz6",
        "latitude": 48.66007761508775,
        "longitude": 6.648907055517895
      }
    },
    {
      "id": 5480,
      "priceKm": 2.8099247451822773,
      "startLocation": {
        "hash": "u1jx3x",
        "latitude": 51.937899387082375,
        "longitude": 7.801029243081591
      }
    },
    {
      "id": 5958,
      "priceKm": 1.0133162319547988,
      "startLocation": {
        "hash": "u1pxgd",
        "latitude": 52.003548617086935,
        "longitude": 10.701627359620277
      }
    },
    {
      "id": 7190,
      "priceKm": 2.9123709998275293,
      "startLocation": {
        "hash": "u0yj3h",
        "latitude": 50.16849120340729,
        "longitude": 8.48305458561692
      }
    },
    {
      "id": 5562,
      "priceKm": 2.977619797418161,
      "startLocation": {
        "hash": "u30jt4",
        "latitude": 51.604258944940355,
        "longitude": 11.477778478346663
      }
    }
  ],
  "orders": [
    {
      "id": 7255,
      "pickupLocation": {
        "hash": "u2kx33",
        "latitude": 47.687611,
        "longitude": 17.634682
      },
      "deliveryLocation": {
        "hash": "u0vww9",
        "latitude": 50.3683052,
        "longitude": 8.02806
      },
      "loadFactor": 8
    },
    {
      "id": 6091,
      "pickupLocation": {
        "hash": "u1r2em",
        "latitude": 52.148021,
        "longitude": 10.348964
      },
      "deliveryLocation": {
        "hash": "u1m8xp",
        "latitude": 52.157609,
        "longitude": 8.045463
      },
      "loadFactor": 8
    },
    {
      "id": 9897,
      "pickupLocation": {
        "hash": "u1yv4m",
        "latitude": 55.7507,
        "longitude": 9.593335
      },
      "deliveryLocation": {
        "hash": "u1r9un",
        "latitude": 52.3746138,
        "longitude": 10.7262534
      },
      "loadFactor": 7
    },
    {
      "id": 2876,
      "pickupLocation": {
        "hash": "u1m9r4",
        "latitude": 52.2667,
        "longitude": 8.05
      },
      "deliveryLocation": {
        "hash": "u1w0et",
        "latitude": 53.5567897,
        "longitude": 8.5939765
      },
      "loadFactor": 6
    },
    {
      "id": 3802,
      "pickupLocation": {
        "hash": "u09qd0",
        "latitude": 48.959139,
        "longitude": 1.855432
      },
      "deliveryLocation": {
        "hash": "u24mmt",
        "latitude": 45.955046,
        "longitude": 14.658455
      },
      "loadFactor": 8
    }
  ]
}