{
  "vehicles": [
    {
      "id": 8348,
      "priceKm": 1.234778057995171,
      "startLocation": {
        "hash": "u29cju",
        "latitude": 48.01271197208056,
        "longitude": 13.967362314683264
      }
    },
    {
      "id": 1066,
      "priceKm": 2.5519146287110237,
      "startLocation": {
        "hash": "u0xhv4",
        "latitude": 48.65963061178322,
        "longitude": 10.070936950667374
      }
    },
    {
      "id": 7355,
      "priceKm": 2.8991404996904415,
      "startLocation": {
        "hash": "u2e7zh",
        "latitude": 48.49794392187853,
        "longitude": 16.132103439923064
      }
    },
    {
      "id": 7949,
      "priceKm": 2.926541248652037,
      "startLocation": {
        "hash": "u29xwr",
        "latitude": 49.171343201323246,
        "longitude": 13.636565450973698
      }
    },
    {
      "id": 4603,
      "priceKm": 2.350781946320149,
      "startLocation": {
        "hash": "u3je6u",
        "latitude": 51.22293359086519,
        "longitude": 19.115194550511703
      }
    }
  ],
  "orders": [
    {
      "id": 5972,
      "pickupLocation": {
        "hash": "u1hu9e",
        "latitude": 51.433434,
        "longitude": 6.749769
      },
      "deliveryLocation": {
        "hash": "u2bhp7",
        "latitude": 49.94272,
        "longitude": 11.576308
      },
      "loadFactor": 8
    },
    {
      "id": 5976,
      "pickupLocation": {
        "hash": "u1r2em",
        "latitude": 52.148021,
        "longitude": 10.348964
      },
      "deliveryLocation": {
        "hash": "u1t24m",
        "latitude": 53.46956,
        "longitude": 7.482381
      },
      "loadFactor": 7
    },
    {
      "id": 3606,
      "pickupLocation": {
        "hash": "u0yenz",
        "latitude": 49.784752,
        "longitude": 9.44109
      },
      "deliveryLocation": {
        "hash": "u0p6we",
        "latitude": 45.46104,
        "longitude": 10.484535
      },
      "loadFactor": 8
    },
    {
      "id": 8408,
      "pickupLocation": {
        "hash": "u0f0nr",
        "latitude": 49.259963,
        "longitude": 3.090591
      },
      "deliveryLocation": {
        "hash": "ezzx7y",
        "latitude": 44.9048318,
        "longitude": -0.5282903
      },
      "loadFactor": 6
    },
    {
      "id": 6810,
      "pickupLocation": {
        "hash": "u0wqdb",
        "latitude": 48.955734,
        "longitude": 8.920005
      },
      "deliveryLocation": {
        "hash": "u0wvzd",
        "latitude": 48.835287,
        "longitude": 9.8231574
      },
      "loadFactor": 7
    }
  ]
}