{
  "vehicles": [
    {
      "id": 4849,
      "priceKm": 1.2956976659511072,
      "startLocation": {
        "hash": "u1rjmj",
        "latitude": 52.98422295176944,
        "longitude": 10.071492838754667
      }
    },
    {
      "id": 1927,
      "priceKm": 2.358575410874138,
      "startLocation": {
        "hash": "u0971t",
        "latitude": 48.37129839073619,
        "longitude": 1.8337782902531143
      }
    },
    {
      "id": 3788,
      "priceKm": 2.0756220242810968,
      "startLocation": {
        "hash": "u0ufyk",
        "latitude": 49.72539394457637,
        "longitude": 6.963463645172566
      }
    },
    {
      "id": 4810,
      "priceKm": 2.5793067666265843,
      "startLocation": {
        "hash": "u0zuwu",
        "latitude": 50.03471245669883,
        "longitude": 11.19530281323593
      }
    },
    {
      "id": 8905,
      "priceKm": 1.6291485878821406,
      "startLocation": {
        "hash": "u1v3h4",
        "latitude": 55.03252683989124,
        "longitude": 7.567291628861373
      }
    }
  ],
  "orders": [
    {
      "id": 280,
      "pickupLocation": {
        "hash": "u28k82",
        "latitude": 48.605431,
        "longitude": 11.623412
      },
      "deliveryLocation": {
        "hash": "u295w3",
        "latitude": 48.433832,
        "longitude": 12.939525
      },
      "loadFactor": 7
    },
    {
      "id": 5178,
      "pickupLocation": {
        "hash": "u1mxsy",
        "latitude": 53.387024,
        "longitude": 7.952453
      },
      "deliveryLocation": {
        "hash": "u0vk77",
        "latitude": 49.983494,
        "longitude": 7.526393
      },
      "loadFactor": 8
    },
    {
      "id": 8217,
      "pickupLocation": {
        "hash": "u32203",
        "latitude": 52.039425,
        "longitude": 11.613103
      },
      "deliveryLocation": {
        "hash": "u0vyh5",
        "latitude": 50.2940022,
        "longitude": 8.2703188
      },
      "loadFactor": 7
    },
    {
      "id": 4714,
      "pickupLocation": {
        "hash": "u1mr3b",
        "latitude": 53.3106603,
        "longitude": 7.4671401
      },
      "deliveryLocation": {
        "hash": "u0w6jx",
        "latitude": 48.20684,
        "longitude": 9.03744
      },
      "loadFactor": 6
    },
    {
      "id": 7023,
      "pickupLocation": {
        "hash": "u0zchs",
        "latitude": 49.419392,
        "longitude": 11.098348
      },
      "deliveryLocation": {
        "hash": "u0xyct",
        "latitude": 49.0305519,
        "longitude": 10.9726963
      },
      "loadFactor": 7
    }
  ]
}