{
  "vehicles": [
    {
      "id": 6155,
      "priceKm": 2.4450508279536227,
      "startLocation": {
        "hash": "u0mmd6",
        "latitude": 47.38844805410596,
        "longitude": 7.485823900669494
      }
    },
    {
      "id": 6117,
      "priceKm": 1.450133995417781,
      "startLocation": {
        "hash": "u30u3j",
        "latitude": 51.399616633881394,
        "longitude": 12.351438356738928
      }
    },
    {
      "id": 1148,
      "priceKm": 2.345807918650143,
      "startLocation": {
        "hash": "gbykhq",
        "latitude": 49.95836872685301,
        "longitude": -2.273658166085283
      }
    },
    {
      "id": 7365,
      "priceKm": 1.4037232750750737,
      "startLocation": {
        "hash": "u25n96",
        "latitude": 46.15395612795616,
        "longitude": 15.526431400581751
      }
    },
    {
      "id": 4095,
      "priceKm": 2.406669184033588,
      "startLocation": {
        "hash": "u0swwm",
        "latitude": 48.98783846987519,
        "longitude": 6.612603915545982
      }
    }
  ],
  "orders": [
    {
      "id": 10762,
      "pickupLocation": {
        "hash": "u30cdb",
        "latitude": 50.889108,
        "longitude": 12.431532
      },
      "deliveryLocation": {
        "hash": "u0w7g2",
        "latitude": 48.4767761,
        "longitude": 8.9349613
      },
      "loadFactor": 6
    },
    {
      "id": 3329,
      "pickupLocation": {
        "hash": "u28k82",
        "latitude": 48.605431,
        "longitude": 11.623412
      },
      "deliveryLocation": {
        "hash": "u283dv",
        "latitude": 48.106218,
        "longitude": 11.72896
      },
      "loadFactor": 7
    },
    {
      "id": 1757,
      "pickupLocation": {
        "hash": "u30cj7",
        "latitude": 50.819903,
        "longitude": 12.539787
      },
      "deliveryLocation": {
        "hash": "u34ehe",
        "latitude": 51.1735924,
        "longitude": 14.9672583
      },
      "loadFactor": 8
    },
    {
      "id": 1747,
      "pickupLocation": {
        "hash": "u30cj7",
        "latitude": 50.819904,
        "longitude": 12.539787
      },
      "deliveryLocation": {
        "hash": "u0z560",
        "latitude": 49.79245,
        "longitude": 9.932966
      },
      "loadFactor": 8
    },
    {
      "id": 9519,
      "pickupLocation": {
        "hash": "u2s1vq",
        "latitude": 48.153538,
        "longitude": 17.109671
      },
      "deliveryLocation": {
        "hash": "u0y5sz",
        "latitude": 49.872775,
        "longitude": 8.651178
      },
      "loadFactor": 10
    }
  ]
}