{
  "vehicles": [
    {
      "id": 2688,
      "priceKm": 1.5828246085352036,
      "startLocation": {
        "hash": "u2cmer",
        "latitude": 50.22405300366562,
        "longitude": 13.15540996881541
      }
    },
    {
      "id": 5540,
      "priceKm": 2.3083890194570795,
      "startLocation": {
        "hash": "u2ex12",
        "latitude": 49.04689542301078,
        "longitude": 16.232338474078478
      }
    },
    {
      "id": 9432,
      "priceKm": 1.6219715970539148,
      "startLocation": {
        "hash": "u0bgwq",
        "latitude": 49.87214794155117,
        "longitude": 1.3325214095795006
      }
    },
    {
      "id": 4242,
      "priceKm": 1.6903677578315908,
      "startLocation": {
        "hash": "ezx3q8",
        "latitude": 42.409744219223064,
        "longitude": -0.7622298563217341
      }
    },
    {
      "id": 8886,
      "priceKm": 2.4416954375784075,
      "startLocation": {
        "hash": "u3bg3g",
        "latitude": 55.435942752689556,
        "longitude": 12.387086049747547
      }
    },
    {
      "id": 5676,
      "priceKm": 2.1055332426612816,
      "startLocation": {
        "hash": "u1nhe9",
        "latitude": 51.4238623328205,
        "longitude": 8.595889426042087
      }
    },
    {
      "id": 4788,
      "priceKm": 1.3936245271592376,
      "startLocation": {
        "hash": "u1mxgt",
        "latitude": 53.42180299591042,
        "longitude": 7.89283740259739
      }
    }
  ],
  "orders": [
    {
      "id": 8776,
      "pickupLocation": {
        "hash": "u0fvcp",
        "latitude": 50.26983,
        "longitude": 3.915832
      },
      "deliveryLocation": {
        "hash": "spexrh",
        "latitude": 43.487234,
        "longitude": 5.23429
      },
      "loadFactor": 7
    },
    {
      "id": 6182,
      "pickupLocation": {
        "hash": "u28k82",
        "latitude": 48.605431,
        "longitude": 11.623412
      },
      "deliveryLocation": {
        "hash": "u282t2",
        "latitude": 47.901573,
        "longitude": 11.839625
      },
      "loadFactor": 7
    },
    {
      "id": 9011,
      "pickupLocation": {
        "hash": "u28jkj",
        "latitude": 48.765933,
        "longitude": 11.431703
      },
      "deliveryLocation": {
        "hash": "ezjkmy",
        "latitude": 40.1574364,
        "longitude": -3.6135261
      },
      "loadFactor": 7
    },
    {
      "id": 774,
      "pickupLocation": {
        "hash": "u28k82",
        "latitude": 48.605431,
        "longitude": 11.623412
      },
      "deliveryLocation": {
        "hash": "u0x576",
        "latitude": 48.398312,
        "longitude": 9.991046
      },
      "loadFactor": 4
    },
    {
      "id": 3984,
      "pickupLocation": {
        "hash": "u1q52c",
        "latitude": 52.609453,
        "longitude": 8.480184
      },
      "deliveryLocation": {
        "hash": "u30zp4",
        "latitude": 51.870994,
        "longitude": 12.6153479
      },
      "loadFactor": 8
    },
    {
      "id": 9250,
      "pickupLocation": {
        "hash": "u1mxsy",
        "latitude": 53.387024,
        "longitude": 7.952453
      },
      "deliveryLocation": {
        "hash": "u0y0dd",
        "latitude": 49.31788,
        "longitude": 8.547401
      },
      "loadFactor": 8
    },
    {
      "id": 755,
      "pickupLocation": {
        "hash": "u1hu9e",
        "latitude": 51.433434,
        "longitude": 6.749769
      },
      "deliveryLocation": {
        "hash": "u1q78q",
        "latitude": 52.682837,
        "longitude": 8.801892
      },
      "loadFactor": 8
    }
  ]
}