{
  "vehicles": [
    {
      "id": 472,
      "priceKm": 2.407238002808705,
      "startLocation": {
        "hash": "u28fcg",
        "latitude": 48.31742629900696,
        "longitude": 12.391264771869178
      }
    },
    {
      "id": 3653,
      "priceKm": 2.9083744650640213,
      "startLocation": {
        "hash": "u2c32u",
        "latitude": 49.46205342953605,
        "longitude": 13.048051053295417
      }
    },
    {
      "id": 8443,
      "priceKm": 1.8821446335511427,
      "startLocation": {
        "hash": "u1hs3d",
        "latitude": 51.385768576178315,
        "longitude": 6.400912705740316
      }
    },
    {
      "id": 4997,
      "priceKm": 2.3256896869654824,
      "startLocation": {
        "hash": "u30h91",
        "latitude": 51.42389006958063,
        "longitude": 11.298585476453667
      }
    },
    {
      "id": 5009,
      "priceKm": 2.8272652352897856,
      "startLocation": {
        "hash": "u289sf",
        "latitude": 48.08987352935313,
        "longitude": 12.168486893598962
      }
    },
    {
      "id": 763,
      "priceKm": 1.044745338118227,
      "startLocation": {
        "hash": "u1pwqq",
        "latitude": 51.7594380209435,
        "longitude": 10.82224801666475
      }
    },
    {
      "id": 7267,
      "priceKm": 2.1224350596767625,
      "startLocation": {
        "hash": "u1k0eb",
        "latitude": 52.12158058378734,
        "longitude": 5.797989241335932
      }
    }
  ],
  "orders": [
    {
      "id": 1052,
      "pickupLocation": {
        "hash": "u1yv4m",
        "latitude": 55.7507,
        "longitude": 9.593335
      },
      "deliveryLocation": {
        "hash": "u2d4vc",
        "latitude": 48.3051521,
        "longitude": 14.3178396
      },
      "loadFactor": 8
    },
    {
      "id": 3725,
      "pickupLocation": {
        "hash": "u2c0s2",
        "latitude": 49.308084,
        "longitude": 12.845029
      },
      "deliveryLocation": {
        "hash": "u0zgbn",
        "latitude": 49.9119929,
        "longitude": 10.8990657
      },
      "loadFactor": 7
    },
    {
      "id": 4706,
      "pickupLocation": {
        "hash": "u30cj7",
        "latitude": 50.819904,
        "longitude": 12.539787
      },
      "deliveryLocation": {
        "hash": "u0yu3f",
        "latitude": 49.9777077,
        "longitude": 9.5778539
      },
      "loadFactor": 9
    },
    {
      "id": 9855,
      "pickupLocation": {
        "hash": "u0zchs",
        "latitude": 49.419392,
        "longitude": 11.098348
      },
      "deliveryLocation": {
        "hash": "u29jyc",
        "latitude": 48.8332405,
        "longitude": 12.9620934
      },
      "loadFactor": 7
    },
    {
      "id": 5345,
      "pickupLocation": {
        "hash": "u623rm",
        "latitude": 57.9060825,
        "longitude": 11.9246143
      },
      "deliveryLocation": {
        "hash": "u1yv1b",
        "latitude": 55.7262175,
        "longitude": 9.5707454
      },
      "loadFactor": 8
    },
    {
      "id": 10120,
      "pickupLocation": {
        "hash": "u1m9r4",
        "latitude": 52.2667,
        "longitude": 8.05
      },
      "deliveryLocation": {
        "hash": "u1jksn",
        "latitude": 51.4507972,
        "longitude": 7.5615526
      },
      "loadFactor": 8
    },
    {
      "id": 8271,
      "pickupLocation": {
        "hash": "u2s1vq",
        "latitude": 48.153538,
        "longitude": 17.109671
      },
      "deliveryLocation": {
        "hash": "sp2cus",
        "latitude": 41.1136856,
        "longitude": 1.252739
      },
      "loadFactor": 5
    }
  ]
}