{
  "vehicles": [
    {
      "id": 9930,
      "priceKm": 1.7434744000289955,
      "startLocation": {
        "hash": "u29vnw",
        "latitude": 48.724380685853035,
        "longitude": 14.00571785487418
      }
    },
    {
      "id": 684,
      "priceKm": 1.510626653601239,
      "startLocation": {
        "hash": "u1jx2n",
        "latitude": 51.9331830227786,
        "longitude": 7.740604613795176
      }
    },
    {
      "id": 4036,
      "priceKm": 2.796593138693442,
      "startLocation": {
        "hash": "u30mb0",
        "latitude": 51.63595375902823,
        "longitude": 11.605108028542247
      }
    },
    {
      "id": 7160,
      "priceKm": 1.3919472674607685,
      "startLocation": {
        "hash": "u2uwc6",
        "latitude": 50.41800655406075,
        "longitude": 17.641529128183702
      }
    },
    {
      "id": 2088,
      "priceKm": 1.5152309441873546,
      "startLocation": {
        "hash": "u29m4w",
        "latitude": 48.72889440008229,
        "longitude": 13.121801638562681
      }
    },
    {
      "id": 7290,
      "priceKm": 2.0810990956733555,
      "startLocation": {
        "hash": "u1weu1",
        "latitude": 54.103369091115084,
        "longitude": 9.320049485397568
      }
    },
    {
      "id": 6424,
      "priceKm": 1.2834203517452345,
      "startLocation": {
        "hash": "u1q1vm",
        "latitude": 52.36866120720965,
        "longitude": 8.668378363127994
      }
    }
  ],
  "orders": [
    {
      "id": 6827,
      "pickupLocation": {
        "hash": "u1m9r4",
        "latitude": 52.2667,
        "longitude": 8.05
      },
      "deliveryLocation": {
        "hash": "u1jx9p",
        "latitude": 51.9826122,
        "longitude": 7.7837602
      },
      "loadFactor": 7
    },
    {
      "id": 8501,
      "pickupLocation": {
        "hash": "u14k10",
        "latitude": 51.331438,
        "longitude": 3.208329
      },
      "deliveryLocation": {
        "hash": "u33db8",
        "latitude": 52.51704,
        "longitude": 13.388855
      },
      "loadFactor": 7
    },
    {
      "id": 2783,
      "pickupLocation": {
        "hash": "u1mxsy",
        "latitude": 53.387024,
        "longitude": 7.952453
      },
      "deliveryLocation": {
        "hash": "u0ys21",
        "latitude": 49.9739,
        "longitude": 9.14917
      },
      "loadFactor": 8
    },
    {
      "id": 2215,
      "pickupLocation": {
        "hash": "u28k82",
        "latitude": 48.605431,
        "longitude": 11.623412
      },
      "deliveryLocation": {
        "hash": "u2945b",
        "latitude": 48.168986,
        "longitude": 12.830482
      },
      "loadFactor": 7
    },
    {
      "id": 6829,
      "pickupLocation": {
        "hash": "u1huxx",
        "latitude": 51.455206,
        "longitude": 7.012273
      },
      "deliveryLocation": {
        "hash": "u1js8z",
        "latitude": 51.457237,
        "longitude": 7.7770377
      },
      "loadFactor": 8
    },
    {
      "id": 5787,
      "pickupLocation": {
        "hash": "u1ngm0",
        "latitude": 51.2,
        "longitude": 9.71667
      },
      "deliveryLocation": {
        "hash": "u0ubtt",
        "latitude": 49.337011,
        "longitude": 6.931334
      },
      "loadFactor": 8
    },
    {
      "id": 5703,
      "pickupLocation": {
        "hash": "u0spxz",
        "latitude": 49.169743,
        "longitude": 5.968539
      },
      "deliveryLocation": {
        "hash": "spewzt",
        "latitude": 43.405634,
        "longitude": 5.2577928
      },
      "loadFactor": 3
    }
  ]
}