{
  "vehicles": [
    {
      "id": 6778,
      "priceKm": 2.610385958226471,
      "startLocation": {
        "hash": "u29yks",
        "latitude": 48.93692851317546,
        "longitude": 13.911097893079932
      }
    },
    {
      "id": 3029,
      "priceKm": 2.8092094345476806,
      "startLocation": {
        "hash": "u2fnu6",
        "latitude": 50.42001696919526,
        "longitude": 14.251176786744391
      }
    },
    {
      "id": 6657,
      "priceKm": 2.1060837008849727,
      "startLocation": {
        "hash": "u0t5gf",
        "latitude": 48.48373565450104,
        "longitude": 7.199692335588498
      }
    },
    {
      "id": 3526,
      "priceKm": 1.2192825176231505,
      "startLocation": {
        "hash": "u335br",
        "latitude": 52.73307284249508,
        "longitude": 12.668225369764905
      }
    },
    {
      "id": 4310,
      "priceKm": 1.5495545832345554,
      "startLocation": {
        "hash": "u0y922",
        "latitude": 49.439338857338974,
        "longitude": 9.16146801111291
      }
    },
    {
      "id": 9836,
      "priceKm": 2.9625424188111276,
      "startLocation": {
        "hash": "u4p7pp",
        "latitude": 56.81743290704402,
        "longitude": 10.51217849030231
      }
    },
    {
      "id": 3551,
      "priceKm": 1.6573264574583384,
      "startLocation": {
        "hash": "u1m6d3",
        "latitude": 52.47687284918776,
        "longitude": 7.488197358241764
      }
    }
  ],
  "orders": [
    {
      "id": 8041,
      "pickupLocation": {
        "hash": "u3k4he",
        "latitude": 52.4040031,
        "longitude": 17.0754108
      },
      "deliveryLocation": {
        "hash": "u331rw",
        "latitude": 52.2871056,
        "longitude": 12.9860497
      },
      "loadFactor": 4
    },
    {
      "id": 10146,
      "pickupLocation": {
        "hash": "u0zchs",
        "latitude": 49.419392,
        "longitude": 11.098348
      },
      "deliveryLocation": {
        "hash": "u28wg7",
        "latitude": 49.0195961,
        "longitude": 12.0977449
      },
      "loadFactor": 8
    },
    {
      "id": 1872,
      "pickupLocation": {
        "hash": "u1r2em",
        "latitude": 52.148021,
        "longitude": 10.348964
      },
      "deliveryLocation": {
        "hash": "u1mgux",
        "latitude": 52.731084,
        "longitude": 8.287327
      },
      "loadFactor": 7
    },
    {
      "id": 5450,
      "pickupLocation": {
        "hash": "u30cj7",
        "latitude": 50.819903,
        "longitude": 12.539787
      },
      "deliveryLocation": {
        "hash": "u0z4z7",
        "latitude": 49.7236067,
        "longitude": 10.1641672
      },
      "loadFactor": 6
    },
    {
      "id": 2576,
      "pickupLocation": {
        "hash": "u0fntc",
        "latitude": 50.370368,
        "longitude": 3.076138
      },
      "deliveryLocation": {
        "hash": "u09qd0",
        "latitude": 48.959139,
        "longitude": 1.855432
      },
      "loadFactor": 7
    },
    {
      "id": 7369,
      "pickupLocation": {
        "hash": "u1yv4m",
        "latitude": 55.7507,
        "longitude": 9.593335
      },
      "deliveryLocation": {
        "hash": "u1jny5",
        "latitude": 51.8315626,
        "longitude": 7.3017267
      },
      "loadFactor": 8
    },
    {
      "id": 8781,
      "pickupLocation": {
        "hash": "u1mxsy",
        "latitude": 53.387024,
        "longitude": 7.952453
      },
      "deliveryLocation": {
        "hash": "u0xref",
        "latitude": 49.142642,
        "longitude": 10.366881
      },
      "loadFactor": 8
    }
  ]
}