{
  "vehicles": [
    {
      "id": 9995,
      "priceKm": 1.0416954687293847,
      "startLocation": {
        "hash": "u1k2d4",
        "latitude": 52.13382780545716,
        "longitude": 6.066512685722428
      }
    },
    {
      "id": 2162,
      "priceKm": 2.7527701606863535,
      "startLocation": {
        "hash": "sp89cy",
        "latitude": 42.53143119927082,
        "longitude": 0.7805123770583324
      }
    },
    {
      "id": 694,
      "priceKm": 1.0803008070948115,
      "startLocation": {
        "hash": "u30qwy",
        "latitude": 51.80113796320076,
        "longitude": 11.898824788048556
      }
    },
    {
      "id": 155,
      "priceKm": 1.3463589465570684,
      "startLocation": {
        "hash": "u0v3pn",
        "latitude": 49.42988989730328,
        "longitude": 7.700639351767828
      }
    },
    {
      "id": 6486,
      "priceKm": 2.3909337272775817,
      "startLocation": {
        "hash": "u0wf4j",
        "latitude": 48.19516447884625,
        "longitude": 9.58442636691861
      }
    },
    {
      "id": 95,
      "priceKm": 1.8020456403131875,
      "startLocation": {
        "hash": "u1ps3x",
        "latitude": 51.414577489013524,
        "longitude": 10.621040363513805
      }
    },
    {
      "id": 2869,
      "priceKm": 1.617781673536629,
      "startLocation": {
        "hash": "u0qvqf",
        "latitude": 47.34345534930103,
        "longitude": 9.797492090961299
      }
    }
  ],
  "orders": [
    {
      "id": 3910,
      "pickupLocation": {
        "hash": "u1mxsy",
        "latitude": 53.387024,
        "longitude": 7.952453
      },
      "deliveryLocation": {
        "hash": "u0wcwu",
        "latitude": 48.098441,
        "longitude": 9.789994
      },
      "loadFactor": 8
    },
    {
      "id": 9957,
      "pickupLocation": {
        "hash": "u28k82",
        "latitude": 48.605431,
        "longitude": 11.623412
      },
      "deliveryLocation": {
        "hash": "u0xmyt",
        "latitude": 48.851658,
        "longitude": 10.488587
      },
      "loadFactor": 2
    },
    {
      "id": 2804,
      "pickupLocation": {
        "hash": "u2gtdh",
        "latitude": 50.212498,
        "longitude": 16.262725
      },
      "deliveryLocation": {
        "hash": "u1mpeg",
        "latitude": 53.36696,
        "longitude": 7.20595
      },
      "loadFactor": 7
    },
    {
      "id": 9168,
      "pickupLocation": {
        "hash": "u1yv4k",
        "latitude": 55.7496919,
        "longitude": 9.5952891
      },
      "deliveryLocation": {
        "hash": "u1myer",
        "latitude": 53.2127716,
        "longitude": 8.2292445
      },
      "loadFactor": 6
    },
    {
      "id": 10224,
      "pickupLocation": {
        "hash": "u1huxx",
        "latitude": 51.455206,
        "longitude": 7.012273
      },
      "deliveryLocation": {
        "hash": "u1hg7k",
        "latitude": 51.2224988,
        "longitude": 6.8247854
      },
      "loadFactor": 7
    },
    {
      "id": 9157,
      "pickupLocation": {
        "hash": "u0wxcg",
        "latitude": 49.191735,
        "longitude": 9.224944
      },
      "deliveryLocation": {
        "hash": "u0tddp",
        "latitude": 48.295226,
        "longitude": 7.823876
      },
      "loadFactor": 6
    },
    {
      "id": 10055,
      "pickupLocation": {
        "hash": "u0wt8z",
        "latitude": 48.8178956,
        "longitude": 9.1755152
      },
      "deliveryLocation": {
        "hash": "u0xhzj",
        "latitude": 48.6767654,
        "longitude": 10.1529226
      },
      "loadFactor": 4
    }
  ]
}