{
  "vehicles": [
    {
      "id": 3483,
      "priceKm": 1.059451421955674,
      "startLocation": {
        "hash": "u0bwcf",
        "latitude": 50.421638027874444,
        "longitude": 0.7814085876090912
      }
    },
    {
      "id": 9027,
      "priceKm": 2.5398101823034795,
      "startLocation": {
        "hash": "u0vvuy",
        "latitude": 50.26736090494123,
        "longitude": 8.299935194469
      }
    },
    {
      "id": 6962,
      "priceKm": 1.557689121293902,
      "startLocation": {
        "hash": "u0qxhp",
        "latitude": 47.6781899138258,
        "longitude": 9.316602088310576
      }
    },
    {
      "id": 5842,
      "priceKm": 1.108228668215116,
      "startLocation": {
        "hash": "u2b0vg",
        "latitude": 49.36710050998485,
        "longitude": 11.507068403244928
      }
    },
    {
      "id": 9952,
      "priceKm": 1.9432178664210074,
      "startLocation": {
        "hash": "u1mgdz",
        "latitude": 52.68496868131227,
        "longitude": 8.211905727140826
      }
    },
    {
      "id": 5884,
      "priceKm": 2.8679492023370696,
      "startLocation": {
        "hash": "u1w9rw",
        "latitude": 53.69072112792975,
        "longitude": 9.473326089480752
      }
    },
    {
      "id": 5541,
      "priceKm": 2.3470802133684865,
      "startLocation": {
        "hash": "u1m41f",
        "latitude": 52.39603290199031,
        "longitude": 7.115543886880839
      }
    }
  ],
  "orders": [
    {
      "id": 5947,
      "pickupLocation": {
        "hash": "u0wqdb",
        "latitude": 48.955734,
        "longitude": 8.920005
      },
      "deliveryLocation": {
        "hash": "u0wv5b",
        "latitude": 48.6945075,
        "longitude": 9.6660442
      },
      "loadFactor": 7
    },
    {
      "id": 4053,
      "pickupLocation": {
        "hash": "u1r2em",
        "latitude": 52.148021,
        "longitude": 10.348964
      },
      "deliveryLocation": {
        "hash": "u1mkh4",
        "latitude": 52.750042,
        "longitude": 7.568568
      },
      "loadFactor": 7
    },
    {
      "id": 4469,
      "pickupLocation": {
        "hash": "u1mxsy",
        "latitude": 53.387024,
        "longitude": 7.952453
      },
      "deliveryLocation": {
        "hash": "u1jj0z",
        "latitude": 51.543113,
        "longitude": 7.071169
      },
      "loadFactor": 7
    },
    {
      "id": 10698,
      "pickupLocation": {
        "hash": "u28k82",
        "latitude": 48.605431,
        "longitude": 11.623412
      },
      "deliveryLocation": {
        "hash": "u0wc0j",
        "latitude": 48.015807,
        "longitude": 9.501031
      },
      "loadFactor": 6
    },
    {
      "id": 4266,
      "pickupLocation": {
        "hash": "u30u9s",
        "latitude": 51.439009,
        "longitude": 12.371469
      },
      "deliveryLocation": {
        "hash": "u0yg0k",
        "latitude": 49.7695617,
        "longitude": 9.5125342
      },
      "loadFactor": 8
    },
    {
      "id": 9027,
      "pickupLocation": {
        "hash": "u0wqdb",
        "latitude": 48.955734,
        "longitude": 8.920005
      },
      "deliveryLocation": {
        "hash": "u0wx98",
        "latitude": 49.1346901,
        "longitude": 9.2159604
      },
      "loadFactor": 6
    },
    {
      "id": 1333,
      "pickupLocation": {
        "hash": "u1m9r4",
        "latitude": 52.2667,
        "longitude": 8.05
      },
      "deliveryLocation": {
        "hash": "u0v036",
        "latitude": 49.2759918,
        "longitude": 7.0908993
      },
      "loadFactor": 8
    }
  ]
}