{
  "vehicles": [
    {
      "id": 6558,
      "priceKm": 2.9181717618873995,
      "startLocation": {
        "hash": "u0zdtz",
        "latitude": 49.70198747494323,
        "longitude": 10.800506368944841
      }
    },
    {
      "id": 5300,
      "priceKm": 2.3722241667559487,
      "startLocation": {
        "hash": "u0crxm",
        "latitude": 50.56869112930117,
        "longitude": 2.0821202740474836
      }
    },
    {
      "id": 5359,
      "priceKm": 2.7595128439830896,
      "startLocation": {
        "hash": "u0mwv1",
        "latitude": 47.600204476291296,
        "longitude": 7.964562516148342
      }
    },
    {
      "id": 9233,
      "priceKm": 1.4383349781360988,
      "startLocation": {
        "hash": "u0xx6r",
        "latitude": 49.12994982814342,
        "longitude": 10.648416588748038
      }
    },
    {
      "id": 1387,
      "priceKm": 2.4127488728024105,
      "startLocation": {
        "hash": "u1tq9m",
        "latitude": 54.609334629721225,
        "longitude": 7.448211445838523
      }
    },
    {
      "id": 3445,
      "priceKm": 2.241879790761153,
      "startLocation": {
        "hash": "u0th7d",
        "latitude": 48.57374821926555,
        "longitude": 7.193446147121844
      }
    },
    {
      "id": 9444,
      "priceKm": 1.9396250856548536,
      "startLocation": {
        "hash": "u1p4jb",
        "latitude": 50.98096424543639,
        "longitude": 10.103636694806617
      }
    }
  ],
  "orders": [
    {
      "id": 7619,
      "pickupLocation": {
        "hash": "u30cdb",
        "latitude": 50.889108,
        "longitude": 12.431532
      },
      "deliveryLocation": {
        "hash": "u0t8fp",
        "latitude": 47.984395,
        "longitude": 7.8269361
      },
      "loadFactor": 7
    },
    {
      "id": 718,
      "pickupLocation": {
        "hash": "u1r2em",
        "latitude": 52.148021,
        "longitude": 10.348964
      },
      "deliveryLocation": {
        "hash": "u1t0gu",
        "latitude": 53.594204,
        "longitude": 7.206744
      },
      "loadFactor": 8
    },
    {
      "id": 8364,
      "pickupLocation": {
        "hash": "u1mxsy",
        "latitude": 53.387024,
        "longitude": 7.952453
      },
      "deliveryLocation": {
        "hash": "u0qzrc",
        "latitude": 47.686241,
        "longitude": 9.835329
      },
      "loadFactor": 8
    },
    {
      "id": 1925,
      "pickupLocation": {
        "hash": "u28k82",
        "latitude": 48.605431,
        "longitude": 11.623412
      },
      "deliveryLocation": {
        "hash": "u0xvq2",
        "latitude": 48.737195,
        "longitude": 11.179527
      },
      "loadFactor": 2
    },
    {
      "id": 7752,
      "pickupLocation": {
        "hash": "u28k82",
        "latitude": 48.605431,
        "longitude": 11.623412
      },
      "deliveryLocation": {
        "hash": "u0xtjk",
        "latitude": 48.717939,
        "longitude": 10.781023
      },
      "loadFactor": 10
    },
    {
      "id": 4299,
      "pickupLocation": {
        "hash": "u1hu9e",
        "latitude": 51.433434,
        "longitude": 6.749769
      },
      "deliveryLocation": {
        "hash": "u39hdw",
        "latitude": 54.262648,
        "longitude": 12.771051
      },
      "loadFactor": 8
    },
    {
      "id": 8649,
      "pickupLocation": {
        "hash": "u0fntc",
        "latitude": 50.370368,
        "longitude": 3.076138
      },
      "deliveryLocation": {
        "hash": "u09scq",
        "latitude": 48.6805573,
        "longitude": 2.169009
      },
      "loadFactor": 7
    }
  ]
}