{
  "vehicles": [
    {
      "id": 1961,
      "priceKm": 1.3100379235204438,
      "startLocation": {
        "hash": "u0yvh0",
        "latitude": 50.09867725675729,
        "longitude": 9.66806575951862
      }
    },
    {
      "id": 201,
      "priceKm": 1.9725585170160804,
      "startLocation": {
        "hash": "u1p13d",
        "latitude": 50.859580582815184,
        "longitude": 9.911020890741513
      }
    },
    {
      "id": 3061,
      "priceKm": 1.0531783045867735,
      "startLocation": {
        "hash": "u0qpbc",
        "latitude": 47.775741872357344,
        "longitude": 8.470786204403023
      }
    },
    {
      "id": 3395,
      "priceKm": 1.421249428003846,
      "startLocation": {
        "hash": "u0x0eh",
        "latitude": 47.9239875920256,
        "longitude": 9.982609526435425
      }
    },
    {
      "id": 1738,
      "priceKm": 2.1065092931348155,
      "startLocation": {
        "hash": "u1rmuw",
        "latitude": 53.07899595820936,
        "longitude": 10.39397156516512
      }
    },
    {
      "id": 5056,
      "priceKm": 2.227605810436822,
      "startLocation": {
        "hash": "u30p76",
        "latitude": 51.9122889112839,
        "longitude": 11.394971946059117
      }
    },
    {
      "id": 2062,
      "priceKm": 2.4981704292368665,
      "startLocation": {
        "hash": "u2fjs5",
        "latitude": 50.20733864647542,
        "longitude": 14.244786910601324
      }
    }
  ],
  "orders": [
    {
      "id": 818,
      "pickupLocation": {
        "hash": "u14k10",
        "latitude": 51.331438,
        "longitude": 3.208329
      },
      "deliveryLocation": {
        "hash": "u362su",
        "latitude": 52.144903,
        "longitude": 14.629748
      },
      "loadFactor": 8
    },
    {
      "id": 10679,
      "pickupLocation": {
        "hash": "u0fb74",
        "latitude": 49.2752301,
        "longitude": 4.0023045
      },
      "deliveryLocation": {
        "hash": "u99zpy",
        "latitude": 54.7042831,
        "longitude": 25.3035356
      },
      "loadFactor": 8
    },
    {
      "id": 7333,
      "pickupLocation": {
        "hash": "u0b1x4",
        "latitude": 49.496622,
        "longitude": 0.316745
      },
      "deliveryLocation": {
        "hash": "u0ww1j",
        "latitude": 48.895508,
        "longitude": 9.18958
      },
      "loadFactor": 7
    },
    {
      "id": 1666,
      "pickupLocation": {
        "hash": "u1yv4m",
        "latitude": 55.7507,
        "longitude": 9.593335
      },
      "deliveryLocation": {
        "hash": "u1rb9e",
        "latitude": 52.1388512,
        "longitude": 10.9671068
      },
      "loadFactor": 8
    },
    {
      "id": 8201,
      "pickupLocation": {
        "hash": "u0wqdb",
        "latitude": 48.955734,
        "longitude": 8.920005
      },
      "deliveryLocation": {
        "hash": "u0wv5q",
        "latitude": 48.726082,
        "longitude": 9.6420971
      },
      "loadFactor": 7
    },
    {
      "id": 5705,
      "pickupLocation": {
        "hash": "u30cj7",
        "latitude": 50.819903,
        "longitude": 12.539787
      },
      "deliveryLocation": {
        "hash": "u0zn2v",
        "latitude": 50.348068,
        "longitude": 9.883821
      },
      "loadFactor": 9
    },
    {
      "id": 115,
      "pickupLocation": {
        "hash": "u0zchs",
        "latitude": 49.419392,
        "longitude": 11.098348
      },
      "deliveryLocation": {
        "hash": "u2bhp7",
        "latitude": 49.9427185,
        "longitude": 11.5763083
      },
      "loadFactor": 5
    }
  ]
}