{
  "vehicles": [
    {
      "id": 9626,
      "priceKm": 1.621722560193712,
      "startLocation": {
        "hash": "u0w8ys",
        "latitude": 47.96992525951248,
        "longitude": 9.43382556339644
      }
    },
    {
      "id": 4621,
      "priceKm": 1.5815341847191813,
      "startLocation": {
        "hash": "u0u5ps",
        "latitude": 49.771744619659906,
        "longitude": 5.958268380379735
      }
    },
    {
      "id": 725,
      "priceKm": 1.8226371644693375,
      "startLocation": {
        "hash": "u344sb",
        "latitude": 51.065190279689176,
        "longitude": 14.279715390968619
      }
    },
    {
      "id": 9482,
      "priceKm": 2.5131022399155643,
      "startLocation": {
        "hash": "u0z060",
        "latitude": 49.268129603716005,
        "longitude": 9.934498085202524
      }
    },
    {
      "id": 7774,
      "priceKm": 1.8222477192664062,
      "startLocation": {
        "hash": "u0xpxw",
        "latitude": 49.16834993792712,
        "longitude": 10.183718072721426
      }
    },
    {
      "id": 8517,
      "priceKm": 1.2114619376167248,
      "startLocation": {
        "hash": "u1nx2y",
        "latitude": 51.93660621329856,
        "longitude": 9.174432203227179
      }
    },
    {
      "id": 7798,
      "priceKm": 2.772785805610784,
      "startLocation": {
        "hash": "u1r57c",
        "latitude": 52.60956371414027,
        "longitude": 10.019300592765646
      }
    }
  ],
  "orders": [
    {
      "id": 4365,
      "pickupLocation": {
        "hash": "u30u9s",
        "latitude": 51.439009,
        "longitude": 12.371469
      },
      "deliveryLocation": {
        "hash": "u0z4t0",
        "latitude": 49.6604778,
        "longitude": 10.0716996
      },
      "loadFactor": 7
    },
    {
      "id": 9654,
      "pickupLocation": {
        "hash": "u1mxsy",
        "latitude": 53.387024,
        "longitude": 7.952453
      },
      "deliveryLocation": {
        "hash": "u0rrdb",
        "latitude": 47.726706,
        "longitude": 10.316884
      },
      "loadFactor": 7
    },
    {
      "id": 10861,
      "pickupLocation": {
        "hash": "u28k82",
        "latitude": 48.605431,
        "longitude": 11.623412
      },
      "deliveryLocation": {
        "hash": "u281z7",
        "latitude": 48.137272,
        "longitude": 11.575482
      },
      "loadFactor": 5
    },
    {
      "id": 7203,
      "pickupLocation": {
        "hash": "u1q52c",
        "latitude": 52.609453,
        "longitude": 8.480184
      },
      "deliveryLocation": {
        "hash": "u0v0ej",
        "latitude": 49.3374798,
        "longitude": 7.1705283
      },
      "loadFactor": 7
    },
    {
      "id": 7911,
      "pickupLocation": {
        "hash": "u1r2em",
        "latitude": 52.148021,
        "longitude": 10.348964
      },
      "deliveryLocation": {
        "hash": "u1m8fs",
        "latitude": 52.188773,
        "longitude": 7.850869
      },
      "loadFactor": 8
    },
    {
      "id": 7013,
      "pickupLocation": {
        "hash": "u1qcvw",
        "latitude": 52.374481,
        "longitude": 9.738564
      },
      "deliveryLocation": {
        "hash": "u28k82",
        "latitude": 48.605431,
        "longitude": 11.623412
      },
      "loadFactor": 4
    },
    {
      "id": 4585,
      "pickupLocation": {
        "hash": "u1r2em",
        "latitude": 52.148021,
        "longitude": 10.348964
      },
      "deliveryLocation": {
        "hash": "u1mbvy",
        "latitude": 52.200762,
        "longitude": 8.338667
      },
      "loadFactor": 7
    }
  ]
}