{
  "vehicles": [
    {
      "id": 5172,
      "priceKm": 2.9933366870546854,
      "startLocation": {
        "hash": "u1wzg3",
        "latitude": 54.80655433064096,
        "longitude": 9.645775283787241
      }
    },
    {
      "id": 8689,
      "priceKm": 2.044139119970633,
      "startLocation": {
        "hash": "u0cjwu",
        "latitude": 50.211320543181024,
        "longitude": 1.7050470898927788
      }
    },
    {
      "id": 7078,
      "priceKm": 1.0585773971295172,
      "startLocation": {
        "hash": "u1qx6w",
        "latitude": 53.34269511520152,
        "longitude": 9.251605833416123
      }
    },
    {
      "id": 3870,
      "priceKm": 2.8361060314420623,
      "startLocation": {
        "hash": "u3b0fk",
        "latitude": 54.99866692027582,
        "longitude": 11.352336941433892
      }
    },
    {
      "id": 5524,
      "priceKm": 2.10657162991893,
      "startLocation": {
        "hash": "u0w84s",
        "latitude": 47.839546901005505,
        "longitude": 9.252539039275185
      }
    },
    {
      "id": 795,
      "priceKm": 1.869492423897934,
      "startLocation": {
        "hash": "u0zr20",
        "latitude": 50.49327462089408,
        "longitude": 10.205244047894151
      }
    },
    {
      "id": 9330,
      "priceKm": 2.976677636297908,
      "startLocation": {
        "hash": "u1w9bs",
        "latitude": 53.771289103023896,
        "longitude": 9.163442941620527
      }
    }
  ],
  "orders": [
    {
      "id": 5899,
      "pickupLocation": {
        "hash": "u1hu9e",
        "latitude": 51.433434,
        "longitude": 6.749769
      },
      "deliveryLocation": {
        "hash": "u380g1",
        "latitude": 53.5768812,
        "longitude": 11.3820319
      },
      "loadFactor": 8
    },
    {
      "id": 229,
      "pickupLocation": {
        "hash": "u1mxsy",
        "latitude": 53.387024,
        "longitude": 7.952453
      },
      "deliveryLocation": {
        "hash": "u0ubfb",
        "latitude": 49.352714,
        "longitude": 6.806301
      },
      "loadFactor": 8
    },
    {
      "id": 6023,
      "pickupLocation": {
        "hash": "u09qd0",
        "latitude": 48.959139,
        "longitude": 1.855432
      },
      "deliveryLocation": {
        "hash": "gbxhcp",
        "latitude": 48.686014,
        "longitude": -1.357968
      },
      "loadFactor": 3
    },
    {
      "id": 7878,
      "pickupLocation": {
        "hash": "u30cj7",
        "latitude": 50.819904,
        "longitude": 12.539787
      },
      "deliveryLocation": {
        "hash": "u0ycux",
        "latitude": 49.5651125,
        "longitude": 9.7003795
      },
      "loadFactor": 7
    },
    {
      "id": 1864,
      "pickupLocation": {
        "hash": "u1jhb5",
        "latitude": 51.4767191,
        "longitude": 7.0372498
      },
      "deliveryLocation": {
        "hash": "u0g1ew",
        "latitude": 49.5166774,
        "longitude": 4.3830507
      },
      "loadFactor": 7
    },
    {
      "id": 762,
      "pickupLocation": {
        "hash": "u09vmf",
        "latitude": 48.751,
        "longitude": 2.72439
      },
      "deliveryLocation": {
        "hash": "u0spxz",
        "latitude": 49.169743,
        "longitude": 5.968539
      },
      "loadFactor": 3
    },
    {
      "id": 6438,
      "pickupLocation": {
        "hash": "u0wqdb",
        "latitude": 48.955734,
        "longitude": 8.920005
      },
      "deliveryLocation": {
        "hash": "u0wv0u",
        "latitude": 48.714906,
        "longitude": 9.525919
      },
      "loadFactor": 6
    }
  ]
}