{
  "vehicles": [
    {
      "id": 1789,
      "priceKm": 1.0391216078130012,
      "startLocation": {
        "hash": "u27pyy",
        "latitude": 47.803297871303506,
        "longitude": 15.765399172159716
      }
    },
    {
      "id": 9401,
      "priceKm": 1.5703385072267544,
      "startLocation": {
        "hash": "u2gjb5",
        "latitude": 50.24812690059904,
        "longitude": 15.479702563130736
      }
    },
    {
      "id": 5561,
      "priceKm": 2.797342153758363,
      "startLocation": {
        "hash": "u1tjdq",
        "latitude": 54.44020256445956,
        "longitude": 7.132224977591897
      }
    },
    {
      "id": 2369,
      "priceKm": 2.4042548994970083,
      "startLocation": {
        "hash": "u1ybje",
        "latitude": 54.863969507446434,
        "longitude": 9.740265290179968
      }
    },
    {
      "id": 1966,
      "priceKm": 1.9390323198246373,
      "startLocation": {
        "hash": "u1hpen",
        "latitude": 51.9789650678146,
        "longitude": 5.766904672076037
      }
    },
    {
      "id": 1952,
      "priceKm": 1.1710124732268665,
      "startLocation": {
        "hash": "u1qn9h",
        "latitude": 53.19986841414768,
        "longitude": 8.482493421512356
      }
    }
  ],
  "orders": [
    {
      "id": 3144,
      "pickupLocation": {
        "hash": "u0wqdb",
        "latitude": 48.955734,
        "longitude": 8.920005
      },
      "deliveryLocation": {
        "hash": "u0wv5b",
        "latitude": 48.6945075,
        "longitude": 9.6660442
      },
      "loadFactor": 8
    },
    {
      "id": 1427,
      "pickupLocation": {
        "hash": "u14736",
        "latitude": 51.208255,
        "longitude": 3.226148
      },
      "deliveryLocation": {
        "hash": "gbqudu",
        "latitude": 47.2233009,
        "longitude": -1.634696
      },
      "loadFactor": 7
    }
  ]
}