{
  "vehicles": [
    {
      "id": 8181,
      "priceKm": 1.95956899522585,
      "startLocation": {
        "hash": "u0svjg",
        "latitude": 48.71152178012886,
        "longitude": 6.938729610475649
      }
    },
    {
      "id": 6546,
      "priceKm": 2.452171995883142,
      "startLocation": {
        "hash": "u0zr4n",
        "latitude": 50.48465434541206,
        "longitude": 10.286373512175894
      }
    },
    {
      "id": 2410,
      "priceKm": 2.6875106193718024,
      "startLocation": {
        "hash": "u1n50p",
        "latitude": 51.1914950182943,
        "longitude": 8.442371322339978
      }
    },
    {
      "id": 3328,
      "priceKm": 2.613338803138082,
      "startLocation": {
        "hash": "u326mg",
        "latitude": 52.448102625428085,
        "longitude": 11.863765147888772
      }
    },
    {
      "id": 1363,
      "priceKm": 1.3294821515717874,
      "startLocation": {
        "hash": "u4j031",
        "latitude": 56.303105375294244,
        "longitude": 7.079328487629134
      }
    },
    {
      "id": 629,
      "priceKm": 2.5125207506731524,
      "startLocation": {
        "hash": "u2bnkb",
        "latitude": 50.32058305040266,
        "longitude": 11.468423152038053
      }
    }
  ],
  "orders": [
    {
      "id": 10352,
      "pickupLocation": {
        "hash": "u09qd0",
        "latitude": 48.959139,
        "longitude": 1.855432
      },
      "deliveryLocation": {
        "hash": "u0jcze",
        "latitude": 45.3251572,
        "longitude": 8.4227667
      },
      "loadFactor": 3
    },
    {
      "id": 2389,
      "pickupLocation": {
        "hash": "u1r2em",
        "latitude": 52.148021,
        "longitude": 10.348964
      },
      "deliveryLocation": {
        "hash": "u1t8c4",
        "latitude": 53.582907,
        "longitude": 7.786181
      },
      "loadFactor": 7
    }
  ]
}