{
  "vehicles": [
    {
      "id": 2086,
      "priceKm": 1.7144700493933307,
      "startLocation": {
        "hash": "u3sfve",
        "latitude": 53.93920336555388,
        "longitude": 18.18094154806583
      }
    },
    {
      "id": 8473,
      "priceKm": 2.896793081780041,
      "startLocation": {
        "hash": "u0wc1y",
        "latitude": 48.02310857585504,
        "longitude": 9.57397425358225
      }
    },
    {
      "id": 8728,
      "priceKm": 2.6250006518782465,
      "startLocation": {
        "hash": "u1qqkb",
        "latitude": 53.132413182231666,
        "longitude": 9.007145791134336
      }
    },
    {
      "id": 4801,
      "priceKm": 1.9124942854686022,
      "startLocation": {
        "hash": "u11wym",
        "latitude": 51.844370923728924,
        "longitude": 2.3888030222848045
      }
    },
    {
      "id": 4110,
      "priceKm": 2.6962892307445068,
      "startLocation": {
        "hash": "u1qpdf",
        "latitude": 53.36226681676933,
        "longitude": 8.562570537751126
      }
    },
    {
      "id": 9171,
      "priceKm": 1.6474315178882466,
      "startLocation": {
        "hash": "u3741y",
        "latitude": 52.418556434409055,
        "longitude": 15.553418941000578
      }
    }
  ],
  "orders": [
    {
      "id": 913,
      "pickupLocation": {
        "hash": "u2s1vq",
        "latitude": 48.153538,
        "longitude": 17.109671
      },
      "deliveryLocation": {
        "hash": "u2sjvu",
        "latitude": 48.849051,
        "longitude": 17.132611
      },
      "loadFactor": 3
    },
    {
      "id": 5309,
      "pickupLocation": {
        "hash": "u1mxsy",
        "latitude": 53.387024,
        "longitude": 7.952453
      },
      "deliveryLocation": {
        "hash": "u1r6xf",
        "latitude": 52.482791,
        "longitude": 10.544569
      },
      "loadFactor": 7
    }
  ]
}