{
  "vehicles": [
    {
      "id": 9957,
      "priceKm": 2.6968485960661344,
      "startLocation": {
        "hash": "u0t1mb",
        "latitude": 48.03281179503503,
        "longitude": 7.287176455128316
      }
    },
    {
      "id": 5385,
      "priceKm": 2.785378980299684,
      "startLocation": {
        "hash": "u0z73f",
        "latitude": 49.80515984670362,
        "longitude": 10.276232289496852
      }
    },
    {
      "id": 452,
      "priceKm": 1.0311398004153565,
      "startLocation": {
        "hash": "u1pgj3",
        "latitude": 51.159298013168126,
        "longitude": 11.131134467719765
      }
    },
    {
      "id": 7241,
      "priceKm": 2.4448398432104392,
      "startLocation": {
        "hash": "ezyb49",
        "latitude": 43.60130635293597,
        "longitude": -1.641032162040072
      }
    },
    {
      "id": 9461,
      "priceKm": 1.219272554017986,
      "startLocation": {
        "hash": "u1kdpd",
        "latitude": 52.39881780868961,
        "longitude": 6.658255457649127
      }
    },
    {
      "id": 7421,
      "priceKm": 1.7970516192436312,
      "startLocation": {
        "hash": "u161cp",
        "latitude": 52.37991485811797,
        "longitude": 2.860230393234805
      }
    }
  ],
  "orders": [
    {
      "id": 1695,
      "pickupLocation": {
        "hash": "u0zchs",
        "latitude": 49.419392,
        "longitude": 11.098348
      },
      "deliveryLocation": {
        "hash": "u29v2f",
        "latitude": 48.75,
        "longitude": 13.75
      },
      "loadFactor": 8
    },
    {
      "id": 9427,
      "pickupLocation": {
        "hash": "u0zchs",
        "latitude": 49.419392,
        "longitude": 11.098348
      },
      "deliveryLocation": {
        "hash": "u28usk",
        "latitude": 48.6300812,
        "longitude": 12.4977427
      },
      "loadFactor": 2
    }
  ]
}