{
  "vehicles": [
    {
      "id": 2917,
      "priceKm": 2.745127500885735,
      "startLocation": {
        "hash": "u0zd37",
        "latitude": 49.63379450889009,
        "longitude": 10.610273342857765
      }
    },
    {
      "id": 1519,
      "priceKm": 1.5449738364021648,
      "startLocation": {
        "hash": "u389jd",
        "latitude": 53.62629761720683,
        "longitude": 12.205185421457626
      }
    },
    {
      "id": 8928,
      "priceKm": 1.7890212993982855,
      "startLocation": {
        "hash": "u28u6r",
        "latitude": 48.59912098340875,
        "longitude": 12.411996686051305
      }
    },
    {
      "id": 393,
      "priceKm": 2.9585309478600075,
      "startLocation": {
        "hash": "u0xy3z",
        "latitude": 48.95465143986967,
        "longitude": 10.978582659692671
      }
    },
    {
      "id": 1278,
      "priceKm": 1.0055217385397321,
      "startLocation": {
        "hash": "u3b39t",
        "latitude": 55.14026169512765,
        "longitude": 11.676688753142145
      }
    },
    {
      "id": 5423,
      "priceKm": 2.683133141288101,
      "startLocation": {
        "hash": "u1q7qu",
        "latitude": 52.62953394960395,
        "longitude": 9.089265388118475
      }
    }
  ],
  "orders": [
    {
      "id": 247,
      "pickupLocation": {
        "hash": "u1yv4m",
        "latitude": 55.7507,
        "longitude": 9.593335
      },
      "deliveryLocation": {
        "hash": "u1p1v6",
        "latitude": 50.9458179,
        "longitude": 10.0804721
      },
      "loadFactor": 8
    },
    {
      "id": 7224,
      "pickupLocation": {
        "hash": "u30cj7",
        "latitude": 50.819903,
        "longitude": 12.539787
      },
      "deliveryLocation": {
        "hash": "u0z5xu",
        "latitude": 49.8612022,
        "longitude": 10.1870688
      },
      "loadFactor": 8
    }
  ]
}