{
  "vehicles": [
    {
      "id": 2139,
      "priceKm": 1.6490420902726624,
      "startLocation": {
        "hash": "u1qt4g",
        "latitude": 52.92841711705968,
        "longitude": 9.270028193201222
      }
    },
    {
      "id": 9592,
      "priceKm": 1.983495139063549,
      "startLocation": {
        "hash": "u2ttyr",
        "latitude": 48.86433808064556,
        "longitude": 19.267999989032962
      }
    },
    {
      "id": 3405,
      "priceKm": 2.951313597550774,
      "startLocation": {
        "hash": "u1vued",
        "latitude": 55.647612301672766,
        "longitude": 8.248555918204238
      }
    },
    {
      "id": 2826,
      "priceKm": 1.1147675507599288,
      "startLocation": {
        "hash": "u1qk0x",
        "latitude": 52.774544652255166,
        "longitude": 8.812908441304153
      }
    },
    {
      "id": 7193,
      "priceKm": 1.0732822235455288,
      "startLocation": {
        "hash": "u1qkhf",
        "latitude": 52.74959137950909,
        "longitude": 9.006881433589152
      }
    },
    {
      "id": 1080,
      "priceKm": 1.1056060465115007,
      "startLocation": {
        "hash": "u0zp36",
        "latitude": 50.50948994180396,
        "longitude": 9.904801880605621
      }
    }
  ],
  "orders": [
    {
      "id": 673,
      "pickupLocation": {
        "hash": "u0fntc",
        "latitude": 50.370368,
        "longitude": 3.076138
      },
      "deliveryLocation": {
        "hash": "eycgd0",
        "latitude": 38.584986,
        "longitude": -8.691077
      },
      "loadFactor": 8
    },
    {
      "id": 3082,
      "pickupLocation": {
        "hash": "u0f0nr",
        "latitude": 49.259963,
        "longitude": 3.090591
      },
      "deliveryLocation": {
        "hash": "spc027",
        "latitude": 43.6587083,
        "longitude": 1.4207297
      },
      "loadFactor": 7
    }
  ]
}