{
  "vehicles": [
    {
      "id": 7741,
      "priceKm": 2.569151937940403,
      "startLocation": {
        "hash": "u0tqyc",
        "latitude": 49.00893958081845,
        "longitude": 7.685877410320862
      }
    },
    {
      "id": 2729,
      "priceKm": 1.2473418774907317,
      "startLocation": {
        "hash": "u0yupv",
        "latitude": 49.95230332809958,
        "longitude": 9.841673120339763
      }
    },
    {
      "id": 853,
      "priceKm": 2.477132806510032,
      "startLocation": {
        "hash": "u2cb9t",
        "latitude": 49.33903992508463,
        "longitude": 13.777864149212503
      }
    },
    {
      "id": 1854,
      "priceKm": 2.688229668929347,
      "startLocation": {
        "hash": "u23q33",
        "latitude": 47.51395296728444,
        "longitude": 13.073302718377068
      }
    },
    {
      "id": 412,
      "priceKm": 1.8807103536447414,
      "startLocation": {
        "hash": "u0v3gk",
        "latitude": 49.55108424543968,
        "longitude": 7.529752054918111
      }
    },
    {
      "id": 971,
      "priceKm": 1.084376622287325,
      "startLocation": {
        "hash": "u15d4h",
        "latitude": 50.998639927934846,
        "longitude": 5.010756922855048
      }
    }
  ],
  "orders": [
    {
      "id": 3611,
      "pickupLocation": {
        "hash": "u1mxsy",
        "latitude": 53.387024,
        "longitude": 7.952453
      },
      "deliveryLocation": {
        "hash": "u0rxt6",
        "latitude": 47.737228,
        "longitude": 10.778374
      },
      "loadFactor": 8
    },
    {
      "id": 7052,
      "pickupLocation": {
        "hash": "u0fvcp",
        "latitude": 50.26983,
        "longitude": 3.915832
      },
      "deliveryLocation": {
        "hash": "spexrh",
        "latitude": 43.487234,
        "longitude": 5.23429
      },
      "loadFactor": 8
    }
  ]
}