{
  "vehicles": [
    {
      "id": 3178,
      "priceKm": 2.2783937160889103,
      "startLocation": {
        "hash": "u1j00g",
        "latitude": 50.64541894288962,
        "longitude": 7.074120291705213
      }
    },
    {
      "id": 6165,
      "priceKm": 2.105601595454279,
      "startLocation": {
        "hash": "u2tz25",
        "latitude": 49.104698666688286,
        "longitude": 19.34691472001671
      }
    },
    {
      "id": 9338,
      "priceKm": 1.7317627429187943,
      "startLocation": {
        "hash": "u0x7qr",
        "latitude": 48.42688762101116,
        "longitude": 10.470245142098056
      }
    },
    {
      "id": 6154,
      "priceKm": 1.2900428967806457,
      "startLocation": {
        "hash": "u0x6ge",
        "latitude": 48.31286055902416,
        "longitude": 10.356033589007348
      }
    },
    {
      "id": 3581,
      "priceKm": 2.736414042700398,
      "startLocation": {
        "hash": "u08p0m",
        "latitude": 49.075898412432984,
        "longitude": 0.012166519351031147
      }
    },
    {
      "id": 1094,
      "priceKm": 2.0484926992796417,
      "startLocation": {
        "hash": "u1rm44",
        "latitude": 52.92446977027015,
        "longitude": 10.287029603142322
      }
    }
  ],
  "orders": [
    {
      "id": 5104,
      "pickupLocation": {
        "hash": "u30u9s",
        "latitude": 51.439009,
        "longitude": 12.371469
      },
      "deliveryLocation": {
        "hash": "u0yg0k",
        "latitude": 49.7688722,
        "longitude": 9.5130908
      },
      "loadFactor": 4
    },
    {
      "id": 4149,
      "pickupLocation": {
        "hash": "u1m9rc",
        "latitude": 52.26054,
        "longitude": 8.08031
      },
      "deliveryLocation": {
        "hash": "u151rr",
        "latitude": 50.886445,
        "longitude": 4.540854
      },
      "loadFactor": 8
    }
  ]
}