{
  "vehicles": [
    {
      "id": 6915,
      "priceKm": 1.543924193279213,
      "startLocation": {
        "hash": "u0wx5p",
        "latitude": 49.08297794080705,
        "longitude": 9.273244964756035
      }
    },
    {
      "id": 9855,
      "priceKm": 1.8372958576980964,
      "startLocation": {
        "hash": "u0wffe",
        "latitude": 48.31774231114502,
        "longitude": 9.61190311752314
      }
    },
    {
      "id": 7633,
      "priceKm": 1.9171296197203536,
      "startLocation": {
        "hash": "u0zjew",
        "latitude": 50.22396448633076,
        "longitude": 10.004544305386045
      }
    },
    {
      "id": 8890,
      "priceKm": 1.7552289255631692,
      "startLocation": {
        "hash": "u1k2yx",
        "latitude": 52.202491061217614,
        "longitude": 6.264254321588128
      }
    },
    {
      "id": 1844,
      "priceKm": 2.08328422204242,
      "startLocation": {
        "hash": "u1ksn2",
        "latitude": 52.73604431963302,
        "longitude": 6.604643099032566
      }
    },
    {
      "id": 8206,
      "priceKm": 1.3569082719301695,
      "startLocation": {
        "hash": "u3d98h",
        "latitude": 53.727696963317975,
        "longitude": 14.775390996905495
      }
    }
  ],
  "orders": [
    {
      "id": 4911,
      "pickupLocation": {
        "hash": "u14736",
        "latitude": 51.208255,
        "longitude": 3.226148
      },
      "deliveryLocation": {
        "hash": "u15mye",
        "latitude": 51.6527,
        "longitude": 4.86417
      },
      "loadFactor": 8
    },
    {
      "id": 1835,
      "pickupLocation": {
        "hash": "u0wqdb",
        "latitude": 48.955734,
        "longitude": 8.920005
      },
      "deliveryLocation": {
        "hash": "u0wv5b",
        "latitude": 48.696497,
        "longitude": 9.6640393
      },
      "loadFactor": 2
    }
  ]
}