{
  "vehicles": [
    {
      "id": 4591,
      "priceKm": 2.613116549603934,
      "startLocation": {
        "hash": "u2fg4w",
        "latitude": 49.78020336236312,
        "longitude": 15.232271519427274
      }
    },
    {
      "id": 8297,
      "priceKm": 1.5932188332355623,
      "startLocation": {
        "hash": "spgx1c",
        "latitude": 44.83051837114376,
        "longitude": 5.009544481873511
      }
    },
    {
      "id": 990,
      "priceKm": 2.3594381293437894,
      "startLocation": {
        "hash": "u1qkt9",
        "latitude": 52.82954486152732,
        "longitude": 9.035751562094504
      }
    },
    {
      "id": 2396,
      "priceKm": 1.6658759211572953,
      "startLocation": {
        "hash": "gbxd7s",
        "latitude": 48.235191957059776,
        "longitude": -0.5409009062681782
      }
    },
    {
      "id": 8349,
      "priceKm": 1.7252408749635781,
      "startLocation": {
        "hash": "u0cfh0",
        "latitude": 49.575362009330874,
        "longitude": 2.6379133358290536
      }
    },
    {
      "id": 2614,
      "priceKm": 1.5799113461990781,
      "startLocation": {
        "hash": "u1j814",
        "latitude": 50.64097693881511,
        "longitude": 7.783545403078585
      }
    }
  ],
  "orders": [
    {
      "id": 9699,
      "pickupLocation": {
        "hash": "u334u8",
        "latitude": 52.518784,
        "longitude": 12.85469
      },
      "deliveryLocation": {
        "hash": "u0qzgr",
        "latitude": 47.8111,
        "longitude": 9.639848
      },
      "loadFactor": 7
    },
    {
      "id": 1988,
      "pickupLocation": {
        "hash": "u2s1vq",
        "latitude": 48.153538,
        "longitude": 17.109671
      },
      "deliveryLocation": {
        "hash": "u2ftdz",
        "latitude": 50.228729,
        "longitude": 14.888322
      },
      "loadFactor": 8
    }
  ]
}