{
  "vehicles": [
    {
      "id": 1751,
      "priceKm": 2.590256334528152,
      "startLocation": {
        "hash": "u0mw0u",
        "latitude": 47.48495280884567,
        "longitude": 7.777255080953147
      }
    },
    {
      "id": 7041,
      "priceKm": 2.3991609195974184,
      "startLocation": {
        "hash": "u29w2y",
        "latitude": 48.94563945318518,
        "longitude": 13.402444712860905
      }
    }
  ],
  "orders": [
    {
      "id": 10163,
      "pickupLocation": {
        "hash": "u28jkj",
        "latitude": 48.765933,
        "longitude": 11.431703
      },
      "deliveryLocation": {
        "hash": "u151rr",
        "latitude": 50.886445,
        "longitude": 4.540854
      },
      "loadFactor": 8
    },
    {
      "id": 185,
      "pickupLocation": {
        "hash": "u1mpd8",
        "latitude": 53.351613,
        "longitude": 7.147359
      },
      "deliveryLocation": {
        "hash": "u1ye73",
        "latitude": 55.425971,
        "longitude": 9.293642
      },
      "loadFactor": 8
    },
    {
      "id": 2579,
      "pickupLocation": {
        "hash": "u1rdk3",
        "latitude": 52.435841,
        "longitude": 10.742137
      },
      "deliveryLocation": {
        "hash": "u1q52c",
        "latitude": 52.6094513,
        "longitude": 8.4801836
      },
      "loadFactor": 6
    },
    {
      "id": 4961,
      "pickupLocation": {
        "hash": "u14k10",
        "latitude": 51.331438,
        "longitude": 3.208329
      },
      "deliveryLocation": {
        "hash": "u09qd0",
        "latitude": 48.959139,
        "longitude": 1.855432
      },
      "loadFactor": 7
    },
    {
      "id": 7285,
      "pickupLocation": {
        "hash": "u0spxz",
        "latitude": 49.169743,
        "longitude": 5.968539
      },
      "deliveryLocation": {
        "hash": "u057z9",
        "latitude": 45.666431,
        "longitude": 4.901385
      },
      "loadFactor": 3
    },
    {
      "id": 6243,
      "pickupLocation": {
        "hash": "u1yv4m",
        "latitude": 55.7507,
        "longitude": 9.593335
      },
      "deliveryLocation": {
        "hash": "u2d4vc",
        "latitude": 48.3051521,
        "longitude": 14.3178396
      },
      "loadFactor": 7
    },
    {
      "id": 10079,
      "pickupLocation": {
        "hash": "u1r2em",
        "latitude": 52.148021,
        "longitude": 10.348964
      },
      "deliveryLocation": {
        "hash": "u1mkh4",
        "latitude": 52.750042,
        "longitude": 7.568568
      },
      "loadFactor": 2
    }
  ]
}