{
  "vehicles": [
    {
      "id": 6901,
      "priceKm": 1.029866899250569,
      "startLocation": {
        "hash": "u0y08r",
        "latitude": 49.347983964666994,
        "longitude": 8.458510238893938
      }
    },
    {
      "id": 3963,
      "priceKm": 1.6934282068514144,
      "startLocation": {
        "hash": "u1td6n",
        "latitude": 53.86874246737777,
        "longitude": 7.824856084151215
      }
    }
  ],
  "orders": [
    {
      "id": 2528,
      "pickupLocation": {
        "hash": "u1mpd8",
        "latitude": 53.351613,
        "longitude": 7.147359
      },
      "deliveryLocation": {
        "hash": "u1nezs",
        "latitude": 51.3092651,
        "longitude": 9.4770164
      },
      "loadFactor": 7
    },
    {
      "id": 1183,
      "pickupLocation": {
        "hash": "u1mxsy",
        "latitude": 53.387024,
        "longitude": 7.952453
      },
      "deliveryLocation": {
        "hash": "u0ymmy",
        "latitude": 50.178086,
        "longitude": 9.043307
      },
      "loadFactor": 8
    },
    {
      "id": 9037,
      "pickupLocation": {
        "hash": "u0zchs",
        "latitude": 49.419392,
        "longitude": 11.098348
      },
      "deliveryLocation": {
        "hash": "u29s66",
        "latitude": 48.5740128,
        "longitude": 13.4606447
      },
      "loadFactor": 7
    },
    {
      "id": 4826,
      "pickupLocation": {
        "hash": "u28k82",
        "latitude": 48.605431,
        "longitude": 11.623412
      },
      "deliveryLocation": {
        "hash": "u0xrrb",
        "latitude": 49.087879,
        "longitude": 10.543571
      },
      "loadFactor": 10
    },
    {
      "id": 4348,
      "pickupLocation": {
        "hash": "u1mr3b",
        "latitude": 53.3106603,
        "longitude": 7.4671401
      },
      "deliveryLocation": {
        "hash": "u0tvmy",
        "latitude": 48.7735607,
        "longitude": 8.3422151
      },
      "loadFactor": 6
    },
    {
      "id": 10806,
      "pickupLocation": {
        "hash": "u1mxsy",
        "latitude": 53.387024,
        "longitude": 7.952453
      },
      "deliveryLocation": {
        "hash": "u1jjd2",
        "latitude": 51.594201,
        "longitude": 7.136807
      },
      "loadFactor": 8
    },
    {
      "id": 6092,
      "pickupLocation": {
        "hash": "u32203",
        "latitude": 52.039425,
        "longitude": 11.613103
      },
      "deliveryLocation": {
        "hash": "u0ym17",
        "latitude": 50.1163799,
        "longitude": 8.8513556
      },
      "loadFactor": 7
    }
  ]
}