{
  "vehicles": [
    {
      "id": 6083,
      "priceKm": 2.3823077701939166,
      "startLocation": {
        "hash": "u0xst0",
        "latitude": 48.60501894607877,
        "longitude": 10.773676793521211
      }
    },
    {
      "id": 5981,
      "priceKm": 1.6262555039568332,
      "startLocation": {
        "hash": "u30wxm",
        "latitude": 51.798813999092566,
        "longitude": 12.27480593570863
      }
    }
  ],
  "orders": [
    {
      "id": 11072,
      "pickupLocation": {
        "hash": "u1w0f8",
        "latitude": 53.57,
        "longitude": 8.5519609
      },
      "deliveryLocation": {
        "hash": "u2cjv7",
        "latitude": 50.25,
        "longitude": 12.8954059
      },
      "loadFactor": 3
    },
    {
      "id": 7123,
      "pickupLocation": {
        "hash": "u1mxsy",
        "latitude": 53.387024,
        "longitude": 7.952453
      },
      "deliveryLocation": {
        "hash": "u0zn2v",
        "latitude": 50.348068,
        "longitude": 9.883821
      },
      "loadFactor": 8
    },
    {
      "id": 2028,
      "pickupLocation": {
        "hash": "u2c0s2",
        "latitude": 49.308084,
        "longitude": 12.845029
      },
      "deliveryLocation": {
        "hash": "u2bk26",
        "latitude": 49.9819527,
        "longitude": 11.6134138
      },
      "loadFactor": 8
    },
    {
      "id": 8897,
      "pickupLocation": {
        "hash": "u28k82",
        "latitude": 48.605431,
        "longitude": 11.623412
      },
      "deliveryLocation": {
        "hash": "u0xbu8",
        "latitude": 47.947794,
        "longitude": 11.10497
      },
      "loadFactor": 8
    },
    {
      "id": 5368,
      "pickupLocation": {
        "hash": "u99zq7",
        "latitude": 54.7289246,
        "longitude": 25.2379883
      },
      "deliveryLocation": {
        "hash": "u9c024",
        "latitude": 54.9004751,
        "longitude": 23.9125463
      },
      "loadFactor": 6
    },
    {
      "id": 3127,
      "pickupLocation": {
        "hash": "u28hgt",
        "latitude": 48.677763,
        "longitude": 11.411769
      },
      "deliveryLocation": {
        "hash": "u0xfpe",
        "latitude": 48.18138,
        "longitude": 11.238213
      },
      "loadFactor": 8
    },
    {
      "id": 3371,
      "pickupLocation": {
        "hash": "u30bs3",
        "latitude": 50.718504,
        "longitude": 12.493927
      },
      "deliveryLocation": {
        "hash": "u0wqdb",
        "latitude": 48.955734,
        "longitude": 8.920005
      },
      "loadFactor": 8
    }
  ]
}