{
  "vehicles": [
    {
      "id": 4299,
      "priceKm": 2.994873373154802,
      "startLocation": {
        "hash": "u07bs3",
        "latitude": 46.49963642865231,
        "longitude": 5.461778802084907
      }
    },
    {
      "id": 9485,
      "priceKm": 1.7536086443063699,
      "startLocation": {
        "hash": "u3buyk",
        "latitude": 55.70353085988383,
        "longitude": 12.582693071976497
      }
    }
  ],
  "orders": [
    {
      "id": 2060,
      "pickupLocation": {
        "hash": "u1mxsy",
        "latitude": 53.387024,
        "longitude": 7.952453
      },
      "deliveryLocation": {
        "hash": "u0zs43",
        "latitude": 49.930706,
        "longitude": 10.652346
      },
      "loadFactor": 8
    },
    {
      "id": 2805,
      "pickupLocation": {
        "hash": "u1rdjq",
        "latitude": 52.420559,
        "longitude": 10.786168
      },
      "deliveryLocation": {
        "hash": "u1mpeg",
        "latitude": 53.3669586,
        "longitude": 7.2059498
      },
      "loadFactor": 7
    },
    {
      "id": 4748,
      "pickupLocation": {
        "hash": "u1q52c",
        "latitude": 52.609453,
        "longitude": 8.480184
      },
      "deliveryLocation": {
        "hash": "u1htzu",
        "latitude": 51.6620374,
        "longitude": 6.6712698
      },
      "loadFactor": 7
    },
    {
      "id": 7053,
      "pickupLocation": {
        "hash": "u32203",
        "latitude": 52.039425,
        "longitude": 11.613103
      },
      "deliveryLocation": {
        "hash": "u1ngbv",
        "latitude": 51.3131184,
        "longitude": 9.5277131
      },
      "loadFactor": 8
    },
    {
      "id": 2904,
      "pickupLocation": {
        "hash": "u1q52c",
        "latitude": 52.609453,
        "longitude": 8.480184
      },
      "deliveryLocation": {
        "hash": "u1huz0",
        "latitude": 51.4612069,
        "longitude": 6.9956327
      },
      "loadFactor": 8
    },
    {
      "id": 11063,
      "pickupLocation": {
        "hash": "u28k82",
        "latitude": 48.605431,
        "longitude": 11.623412
      },
      "deliveryLocation": {
        "hash": "u22rv7",
        "latitude": 47.790025,
        "longitude": 11.833542
      },
      "loadFactor": 6
    },
    {
      "id": 8622,
      "pickupLocation": {
        "hash": "u09qd0",
        "latitude": 48.959139,
        "longitude": 1.855432
      },
      "deliveryLocation": {
        "hash": "u0fpsf",
        "latitude": 50.55087,
        "longitude": 3.030697
      },
      "loadFactor": 8
    }
  ]
}