{
  "vehicles": [
    {
      "id": 757,
      "priceKm": 1.1299379259991755,
      "startLocation": {
        "hash": "u0ztbv",
        "latitude": 50.2611134494657,
        "longitude": 10.58470907646272
      }
    },
    {
      "id": 7058,
      "priceKm": 2.4710701026108697,
      "startLocation": {
        "hash": "u0zdvk",
        "latitude": 49.72825000770184,
        "longitude": 10.777670434611363
      }
    }
  ],
  "orders": [
    {
      "id": 7142,
      "pickupLocation": {
        "hash": "u30cdb",
        "latitude": 50.889108,
        "longitude": 12.431532
      },
      "deliveryLocation": {
        "hash": "u0mx19",
        "latitude": 47.6471585,
        "longitude": 7.8094322
      },
      "loadFactor": 6
    },
    {
      "id": 2031,
      "pickupLocation": {
        "hash": "u0tddp",
        "latitude": 48.295226,
        "longitude": 7.823876
      },
      "deliveryLocation": {
        "hash": "u334s3",
        "latitude": 52.476925,
        "longitude": 12.844397
      },
      "loadFactor": 7
    },
    {
      "id": 765,
      "pickupLocation": {
        "hash": "u1m9r4",
        "latitude": 52.2667,
        "longitude": 8.05
      },
      "deliveryLocation": {
        "hash": "u1h3ky",
        "latitude": 50.8782381,
        "longitude": 6.1855904
      },
      "loadFactor": 8
    },
    {
      "id": 9736,
      "pickupLocation": {
        "hash": "u30cj7",
        "latitude": 50.819903,
        "longitude": 12.539787
      },
      "deliveryLocation": {
        "hash": "u0z560",
        "latitude": 49.79245,
        "longitude": 9.9329662
      },
      "loadFactor": 4
    },
    {
      "id": 6164,
      "pickupLocation": {
        "hash": "u1r2em",
        "latitude": 52.148021,
        "longitude": 10.348964
      },
      "deliveryLocation": {
        "hash": "u1m5jr",
        "latitude": 52.600356,
        "longitude": 7.266355
      },
      "loadFactor": 4
    },
    {
      "id": 3056,
      "pickupLocation": {
        "hash": "u173zt",
        "latitude": 52.371009,
        "longitude": 4.900112
      },
      "deliveryLocation": {
        "hash": "u1huet",
        "latitude": 51.4460279,
        "longitude": 6.8440933
      },
      "loadFactor": 8
    },
    {
      "id": 2976,
      "pickupLocation": {
        "hash": "u1mxsy",
        "latitude": 53.387024,
        "longitude": 7.952453
      },
      "deliveryLocation": {
        "hash": "u0vyhh",
        "latitude": 50.299476,
        "longitude": 8.267656
      },
      "loadFactor": 8
    }
  ]
}