{
  "vehicles": [
    {
      "id": 5429,
      "priceKm": 2.3124751021396115,
      "startLocation": {
        "hash": "u1e694",
        "latitude": 53.88979615046535,
        "longitude": 4.625011330741108
      }
    },
    {
      "id": 8766,
      "priceKm": 2.155357443677609,
      "startLocation": {
        "hash": "u11epq",
        "latitude": 51.189237741558166,
        "longitude": 2.4372637006535234
      }
    }
  ],
  "orders": [
    {
      "id": 8434,
      "pickupLocation": {
        "hash": "u0f0nr",
        "latitude": 49.259963,
        "longitude": 3.090591
      },
      "deliveryLocation": {
        "hash": "u0fnmx",
        "latitude": 50.3564034,
        "longitude": 3.057251
      },
      "loadFactor": 8
    },
    {
      "id": 2824,
      "pickupLocation": {
        "hash": "u2c0s2",
        "latitude": 49.308084,
        "longitude": 12.845029
      },
      "deliveryLocation": {
        "hash": "u0zyms",
        "latitude": 50.3446386,
        "longitude": 11.1495963
      },
      "loadFactor": 7
    },
    {
      "id": 6254,
      "pickupLocation": {
        "hash": "u0zchs",
        "latitude": 49.419392,
        "longitude": 11.098348
      },
      "deliveryLocation": {
        "hash": "u28wg7",
        "latitude": 49.0195961,
        "longitude": 12.0977449
      },
      "loadFactor": 5
    },
    {
      "id": 4573,
      "pickupLocation": {
        "hash": "u1qf5x",
        "latitude": 52.4261327,
        "longitude": 9.6506033
      },
      "deliveryLocation": {
        "hash": "u1hg5r",
        "latitude": 51.1912416,
        "longitude": 6.8247886
      },
      "loadFactor": 4
    },
    {
      "id": 3771,
      "pickupLocation": {
        "hash": "u30cdb",
        "latitude": 50.889108,
        "longitude": 12.431532
      },
      "deliveryLocation": {
        "hash": "u0zchs",
        "latitude": 49.419392,
        "longitude": 11.098348
      },
      "loadFactor": 7
    },
    {
      "id": 693,
      "pickupLocation": {
        "hash": "u1mxsy",
        "latitude": 53.387024,
        "longitude": 7.952453
      },
      "deliveryLocation": {
        "hash": "u0zxgm",
        "latitude": 50.608652,
        "longitude": 10.692644
      },
      "loadFactor": 8
    },
    {
      "id": 379,
      "pickupLocation": {
        "hash": "u28k82",
        "latitude": 48.605431,
        "longitude": 11.623412
      },
      "deliveryLocation": {
        "hash": "u28she",
        "latitude": 48.536217,
        "longitude": 12.151655
      },
      "loadFactor": 6
    }
  ]
}