{
  "vehicles": [
    {
      "id": 7549,
      "priceKm": 2.876544017016574,
      "startLocation": {
        "hash": "u305un",
        "latitude": 51.31768121439852,
        "longitude": 11.431204041788586
      }
    },
    {
      "id": 2009,
      "priceKm": 1.5219263389648532,
      "startLocation": {
        "hash": "u2cmxk",
        "latitude": 50.208634687884505,
        "longitude": 13.33216773189253
      }
    }
  ],
  "orders": [
    {
      "id": 6749,
      "pickupLocation": {
        "hash": "u1huxx",
        "latitude": 51.455206,
        "longitude": 7.012273
      },
      "deliveryLocation": {
        "hash": "u1j5zd",
        "latitude": 51.3001092,
        "longitude": 7.3613429
      },
      "loadFactor": 8
    },
    {
      "id": 2443,
      "pickupLocation": {
        "hash": "u1mxsy",
        "latitude": 53.387024,
        "longitude": 7.952453
      },
      "deliveryLocation": {
        "hash": "u1jj0z",
        "latitude": 51.543113,
        "longitude": 7.071169
      },
      "loadFactor": 8
    },
    {
      "id": 5067,
      "pickupLocation": {
        "hash": "u28k82",
        "latitude": 48.605431,
        "longitude": 11.623412
      },
      "deliveryLocation": {
        "hash": "u28hjf",
        "latitude": 48.530102,
        "longitude": 11.505014
      },
      "loadFactor": 6
    },
    {
      "id": 9973,
      "pickupLocation": {
        "hash": "u1rdjq",
        "latitude": 52.420559,
        "longitude": 10.786168
      },
      "deliveryLocation": {
        "hash": "u0p2ez",
        "latitude": 45.1308556,
        "longitude": 10.3687468
      },
      "loadFactor": 8
    },
    {
      "id": 8712,
      "pickupLocation": {
        "hash": "u3bu34",
        "latitude": 55.6070444,
        "longitude": 12.3559303
      },
      "deliveryLocation": {
        "hash": "u1m9q6",
        "latitude": 52.2644982,
        "longitude": 8.0099581
      },
      "loadFactor": 7
    },
    {
      "id": 5315,
      "pickupLocation": {
        "hash": "u1huxx",
        "latitude": 51.455206,
        "longitude": 7.012273
      },
      "deliveryLocation": {
        "hash": "u1j5zd",
        "latitude": 51.2967186,
        "longitude": 7.3693342
      },
      "loadFactor": 8
    },
    {
      "id": 258,
      "pickupLocation": {
        "hash": "u1ngm0",
        "latitude": 51.2,
        "longitude": 9.71667
      },
      "deliveryLocation": {
        "hash": "u0v0wc",
        "latitude": 49.316997,
        "longitude": 7.33332
      },
      "loadFactor": 7
    }
  ]
}