{
  "vehicles": [
    {
      "id": 8712,
      "priceKm": 1.4483531460049517,
      "startLocation": {
        "hash": "sxb5sd",
        "latitude": 44.22057340409808,
        "longitude": 22.70364054484028
      }
    },
    {
      "id": 5770,
      "priceKm": 1.1075313809470113,
      "startLocation": {
        "hash": "u29t6u",
        "latitude": 48.75846678772001,
        "longitude": 13.48744668097733
      }
    }
  ],
  "orders": [
    {
      "id": 2341,
      "pickupLocation": {
        "hash": "u28k82",
        "latitude": 48.605431,
        "longitude": 11.623412
      },
      "deliveryLocation": {
        "hash": "u286b2",
        "latitude": 48.3,
        "longitude": 11.6167
      },
      "loadFactor": 8
    },
    {
      "id": 7249,
      "pickupLocation": {
        "hash": "u28k82",
        "latitude": 48.605431,
        "longitude": 11.623412
      },
      "deliveryLocation": {
        "hash": "u0x758",
        "latitude": 48.343166,
        "longitude": 10.358589
      },
      "loadFactor": 8
    },
    {
      "id": 860,
      "pickupLocation": {
        "hash": "spd533",
        "latitude": 42.768357,
        "longitude": 2.870928
      },
      "deliveryLocation": {
        "hash": "u034xh",
        "latitude": 46.8684615,
        "longitude": 1.7189282
      },
      "loadFactor": 8
    },
    {
      "id": 1013,
      "pickupLocation": {
        "hash": "u30u9s",
        "latitude": 51.439009,
        "longitude": 12.371469
      },
      "deliveryLocation": {
        "hash": "u0z560",
        "latitude": 49.79245,
        "longitude": 9.9329662
      },
      "loadFactor": 7
    },
    {
      "id": 7251,
      "pickupLocation": {
        "hash": "u1ye7g",
        "latitude": 55.436921,
        "longitude": 9.3126331
      },
      "deliveryLocation": {
        "hash": "u17bm2",
        "latitude": 52.0776043,
        "longitude": 5.5043816
      },
      "loadFactor": 7
    },
    {
      "id": 5094,
      "pickupLocation": {
        "hash": "u0wqdb",
        "latitude": 48.955734,
        "longitude": 8.920005
      },
      "deliveryLocation": {
        "hash": "u0y9sr",
        "latitude": 49.5220934,
        "longitude": 9.3324403
      },
      "loadFactor": 8
    },
    {
      "id": 391,
      "pickupLocation": {
        "hash": "u30cdb",
        "latitude": 50.889108,
        "longitude": 12.431532
      },
      "deliveryLocation": {
        "hash": "u0w693",
        "latitude": 48.2583759,
        "longitude": 8.8497687
      },
      "loadFactor": 6
    }
  ]
}