{
  "vehicles": [
    {
      "id": 2028,
      "priceKm": 2.226923646151776,
      "startLocation": {
        "hash": "u0rjv7",
        "latitude": 47.434067767155604,
        "longitude": 10.076027596690432
      }
    },
    {
      "id": 1853,
      "priceKm": 2.6456802113646773,
      "startLocation": {
        "hash": "u1r500",
        "latitude": 52.56173891817176,
        "longitude": 9.853789241314656
      }
    }
  ],
  "orders": [
    {
      "id": 2917,
      "pickupLocation": {
        "hash": "u0cbft",
        "latitude": 49.379856,
        "longitude": 2.581037
      },
      "deliveryLocation": {
        "hash": "u09w18",
        "latitude": 48.8693886,
        "longitude": 2.1808839
      },
      "loadFactor": 8
    },
    {
      "id": 1538,
      "pickupLocation": {
        "hash": "u1jhb5",
        "latitude": 51.4767191,
        "longitude": 7.0372498
      },
      "deliveryLocation": {
        "hash": "u1x113",
        "latitude": 53.62134,
        "longitude": 9.90657
      },
      "loadFactor": 7
    },
    {
      "id": 5472,
      "pickupLocation": {
        "hash": "u30u9s",
        "latitude": 51.439009,
        "longitude": 12.371469
      },
      "deliveryLocation": {
        "hash": "u0zs43",
        "latitude": 49.930706,
        "longitude": 10.6523457
      },
      "loadFactor": 10
    },
    {
      "id": 8631,
      "pickupLocation": {
        "hash": "u28k82",
        "latitude": 48.605431,
        "longitude": 11.623412
      },
      "deliveryLocation": {
        "hash": "u28jkj",
        "latitude": 48.765933,
        "longitude": 11.431703
      },
      "loadFactor": 7
    },
    {
      "id": 6944,
      "pickupLocation": {
        "hash": "u30cj7",
        "latitude": 50.819903,
        "longitude": 12.539787
      },
      "deliveryLocation": {
        "hash": "u0z573",
        "latitude": 49.7983368,
        "longitude": 9.9926862
      },
      "loadFactor": 7
    },
    {
      "id": 11024,
      "pickupLocation": {
        "hash": "u09qd0",
        "latitude": 48.959139,
        "longitude": 1.855432
      },
      "deliveryLocation": {
        "hash": "u0cz4p",
        "latitude": 50.4919,
        "longitude": 2.55377
      },
      "loadFactor": 8
    },
    {
      "id": 96,
      "pickupLocation": {
        "hash": "u0wqdb",
        "latitude": 48.955734,
        "longitude": 8.920005
      },
      "deliveryLocation": {
        "hash": "u0wv5b",
        "latitude": 48.6945369,
        "longitude": 9.6667207
      },
      "loadFactor": 7
    }
  ]
}