{
  "vehicles": [
    {
      "id": 2539,
      "priceKm": 2.0721439825365913,
      "startLocation": {
        "hash": "u2bjdy",
        "latitude": 50.22362214104246,
        "longitude": 11.38043492615614
      }
    },
    {
      "id": 5137,
      "priceKm": 1.0992032589076466,
      "startLocation": {
        "hash": "u28hsz",
        "latitude": 48.645651706011485,
        "longitude": 11.46502553289016
      }
    }
  ],
  "orders": [
    {
      "id": 1012,
      "pickupLocation": {
        "hash": "u30cj7",
        "latitude": 50.819903,
        "longitude": 12.539787
      },
      "deliveryLocation": {
        "hash": "u0z560",
        "latitude": 49.79245,
        "longitude": 9.932966
      },
      "loadFactor": 8
    },
    {
      "id": 2791,
      "pickupLocation": {
        "hash": "u1y5bd",
        "latitude": 55.516827,
        "longitude": 8.4691762
      },
      "deliveryLocation": {
        "hash": "u1m9rj",
        "latitude": 52.2799112,
        "longitude": 8.0471788
      },
      "loadFactor": 8
    },
    {
      "id": 11044,
      "pickupLocation": {
        "hash": "u1mxsy",
        "latitude": 53.387024,
        "longitude": 7.952453
      },
      "deliveryLocation": {
        "hash": "u1hfwn",
        "latitude": 51.100383,
        "longitude": 6.950169
      },
      "loadFactor": 8
    },
    {
      "id": 10572,
      "pickupLocation": {
        "hash": "u0wqdb",
        "latitude": 48.955734,
        "longitude": 8.920005
      },
      "deliveryLocation": {
        "hash": "u0wzm5",
        "latitude": 49.105074,
        "longitude": 9.712161
      },
      "loadFactor": 7
    },
    {
      "id": 6024,
      "pickupLocation": {
        "hash": "ezwztv",
        "latitude": 43.5365614,
        "longitude": -1.5001035
      },
      "deliveryLocation": {
        "hash": "u0cbft",
        "latitude": 49.379856,
        "longitude": 2.581037
      },
      "loadFactor": 9
    },
    {
      "id": 1520,
      "pickupLocation": {
        "hash": "u2s1vq",
        "latitude": 48.153538,
        "longitude": 17.109671
      },
      "deliveryLocation": {
        "hash": "u2v580",
        "latitude": 49.8369598,
        "longitude": 18.2873917
      },
      "loadFactor": 3
    },
    {
      "id": 8678,
      "pickupLocation": {
        "hash": "u28k82",
        "latitude": 48.605431,
        "longitude": 11.623412
      },
      "deliveryLocation": {
        "hash": "u281z7",
        "latitude": 48.137272,
        "longitude": 11.575482
      },
      "loadFactor": 8
    }
  ]
}