{
  "vehicles": [
    {
      "id": 5695,
      "priceKm": 1.0300817078296578,
      "startLocation": {
        "hash": "u22v48",
        "latitude": 47.28855283832263,
        "longitude": 12.424883772193182
      }
    }
  ],
  "orders": [
    {
      "id": 6978,
      "pickupLocation": {
        "hash": "u28k82",
        "latitude": 48.605431,
        "longitude": 11.623412
      },
      "deliveryLocation": {
        "hash": "u28she",
        "latitude": 48.536217,
        "longitude": 12.151655
      },
      "loadFactor": 9
    }
  ]
}