{
  "vehicles": [
    {
      "id": 22,
      "priceKm": 1.0914324338715902,
      "startLocation": {
        "hash": "u2f29m",
        "latitude": 49.33560691375261,
        "longitude": 14.475083180384656
      }
    }
  ],
  "orders": [
    {
      "id": 557,
      "pickupLocation": {
        "hash": "u0fvcp",
        "latitude": 50.26983,
        "longitude": 3.915832
      },
      "deliveryLocation": {
        "hash": "u355vw",
        "latitude": 51.32109,
        "longitude": 15.71148
      },
      "loadFactor": 6
    }
  ]
}