{
  "vehicles": [
    {
      "id": 7781,
      "priceKm": 1.2136600003388534,
      "startLocation": {
        "hash": "u2sj3s",
        "latitude": 48.75965444529175,
        "longitude": 16.947011793036072
      }
    }
  ],
  "orders": [
    {
      "id": 7284,
      "pickupLocation": {
        "hash": "ezwgdd",
        "latitude": 42.818857,
        "longitude": -1.644464
      },
      "deliveryLocation": {
        "hash": "u2s1vq",
        "latitude": 48.153538,
        "longitude": 17.109671
      },
      "loadFactor": 8
    }
  ]
}