{
  "vehicles": [
    {
      "id": 8385,
      "priceKm": 2.6696033262250385,
      "startLocation": {
        "hash": "u316e1",
        "latitude": 51.072735773093704,
        "longitude": 13.144061330908192
      }
    }
  ],
  "orders": [
    {
      "id": 11069,
      "pickupLocation": {
        "hash": "u1mxsy",
        "latitude": 53.387024,
        "longitude": 7.952453
      },
      "deliveryLocation": {
        "hash": "u1j3ed",
        "latitude": 50.903489,
        "longitude": 7.540988
      },
      "loadFactor": 8
    }
  ]
}