{
  "vehicles": [
    {
      "id": 2728,
      "priceKm": 2.084683573421186,
      "startLocation": {
        "hash": "u09rch",
        "latitude": 49.19741619019547,
        "longitude": 1.803216249311548
      }
    }
  ],
  "orders": [
    {
      "id": 6888,
      "pickupLocation": {
        "hash": "u1q52c",
        "latitude": 52.609453,
        "longitude": 8.480184
      },
      "deliveryLocation": {
        "hash": "u0yhzn",
        "latitude": 50.091774,
        "longitude": 8.7509699
      },
      "loadFactor": 4
    }
  ]
}