{
  "vehicles": [
    {
      "id": 4382,
      "priceKm": 2.6145658715035394,
      "startLocation": {
        "hash": "u1ph9x",
        "latitude": 51.45662968252483,
        "longitude": 9.912320352490823
      }
    }
  ],
  "orders": [
    {
      "id": 6616,
      "pickupLocation": {
        "hash": "u28k82",
        "latitude": 48.605431,
        "longitude": 11.623412
      },
      "deliveryLocation": {
        "hash": "u284s1",
        "latitude": 48.258832,
        "longitude": 11.433929
      },
      "loadFactor": 7
    }
  ]
}