{
  "vehicles": [
    {
      "id": 279,
      "priceKm": 1.0579164995526205,
      "startLocation": {
        "hash": "u0fuz7",
        "latitude": 50.075625683689125,
        "longitude": 4.190758171493681
      }
    }
  ],
  "orders": [
    {
      "id": 3983,
      "pickupLocation": {
        "hash": "u1q52c",
        "latitude": 52.609453,
        "longitude": 8.480184
      },
      "deliveryLocation": {
        "hash": "u30zp4",
        "latitude": 51.870994,
        "longitude": 12.6153479
      },
      "loadFactor": 8
    }
  ]
}