{
  "vehicles": [
    {
      "id": 7169,
      "priceKm": 1.0584089244923711,
      "startLocation": {
        "hash": "u0c6q0",
        "latitude": 49.61901801489009,
        "longitude": 2.030960835355999
      }
    }
  ],
  "orders": [
    {
      "id": 6334,
      "pickupLocation": {
        "hash": "u0yenz",
        "latitude": 49.784752,
        "longitude": 9.44109
      },
      "deliveryLocation": {
        "hash": "u0y5sz",
        "latitude": 49.872775,
        "longitude": 8.651178
      },
      "loadFactor": 5
    }
  ]
}