{
  "vehicles": [
    {
      "id": 7098,
      "priceKm": 2.360809662365533,
      "startLocation": {
        "hash": "u1phk2",
        "latitude": 51.37218354175605,
        "longitude": 10.035616754628245
      }
    }
  ],
  "orders": [
    {
      "id": 968,
      "pickupLocation": {
        "hash": "u1q52c",
        "latitude": 52.609453,
        "longitude": 8.480184
      },
      "deliveryLocation": {
        "hash": "u0vwx5",
        "latitude": 50.3805327,
        "longitude": 8.0461687
      },
      "loadFactor": 8
    }
  ]
}