{
  "vehicles": [
    {
      "id": 6459,
      "priceKm": 1.5039969316302353,
      "startLocation": {
        "hash": "u0ejs4",
        "latitude": 48.79370564301501,
        "longitude": 4.404531844159909
      }
    }
  ],
  "orders": [
    {
      "id": 10991,
      "pickupLocation": {
        "hash": "u1mxsy",
        "latitude": 53.387024,
        "longitude": 7.952453
      },
      "deliveryLocation": {
        "hash": "u1nezs",
        "latitude": 51.309266,
        "longitude": 9.477016
      },
      "loadFactor": 8
    },
    {
      "id": 7534,
      "pickupLocation": {
        "hash": "u1yv4m",
        "latitude": 55.7507,
        "longitude": 9.593335
      },
      "deliveryLocation": {
        "hash": "sxfscc",
        "latitude": 44.4361382,
        "longitude": 26.1027431
      },
      "loadFactor": 7
    }
  ]
}