{
  "vehicles": [
    {
      "id": 9932,
      "priceKm": 1.969719467710533,
      "startLocation": {
        "hash": "u0vq4m",
        "latitude": 50.30382278838517,
        "longitude": 7.4833693368961836
      }
    }
  ],
  "orders": [
    {
      "id": 1946,
      "pickupLocation": {
        "hash": "u1hg5r",
        "latitude": 51.1912416,
        "longitude": 6.8247886
      },
      "deliveryLocation": {
        "hash": "u99zq7",
        "latitude": 54.7289246,
        "longitude": 25.2379883
      },
      "loadFactor": 2
    },
    {
      "id": 7041,
      "pickupLocation": {
        "hash": "u0wqdb",
        "latitude": 48.955734,
        "longitude": 8.920005
      },
      "deliveryLocation": {
        "hash": "u0wzqu",
        "latitude": 49.1124354,
        "longitude": 9.7960463
      },
      "loadFactor": 7
    }
  ]
}