{
  "vehicles": [
    {
      "id": 3400,
      "priceKm": 2.879457220768916,
      "startLocation": {
        "hash": "u0sxux",
        "latitude": 49.21389449707073,
        "longitude": 6.527782912148611
      }
    }
  ],
  "orders": [
    {
      "id": 3242,
      "pickupLocation": {
        "hash": "u0b1dd",
        "latitude": 49.493757,
        "longitude": 0.120504
      },
      "deliveryLocation": {
        "hash": "spv06s",
        "latitude": 43.661201,
        "longitude": 7.151383
      },
      "loadFactor": 9
    },
    {
      "id": 668,
      "pickupLocation": {
        "hash": "ezpc9x",
        "latitude": 39.679171,
        "longitude": -0.277415
      },
      "deliveryLocation": {
        "hash": "u0dz42",
        "latitude": 49.048148,
        "longitude": 3.966507
      },
      "loadFactor": 9
    }
  ]
}