{
  "vehicles": [
    {
      "id": 1920,
      "priceKm": 2.9278443964680254,
      "startLocation": {
        "hash": "u1tfz9",
        "latitude": 53.92763608141775,
        "longitude": 8.419841861744013
      }
    }
  ],
  "orders": [
    {
      "id": 161,
      "pickupLocation": {
        "hash": "ezwgdd",
        "latitude": 42.818857,
        "longitude": -1.644464
      },
      "deliveryLocation": {
        "hash": "u21g07",
        "latitude": 45.548133,
        "longitude": 13.729491
      },
      "loadFactor": 8
    },
    {
      "id": 1985,
      "pickupLocation": {
        "hash": "u0b1x4",
        "latitude": 49.496622,
        "longitude": 0.316745
      },
      "deliveryLocation": {
        "hash": "u0jcze",
        "latitude": 45.325157,
        "longitude": 8.422767
      },
      "loadFactor": 3
    }
  ]
}