{
  "vehicles": [
    {
      "id": 57,
      "priceKm": 1.8331488495938795,
      "startLocation": {
        "hash": "u1p53p",
        "latitude": 51.23883443720161,
        "longitude": 9.892934084485
      }
    }
  ],
  "orders": [
    {
      "id": 1290,
      "pickupLocation": {
        "hash": "u1yv4m",
        "latitude": 55.7507,
        "longitude": 9.593335
      },
      "deliveryLocation": {
        "hash": "u1rb9g",
        "latitude": 52.1402564,
        "longitude": 10.9755783
      },
      "loadFactor": 8
    },
    {
      "id": 11055,
      "pickupLocation": {
        "hash": "u334u8",
        "latitude": 52.518784,
        "longitude": 12.85469
      },
      "deliveryLocation": {
        "hash": "u0xhfn",
        "latitude": 48.683726,
        "longitude": 9.932732
      },
      "loadFactor": 7
    }
  ]
}