{
  "vehicles": [
    {
      "id": 9319,
      "priceKm": 2.9716761481488763,
      "startLocation": {
        "hash": "u1jwtq",
        "latitude": 51.80103008607586,
        "longitude": 7.971605758406886
      }
    }
  ],
  "orders": [
    {
      "id": 5533,
      "pickupLocation": {
        "hash": "u1huxx",
        "latitude": 51.455206,
        "longitude": 7.012273
      },
      "deliveryLocation": {
        "hash": "u1hevj",
        "latitude": 51.313443,
        "longitude": 6.555867
      },
      "loadFactor": 4
    },
    {
      "id": 2160,
      "pickupLocation": {
        "hash": "u1mxsy",
        "latitude": 53.387024,
        "longitude": 7.952453
      },
      "deliveryLocation": {
        "hash": "u1p64c",
        "latitude": 50.9833,
        "longitude": 10.3167
      },
      "loadFactor": 7
    }
  ]
}