{
  "vehicles": [
    {
      "id": 2472,
      "priceKm": 1.1391742245840601,
      "startLocation": {
        "hash": "u1ph3r",
        "latitude": 51.41360932680641,
        "longitude": 9.907080071144476
      }
    }
  ],
  "orders": [
    {
      "id": 6420,
      "pickupLocation": {
        "hash": "u334u8",
        "latitude": 52.518784,
        "longitude": 12.85469
      },
      "deliveryLocation": {
        "hash": "u0rm9y",
        "latitude": 47.411343,
        "longitude": 10.277878
      },
      "loadFactor": 7
    },
    {
      "id": 9015,
      "pickupLocation": {
        "hash": "u1mxsy",
        "latitude": 53.387024,
        "longitude": 7.952453
      },
      "deliveryLocation": {
        "hash": "u0vvsn",
        "latitude": 50.221271,
        "longitude": 8.269521
      },
      "loadFactor": 8
    }
  ]
}