{
  "vehicles": [
    {
      "id": 7778,
      "priceKm": 2.3773335599653027,
      "startLocation": {
        "hash": "u0wkxr",
        "latitude": 48.64219339935927,
        "longitude": 9.117585054501907
      }
    }
  ],
  "orders": [
    {
      "id": 1895,
      "pickupLocation": {
        "hash": "u1yv4k",
        "latitude": 55.7500432,
        "longitude": 9.5962215
      },
      "deliveryLocation": {
        "hash": "u1x15v",
        "latitude": 53.64211,
        "longitude": 10.01173
      },
      "loadFactor": 8
    },
    {
      "id": 10953,
      "pickupLocation": {
        "hash": "u0wqdb",
        "latitude": 48.955734,
        "longitude": 8.920005
      },
      "deliveryLocation": {
        "hash": "u0wsvh",
        "latitude": 48.6710727,
        "longitude": 9.3633652
      },
      "loadFactor": 7
    }
  ]
}