{
  "vehicles": [
    {
      "id": 9829,
      "priceKm": 1.2028443308752585,
      "startLocation": {
        "hash": "u2c2et",
        "latitude": 49.33642751957945,
        "longitude": 13.162591094316115
      }
    }
  ],
  "orders": [
    {
      "id": 8155,
      "pickupLocation": {
        "hash": "u2s1vq",
        "latitude": 48.153538,
        "longitude": 17.109671
      },
      "deliveryLocation": {
        "hash": "u2g44w",
        "latitude": 49.607254,
        "longitude": 15.579353
      },
      "loadFactor": 3
    },
    {
      "id": 1237,
      "pickupLocation": {
        "hash": "u1mxsy",
        "latitude": 53.387024,
        "longitude": 7.952453
      },
      "deliveryLocation": {
        "hash": "u2841z",
        "latitude": 48.202947,
        "longitude": 11.329427
      },
      "loadFactor": 8
    }
  ]
}