{
  "vehicles": [
    {
      "id": 9396,
      "priceKm": 1.9747310218475982,
      "startLocation": {
        "hash": "u1qzg7",
        "latitude": 53.41207896210102,
        "longitude": 9.636571427529972
      }
    }
  ],
  "orders": [
    {
      "id": 9854,
      "pickupLocation": {
        "hash": "u0zchs",
        "latitude": 49.419392,
        "longitude": 11.098348
      },
      "deliveryLocation": {
        "hash": "u29jyc",
        "latitude": 48.8332405,
        "longitude": 12.9620934
      },
      "loadFactor": 6
    },
    {
      "id": 8127,
      "pickupLocation": {
        "hash": "u2gtdh",
        "latitude": 50.2124977,
        "longitude": 16.2627258
      },
      "deliveryLocation": {
        "hash": "u2c0s2",
        "latitude": 49.3080826,
        "longitude": 12.8450289
      },
      "loadFactor": 7
    }
  ]
}