{
  "vehicles": [
    {
      "id": 8391,
      "priceKm": 1.0725114666034632,
      "startLocation": {
        "hash": "u3dbvr",
        "latitude": 53.61321971975776,
        "longitude": 15.354704018744057
      }
    },
    {
      "id": 333,
      "priceKm": 2.11903420304158,
      "startLocation": {
        "hash": "u6p9kd",
        "latitude": 56.48249636943125,
        "longitude": 22.000906975993644
      }
    },
    {
      "id": 979,
      "priceKm": 1.9231938647443738,
      "startLocation": {
        "hash": "u9dj9s",
        "latitude": 54.43150850848522,
        "longitude": 25.383742751776897
      }
    },
    {
      "id": 2479,
      "priceKm": 2.30555605332857,
      "startLocation": {
        "hash": "u0wzmy",
        "latitude": 49.12037211068804,
        "longitude": 9.746993121853844
      }
    },
    {
      "id": 1454,
      "priceKm": 2.7718335667282528,
      "startLocation": {
        "hash": "u21260",
        "latitude": 45.047830531293236,
        "longitude": 13.10103289613558
      }
    },
    {
      "id": 314,
      "priceKm": 2.5409291296458747,
      "startLocation": {
        "hash": "u1t950",
        "latitude": 53.61614787886919,
        "longitude": 7.86779311107842
      }
    }
  ],
  "orders": [
    {
      "id": 5898,
      "pickupLocation": {
        "hash": "u33d8p",
        "latitude": 52.51,
        "longitude": 13.3639006
      },
      "deliveryLocation": {
        "hash": "u32g0x",
        "latitude": 52.6,
        "longitude": 12.3333
      },
      "loadFactor": 3
    }
  ]
}