{
  "vehicles": [
    {
      "id": 1156,
      "priceKm": 2.2365458318152793,
      "startLocation": {
        "hash": "spgkpx",
        "latitude": 44.33820597123105,
        "longitude": 4.903046617155904
      }
    },
    {
      "id": 3487,
      "priceKm": 1.2452698039290815,
      "startLocation": {
        "hash": "u1q2wm",
        "latitude": 52.14736439850919,
        "longitude": 9.068766628149739
      }
    },
    {
      "id": 9892,
      "priceKm": 1.0565940432908811,
      "startLocation": {
        "hash": "u1mf4k",
        "latitude": 52.40861470162456,
        "longitude": 8.185587836578152
      }
    },
    {
      "id": 3986,
      "priceKm": 1.0299702579264502,
      "startLocation": {
        "hash": "u1hr95",
        "latitude": 51.9647394123253,
        "longitude": 6.031053791611749
      }
    },
    {
      "id": 2634,
      "priceKm": 1.712229875251582,
      "startLocation": {
        "hash": "u1k8kz",
        "latitude": 52.11595102499143,
        "longitude": 6.537427309555614
      }
    },
    {
      "id": 3191,
      "priceKm": 1.1708709027128497,
      "startLocation": {
        "hash": "u4n70m",
        "latitude": 56.805937181713006,
        "longitude": 8.808266559625295
      }
    }
  ],
  "orders": [
    {
      "id": 5812,
      "pickupLocation": {
        "hash": "u0wxcg",
        "latitude": 49.191735,
        "longitude": 9.224944
      },
      "deliveryLocation": {
        "hash": "u28hgt",
        "latitude": 48.677765,
        "longitude": 11.411769
      },
      "loadFactor": 7
    }
  ]
}