{
  "vehicles": [
    {
      "id": 5367,
      "priceKm": 1.926330397669469,
      "startLocation": {
        "hash": "u10bt2",
        "latitude": 50.71723268809545,
        "longitude": 1.2895986191228141
      }
    },
    {
      "id": 5946,
      "priceKm": 2.4766821439361353,
      "startLocation": {
        "hash": "u0z2y9",
        "latitude": 49.360147174132315,
        "longitude": 10.4860275991425
      }
    },
    {
      "id": 4598,
      "priceKm": 2.740459740346113,
      "startLocation": {
        "hash": "u2b7f0",
        "latitude": 49.88206934851079,
        "longitude": 11.69687460064223
      }
    },
    {
      "id": 4862,
      "priceKm": 1.11812369940064,
      "startLocation": {
        "hash": "u1p9w8",
        "latitude": 50.89335401188726,
        "longitude": 10.839995163151913
      }
    },
    {
      "id": 1940,
      "priceKm": 1.113591319108904,
      "startLocation": {
        "hash": "u0xjkp",
        "latitude": 48.77788059665863,
        "longitude": 10.026692453976686
      }
    },
    {
      "id": 6403,
      "priceKm": 2.5669053075283674,
      "startLocation": {
        "hash": "u1qgud",
        "latitude": 52.70362071521923,
        "longitude": 9.691021879170826
      }
    }
  ],
  "orders": [
    {
      "id": 10628,
      "pickupLocation": {
        "hash": "u14k10",
        "latitude": 51.331438,
        "longitude": 3.208329
      },
      "deliveryLocation": {
        "hash": "u362su",
        "latitude": 52.144903,
        "longitude": 14.629748
      },
      "loadFactor": 7
    }
  ]
}