{
  "vehicles": [
    {
      "id": 5905,
      "priceKm": 1.3625853535452894,
      "startLocation": {
        "hash": "u0w85f",
        "latitude": 47.827466766804605,
        "longitude": 9.316403706329329
      }
    },
    {
      "id": 1716,
      "priceKm": 2.328532282585689,
      "startLocation": {
        "hash": "u0tjp8",
        "latitude": 48.695879721317034,
        "longitude": 7.366894194335454
      }
    },
    {
      "id": 3461,
      "priceKm": 1.4488584932208568,
      "startLocation": {
        "hash": "u0xwpj",
        "latitude": 48.89783448075146,
        "longitude": 10.862181605050944
      }
    },
    {
      "id": 869,
      "priceKm": 2.4322106316318353,
      "startLocation": {
        "hash": "u0xrhs",
        "latitude": 49.06570002440435,
        "longitude": 10.401168907650975
      }
    },
    {
      "id": 8,
      "priceKm": 2.1590658453914005,
      "startLocation": {
        "hash": "u29uzn",
        "latitude": 48.68397206224554,
        "longitude": 14.01897500330213
      }
    },
    {
      "id": 9429,
      "priceKm": 1.6314921190791025,
      "startLocation": {
        "hash": "u22gfj",
        "latitude": 47.0968011642674,
        "longitude": 12.394538717796037
      }
    }
  ],
  "orders": [
    {
      "id": 504,
      "pickupLocation": {
        "hash": "u1mpd8",
        "latitude": 53.351613,
        "longitude": 7.147359
      },
      "deliveryLocation": {
        "hash": "u1huxx",
        "latitude": 51.455206,
        "longitude": 7.012273
      },
      "loadFactor": 6
    }
  ]
}