{
  "vehicles": [
    {
      "id": 871,
      "priceKm": 2.416478539661247,
      "startLocation": {
        "hash": "u1pjst",
        "latitude": 51.620282234986696,
        "longitude": 10.05233172325367
      }
    },
    {
      "id": 370,
      "priceKm": 1.727787998784696,
      "startLocation": {
        "hash": "u0xm5k",
        "latitude": 48.71453701827174,
        "longitude": 10.347059808030801
      }
    },
    {
      "id": 268,
      "priceKm": 1.5315830368346826,
      "startLocation": {
        "hash": "u2cpkd",
        "latitude": 50.50419099743125,
        "longitude": 12.854499062894323
      }
    },
    {
      "id": 2763,
      "priceKm": 2.678828036679179,
      "startLocation": {
        "hash": "u1pnvv",
        "latitude": 51.84197144633649,
        "longitude": 10.107211954206026
      }
    },
    {
      "id": 2421,
      "priceKm": 1.203967453005976,
      "startLocation": {
        "hash": "u0qkz1",
        "latitude": 47.24836849444165,
        "longitude": 9.107472292614453
      }
    },
    {
      "id": 1611,
      "priceKm": 2.1927598358607665,
      "startLocation": {
        "hash": "u1jqbf",
        "latitude": 51.82371532553962,
        "longitude": 7.4203145319875
      }
    }
  ],
  "orders": [
    {
      "id": 9841,
      "pickupLocation": {
        "hash": "u0wqdb",
        "latitude": 48.955734,
        "longitude": 8.920005
      },
      "deliveryLocation": {
        "hash": "u0wzms",
        "latitude": 49.1123962,
        "longitude": 9.7369061
      },
      "loadFactor": 8
    }
  ]
}