{
  "vehicles": [
    {
      "id": 8561,
      "priceKm": 2.5859091646754653,
      "startLocation": {
        "hash": "u2b0fb",
        "latitude": 49.35165595561001,
        "longitude": 11.37670474201116
      }
    },
    {
      "id": 2265,
      "priceKm": 1.6114078661246336,
      "startLocation": {
        "hash": "u1tub8",
        "latitude": 54.277151108627706,
        "longitude": 8.114355314231362
      }
    },
    {
      "id": 8145,
      "priceKm": 2.0328912562208816,
      "startLocation": {
        "hash": "u1qx2g",
        "latitude": 53.32477441200366,
        "longitude": 9.17362673106528
      }
    },
    {
      "id": 4652,
      "priceKm": 2.9352792496204456,
      "startLocation": {
        "hash": "u2jqg8",
        "latitude": 46.188755295082885,
        "longitude": 18.792361817324267
      }
    },
    {
      "id": 4921,
      "priceKm": 2.3031676521356728,
      "startLocation": {
        "hash": "u1wddm",
        "latitude": 53.90514846243479,
        "longitude": 9.250315307555391
      }
    },
    {
      "id": 8365,
      "priceKm": 2.4063147038644743,
      "startLocation": {
        "hash": "u1qgvc",
        "latitude": 52.69955597007666,
        "longitude": 9.748590455649426
      }
    }
  ],
  "orders": [
    {
      "id": 2484,
      "pickupLocation": {
        "hash": "u1qcvw",
        "latitude": 52.374481,
        "longitude": 9.738563
      },
      "deliveryLocation": {
        "hash": "u1mpeg",
        "latitude": 53.36696,
        "longitude": 7.20595
      },
      "loadFactor": 4
    }
  ]
}