{
  "vehicles": [
    {
      "id": 6324,
      "priceKm": 1.7733941453705158,
      "startLocation": {
        "hash": "u678cq",
        "latitude": 57.826291044933015,
        "longitude": 16.23330464672651
      }
    },
    {
      "id": 1306,
      "priceKm": 1.9972301752328627,
      "startLocation": {
        "hash": "u0zftt",
        "latitude": 49.68707181027666,
        "longitude": 11.144805144392507
      }
    },
    {
      "id": 4820,
      "priceKm": 1.639193141731135,
      "startLocation": {
        "hash": "u0wq4m",
        "latitude": 48.8999099816912,
        "longitude": 8.89523921471765
      }
    },
    {
      "id": 2951,
      "priceKm": 2.802702944037245,
      "startLocation": {
        "hash": "u0t9tq",
        "latitude": 48.11125186398393,
        "longitude": 7.971110453482895
      }
    },
    {
      "id": 8727,
      "priceKm": 2.5520199572319964,
      "startLocation": {
        "hash": "u2b3ge",
        "latitude": 49.54624725222642,
        "longitude": 11.761048098132541
      }
    },
    {
      "id": 8221,
      "priceKm": 1.5759466493902896,
      "startLocation": {
        "hash": "u27dum",
        "latitude": 46.92149131022155,
        "longitude": 16.35871447697389
      }
    }
  ],
  "orders": [
    {
      "id": 4514,
      "pickupLocation": {
        "hash": "u2fwg0",
        "latitude": 50.4095039,
        "longitude": 14.9040823
      },
      "deliveryLocation": {
        "hash": "u1mpeg",
        "latitude": 53.36696,
        "longitude": 7.20595
      },
      "loadFactor": 8
    }
  ]
}