{
  "vehicles": [
    {
      "id": 9557,
      "priceKm": 1.817762993303308,
      "startLocation": {
        "hash": "u1m2b5",
        "latitude": 52.18337232499506,
        "longitude": 7.390308194144885
      }
    },
    {
      "id": 7806,
      "priceKm": 2.8752261879093806,
      "startLocation": {
        "hash": "u152t8",
        "latitude": 50.71546679948963,
        "longitude": 4.820168990332265
      }
    },
    {
      "id": 6084,
      "priceKm": 2.0189193308348425,
      "startLocation": {
        "hash": "u1ve0u",
        "latitude": 55.39815335414124,
        "longitude": 7.771795022171753
      }
    },
    {
      "id": 6969,
      "priceKm": 1.1131575758447139,
      "startLocation": {
        "hash": "u0zjc3",
        "latitude": 50.23507006017173,
        "longitude": 9.907463369468466
      }
    },
    {
      "id": 7241,
      "priceKm": 2.4448398432104392,
      "startLocation": {
        "hash": "ezyb49",
        "latitude": 43.60130635293597,
        "longitude": -1.641032162040072
      }
    },
    {
      "id": 3113,
      "priceKm": 1.993230301996185,
      "startLocation": {
        "hash": "u22gtz",
        "latitude": 47.06361915583645,
        "longitude": 12.557900136827824
      }
    }
  ],
  "orders": [
    {
      "id": 6667,
      "pickupLocation": {
        "hash": "u1qcvw",
        "latitude": 52.374481,
        "longitude": 9.738563
      },
      "deliveryLocation": {
        "hash": "u1ngm0",
        "latitude": 51.2000008,
        "longitude": 9.71667
      },
      "loadFactor": 4
    }
  ]
}