{
  "vehicles": [
    {
      "id": 1248,
      "priceKm": 1.15173219033766,
      "startLocation": {
        "hash": "u0z7ye",
        "latitude": 49.8951469871506,
        "longitude": 10.48293748486027
      }
    },
    {
      "id": 3398,
      "priceKm": 2.907039720380519,
      "startLocation": {
        "hash": "u1tcrd",
        "latitude": 53.6719105192768,
        "longitude": 8.424853042978034
      }
    },
    {
      "id": 2199,
      "priceKm": 2.742239570593626,
      "startLocation": {
        "hash": "sp995w",
        "latitude": 42.39774150260169,
        "longitude": 2.2637698067343726
      }
    },
    {
      "id": 8963,
      "priceKm": 2.8825354113987274,
      "startLocation": {
        "hash": "u0wxpy",
        "latitude": 49.079227832704305,
        "longitude": 9.489697186926405
      }
    },
    {
      "id": 2738,
      "priceKm": 2.629832944677104,
      "startLocation": {
        "hash": "u0y2r0",
        "latitude": 49.26561640491515,
        "longitude": 9.102526610805821
      }
    },
    {
      "id": 5914,
      "priceKm": 2.0186814887564477,
      "startLocation": {
        "hash": "u3bpmk",
        "latitude": 56.141635720918465,
        "longitude": 11.482832062115197
      }
    }
  ],
  "orders": [
    {
      "id": 7600,
      "pickupLocation": {
        "hash": "u1mxsy",
        "latitude": 53.387024,
        "longitude": 7.952453
      },
      "deliveryLocation": {
        "hash": "u0yhzq",
        "latitude": 50.088766,
        "longitude": 8.766286
      },
      "loadFactor": 7
    }
  ]
}