{
  "vehicles": [
    {
      "id": 73,
      "priceKm": 1.6080121331130148,
      "startLocation": {
        "hash": "u0zytk",
        "latitude": 50.383484718749756,
        "longitude": 11.129619909725806
      }
    },
    {
      "id": 4273,
      "priceKm": 2.427531561522743,
      "startLocation": {
        "hash": "u22v3s",
        "latitude": 47.3533637318372,
        "longitude": 12.375890259063164
      }
    },
    {
      "id": 4879,
      "priceKm": 2.3306624957023354,
      "startLocation": {
        "hash": "u1m5t3",
        "latitude": 52.653768183538624,
        "longitude": 7.267016914076531
      }
    },
    {
      "id": 4467,
      "priceKm": 2.441740549041601,
      "startLocation": {
        "hash": "u1x73n",
        "latitude": 54.04216651568683,
        "longitude": 10.242885905179959
      }
    },
    {
      "id": 2897,
      "priceKm": 1.2475084070057474,
      "startLocation": {
        "hash": "u31xrk",
        "latitude": 51.92411636219995,
        "longitude": 13.684192702495531
      }
    },
    {
      "id": 2991,
      "priceKm": 2.1308463393830177,
      "startLocation": {
        "hash": "u1xt0m",
        "latitude": 54.34694139582702,
        "longitude": 10.55849513919182
      }
    }
  ],
  "orders": [
    {
      "id": 10726,
      "pickupLocation": {
        "hash": "u0szuf",
        "latitude": 49.186153,
        "longitude": 6.895741
      },
      "deliveryLocation": {
        "hash": "u0yzk8",
        "latitude": 50.495773,
        "longitude": 9.699328
      },
      "loadFactor": 3
    }
  ]
}