{
  "vehicles": [
    {
      "id": 9325,
      "priceKm": 1.601088266134755,
      "startLocation": {
        "hash": "u33exz",
        "latitude": 52.6898778975872,
        "longitude": 13.704453999531927
      }
    },
    {
      "id": 1824,
      "priceKm": 1.165394400357589,
      "startLocation": {
        "hash": "u1wne0",
        "latitude": 54.582339842842565,
        "longitude": 8.578392085827119
      }
    },
    {
      "id": 2426,
      "priceKm": 2.1908945771281623,
      "startLocation": {
        "hash": "u1qw18",
        "latitude": 53.088485991044024,
        "longitude": 9.211763446800951
      }
    },
    {
      "id": 8575,
      "priceKm": 1.0535784350042465,
      "startLocation": {
        "hash": "u28svb",
        "latitude": 48.65102080706252,
        "longitude": 12.211781703363217
      }
    },
    {
      "id": 9447,
      "priceKm": 2.6638903149492323,
      "startLocation": {
        "hash": "u1yzy0",
        "latitude": 56.20959195771016,
        "longitude": 9.759382094945682
      }
    },
    {
      "id": 7808,
      "priceKm": 2.3908809883513324,
      "startLocation": {
        "hash": "u0vrq8",
        "latitude": 50.497215217467456,
        "longitude": 7.668626158971336
      }
    }
  ],
  "orders": [
    {
      "id": 7550,
      "pickupLocation": {
        "hash": "u1yv4m",
        "latitude": 55.7507,
        "longitude": 9.593335
      },
      "deliveryLocation": {
        "hash": "u1p1v6",
        "latitude": 50.9457824,
        "longitude": 10.0804291
      },
      "loadFactor": 7
    },
    {
      "id": 4786,
      "pickupLocation": {
        "hash": "u0wqdb",
        "latitude": 48.955734,
        "longitude": 8.920005
      },
      "deliveryLocation": {
        "hash": "u0wx9f",
        "latitude": 49.142291,
        "longitude": 9.218655
      },
      "loadFactor": 7
    },
    {
      "id": 185,
      "pickupLocation": {
        "hash": "u1mpd8",
        "latitude": 53.351613,
        "longitude": 7.147359
      },
      "deliveryLocation": {
        "hash": "u1ye73",
        "latitude": 55.425971,
        "longitude": 9.293642
      },
      "loadFactor": 8
    },
    {
      "id": 2160,
      "pickupLocation": {
        "hash": "u1mxsy",
        "latitude": 53.387024,
        "longitude": 7.952453
      },
      "deliveryLocation": {
        "hash": "u1p64c",
        "latitude": 50.9833,
        "longitude": 10.3167
      },
      "loadFactor": 7
    },
    {
      "id": 10021,
      "pickupLocation": {
        "hash": "u30cj7",
        "latitude": 50.819903,
        "longitude": 12.539787
      },
      "deliveryLocation": {
        "hash": "u0zkxs",
        "latitude": 50.0332537,
        "longitude": 10.5343175
      },
      "loadFactor": 7
    }
  ]
}