{
  "vehicles": [
    {
      "id": 9466,
      "priceKm": 1.5727581784113847,
      "startLocation": {
        "hash": "u33hdw",
        "latitude": 52.86069282839806,
        "longitude": 12.77272528811281
      }
    },
    {
      "id": 7270,
      "priceKm": 2.6769009408685065,
      "startLocation": {
        "hash": "u4ndct",
        "latitude": 56.766212278255445,
        "longitude": 9.207784154321539
      }
    },
    {
      "id": 3764,
      "priceKm": 1.461873657034815,
      "startLocation": {
        "hash": "u0v6td",
        "latitude": 49.67425738723055,
        "longitude": 7.63006554161115
      }
    },
    {
      "id": 5228,
      "priceKm": 2.1098305535720967,
      "startLocation": {
        "hash": "u28ww2",
        "latitude": 48.95601900999877,
        "longitude": 12.231865418656037
      }
    },
    {
      "id": 8001,
      "priceKm": 2.6358580153830165,
      "startLocation": {
        "hash": "u1ubgm",
        "latitude": 55.00444466167213,
        "longitude": 6.831979749737974
      }
    },
    {
      "id": 5653,
      "priceKm": 1.5096801556146104,
      "startLocation": {
        "hash": "u33vs6",
        "latitude": 53.009487903052225,
        "longitude": 13.905309069886908
      }
    }
  ],
  "orders": [
    {
      "id": 2646,
      "pickupLocation": {
        "hash": "u334u8",
        "latitude": 52.518784,
        "longitude": 12.85469
      },
      "deliveryLocation": {
        "hash": "u0wgqu",
        "latitude": 48.410538,
        "longitude": 9.791887
      },
      "loadFactor": 8
    },
    {
      "id": 10875,
      "pickupLocation": {
        "hash": "u1yv4m",
        "latitude": 55.7507,
        "longitude": 9.593335
      },
      "deliveryLocation": {
        "hash": "u1r3xh",
        "latitude": 52.3172789,
        "longitude": 10.5128687
      },
      "loadFactor": 8
    },
    {
      "id": 4478,
      "pickupLocation": {
        "hash": "u28k82",
        "latitude": 48.605431,
        "longitude": 11.623412
      },
      "deliveryLocation": {
        "hash": "u28833",
        "latitude": 47.864404,
        "longitude": 12.00977
      },
      "loadFactor": 7
    },
    {
      "id": 3548,
      "pickupLocation": {
        "hash": "u28rh1",
        "latitude": 49.051888,
        "longitude": 11.782505
      },
      "deliveryLocation": {
        "hash": "u0wxcg",
        "latitude": 49.191735,
        "longitude": 9.224944
      },
      "loadFactor": 8
    },
    {
      "id": 3535,
      "pickupLocation": {
        "hash": "u2kx33",
        "latitude": 47.687609,
        "longitude": 17.634682
      },
      "deliveryLocation": {
        "hash": "u1x0es",
        "latitude": 53.5503426,
        "longitude": 10.0006542
      },
      "loadFactor": 8
    }
  ]
}