{
  "vehicles": [
    {
      "id": 8077,
      "priceKm": 1.4760632203856006,
      "startLocation": {
        "hash": "u0y0tm",
        "latitude": 49.33709838415134,
        "longitude": 8.676584211945931
      }
    },
    {
      "id": 482,
      "priceKm": 2.789270018050612,
      "startLocation": {
        "hash": "u0zedc",
        "latitude": 49.84493278353133,
        "longitude": 10.671002618459564
      }
    },
    {
      "id": 9361,
      "priceKm": 2.0960003558222757,
      "startLocation": {
        "hash": "u1n3yv",
        "latitude": 50.96403523306261,
        "longitude": 9.094282991640299
      }
    },
    {
      "id": 8252,
      "priceKm": 2.999279611689682,
      "startLocation": {
        "hash": "u33fcy",
        "latitude": 52.54826288647305,
        "longitude": 13.79119287051868
      }
    },
    {
      "id": 7920,
      "priceKm": 1.8491488013369646,
      "startLocation": {
        "hash": "u0w6z3",
        "latitude": 48.30673298886635,
        "longitude": 9.109242816402682
      }
    },
    {
      "id": 1996,
      "priceKm": 2.873220064336465,
      "startLocation": {
        "hash": "u0yhqv",
        "latitude": 49.998609527827284,
        "longitude": 8.735927434541214
      }
    }
  ],
  "orders": [
    {
      "id": 944,
      "pickupLocation": {
        "hash": "u1m9r4",
        "latitude": 52.2667,
        "longitude": 8.05
      },
      "deliveryLocation": {
        "hash": "u1qm3m",
        "latitude": 52.9842232,
        "longitude": 8.8441245
      },
      "loadFactor": 7
    },
    {
      "id": 7526,
      "pickupLocation": {
        "hash": "u1jh7t",
        "latitude": 51.4007187,
        "longitude": 7.1862488
      },
      "deliveryLocation": {
        "hash": "u1qwem",
        "latitude": 53.2027092,
        "longitude": 9.2862101
      },
      "loadFactor": 7
    },
    {
      "id": 5474,
      "pickupLocation": {
        "hash": "u1mpd8",
        "latitude": 53.351613,
        "longitude": 7.147359
      },
      "deliveryLocation": {
        "hash": "u0gphf",
        "latitude": 50.4653854,
        "longitude": 4.4301758
      },
      "loadFactor": 6
    },
    {
      "id": 3309,
      "pickupLocation": {
        "hash": "u0wqdb",
        "latitude": 48.955734,
        "longitude": 8.920005
      },
      "deliveryLocation": {
        "hash": "u0xjv2",
        "latitude": 48.8275424,
        "longitude": 10.0785846
      },
      "loadFactor": 7
    },
    {
      "id": 6676,
      "pickupLocation": {
        "hash": "u0fvcp",
        "latitude": 50.26983,
        "longitude": 3.915832
      },
      "deliveryLocation": {
        "hash": "u1hg0p",
        "latitude": 51.1958427,
        "longitude": 6.690083
      },
      "loadFactor": 6
    }
  ]
}