{
  "vehicles": [
    {
      "id": 5872,
      "priceKm": 1.3451588464597393,
      "startLocation": {
        "hash": "u0qp59",
        "latitude": 47.64487749784749,
        "longitude": 8.59265002997063
      }
    },
    {
      "id": 4753,
      "priceKm": 2.0912696941687505,
      "startLocation": {
        "hash": "u3h234",
        "latitude": 50.68136490425237,
        "longitude": 17.27887253222822
      }
    },
    {
      "id": 9705,
      "priceKm": 1.095364465448374,
      "startLocation": {
        "hash": "u1px8y",
        "latitude": 51.979917841048014,
        "longitude": 10.581322618247778
      }
    },
    {
      "id": 9744,
      "priceKm": 1.4271879389978084,
      "startLocation": {
        "hash": "u1srpd",
        "latitude": 54.67924272057676,
        "longitude": 6.316438805577584
      }
    },
    {
      "id": 5490,
      "priceKm": 2.3296249202047266,
      "startLocation": {
        "hash": "u339wy",
        "latitude": 52.32878381932985,
        "longitude": 13.658432951348102
      }
    },
    {
      "id": 8215,
      "priceKm": 1.4619955533142803,
      "startLocation": {
        "hash": "u0t80j",
        "latitude": 47.84407175249609,
        "longitude": 7.735490155719874
      }
    }
  ],
  "orders": [
    {
      "id": 458,
      "pickupLocation": {
        "hash": "spd533",
        "latitude": 42.768357,
        "longitude": 2.870928
      },
      "deliveryLocation": {
        "hash": "gbqcrx",
        "latitude": 46.6693764,
        "longitude": -1.418722
      },
      "loadFactor": 8
    },
    {
      "id": 7286,
      "pickupLocation": {
        "hash": "u05f7b",
        "latitude": 45.3978004,
        "longitude": 5.44912
      },
      "deliveryLocation": {
        "hash": "u0b1dd",
        "latitude": 49.493757,
        "longitude": 0.120504
      },
      "loadFactor": 3
    },
    {
      "id": 8969,
      "pickupLocation": {
        "hash": "u28k82",
        "latitude": 48.605431,
        "longitude": 11.623412
      },
      "deliveryLocation": {
        "hash": "u283dv",
        "latitude": 48.106218,
        "longitude": 11.72896
      },
      "loadFactor": 8
    },
    {
      "id": 8389,
      "pickupLocation": {
        "hash": "u30bs3",
        "latitude": 50.718504,
        "longitude": 12.493927
      },
      "deliveryLocation": {
        "hash": "u28k82",
        "latitude": 48.605431,
        "longitude": 11.623412
      },
      "loadFactor": 6
    },
    {
      "id": 6011,
      "pickupLocation": {
        "hash": "u1mxsy",
        "latitude": 53.387024,
        "longitude": 7.952453
      },
      "deliveryLocation": {
        "hash": "u1rdjq",
        "latitude": 52.420559,
        "longitude": 10.786168
      },
      "loadFactor": 7
    }
  ]
}