{
  "vehicles": [
    {
      "id": 488,
      "priceKm": 1.4326724724341535,
      "startLocation": {
        "hash": "u0twww",
        "latitude": 48.98954133336946,
        "longitude": 8.024009063808974
      }
    },
    {
      "id": 3428,
      "priceKm": 2.386998915487355,
      "startLocation": {
        "hash": "u27yjm",
        "latitude": 47.492731140407166,
        "longitude": 16.757678105127173
      }
    },
    {
      "id": 6537,
      "priceKm": 2.0201322279214837,
      "startLocation": {
        "hash": "u1v3mh",
        "latitude": 55.08798133979955,
        "longitude": 7.6065236460924845
      }
    },
    {
      "id": 9127,
      "priceKm": 2.7015623441556755,
      "startLocation": {
        "hash": "spcfb7",
        "latitude": 44.094464959866556,
        "longitude": 2.4740006263077357
      }
    },
    {
      "id": 4196,
      "priceKm": 1.2296705246409312,
      "startLocation": {
        "hash": "u1zfs0",
        "latitude": 55.28502012514463,
        "longitude": 11.083132718035412
      }
    },
    {
      "id": 6994,
      "priceKm": 1.169215274206485,
      "startLocation": {
        "hash": "u1nbnv",
        "latitude": 50.65585301557172,
        "longitude": 9.793333469183287
      }
    }
  ],
  "orders": [
    {
      "id": 3971,
      "pickupLocation": {
        "hash": "u1yv4m",
        "latitude": 55.7507,
        "longitude": 9.593335
      },
      "deliveryLocation": {
        "hash": "u339k4",
        "latitude": 52.2643929,
        "longitude": 13.5358438
      },
      "loadFactor": 8
    },
    {
      "id": 3728,
      "pickupLocation": {
        "hash": "u30cj7",
        "latitude": 50.819904,
        "longitude": 12.539787
      },
      "deliveryLocation": {
        "hash": "u0z54c",
        "latitude": 49.7568252,
        "longitude": 9.9675466
      },
      "loadFactor": 8
    },
    {
      "id": 4234,
      "pickupLocation": {
        "hash": "u1mpd8",
        "latitude": 53.351613,
        "longitude": 7.147359
      },
      "deliveryLocation": {
        "hash": "u0f0nr",
        "latitude": 49.259963,
        "longitude": 3.090591
      },
      "loadFactor": 7
    },
    {
      "id": 7416,
      "pickupLocation": {
        "hash": "u1rdjq",
        "latitude": 52.420559,
        "longitude": 10.786168
      },
      "deliveryLocation": {
        "hash": "u0y5sz",
        "latitude": 49.872775,
        "longitude": 8.651178
      },
      "loadFactor": 8
    },
    {
      "id": 4216,
      "pickupLocation": {
        "hash": "u1q52c",
        "latitude": 52.609453,
        "longitude": 8.480184
      },
      "deliveryLocation": {
        "hash": "u0v920",
        "latitude": 49.4412925,
        "longitude": 7.7446875
      },
      "loadFactor": 4
    }
  ]
}