{
  "vehicles": [
    {
      "id": 7647,
      "priceKm": 1.6581354452517454,
      "startLocation": {
        "hash": "u0cfpt",
        "latitude": 49.598687042817865,
        "longitude": 2.794942191501424
      }
    },
    {
      "id": 5403,
      "priceKm": 2.6507226482199995,
      "startLocation": {
        "hash": "spc1df",
        "latitude": 43.86904188204803,
        "longitude": 1.534788477926557
      }
    },
    {
      "id": 3808,
      "priceKm": 1.916055284040801,
      "startLocation": {
        "hash": "u0zk72",
        "latitude": 49.969901368027536,
        "longitude": 10.341452891860182
      }
    },
    {
      "id": 841,
      "priceKm": 1.957715663364996,
      "startLocation": {
        "hash": "u2c152",
        "latitude": 49.39481533299666,
        "longitude": 12.799216104912164
      }
    },
    {
      "id": 8095,
      "priceKm": 2.55207458989203,
      "startLocation": {
        "hash": "u0w7t5",
        "latitude": 48.449485782599055,
        "longitude": 9.012118261981014
      }
    },
    {
      "id": 4642,
      "priceKm": 1.1782380885764359,
      "startLocation": {
        "hash": "u1h37k",
        "latitude": 50.868437000323574,
        "longitude": 6.1281466475921835
      }
    }
  ],
  "orders": [
    {
      "id": 8369,
      "pickupLocation": {
        "hash": "u1mxsy",
        "latitude": 53.387024,
        "longitude": 7.952453
      },
      "deliveryLocation": {
        "hash": "u1r2em",
        "latitude": 52.148021,
        "longitude": 10.348964
      },
      "loadFactor": 8
    },
    {
      "id": 946,
      "pickupLocation": {
        "hash": "u1m9r4",
        "latitude": 52.2667,
        "longitude": 8.05
      },
      "deliveryLocation": {
        "hash": "u1qm3m",
        "latitude": 52.9842232,
        "longitude": 8.8441245
      },
      "loadFactor": 7
    },
    {
      "id": 5385,
      "pickupLocation": {
        "hash": "u2s1vq",
        "latitude": 48.153538,
        "longitude": 17.109671
      },
      "deliveryLocation": {
        "hash": "u2fcv4",
        "latitude": 49.539144,
        "longitude": 15.3473048
      },
      "loadFactor": 8
    },
    {
      "id": 5498,
      "pickupLocation": {
        "hash": "u2kx33",
        "latitude": 47.687611,
        "longitude": 17.634682
      },
      "deliveryLocation": {
        "hash": "u29s66",
        "latitude": 48.574014,
        "longitude": 13.460645
      },
      "loadFactor": 8
    },
    {
      "id": 10558,
      "pickupLocation": {
        "hash": "u0wqdb",
        "latitude": 48.955734,
        "longitude": 8.920005
      },
      "deliveryLocation": {
        "hash": "u0wv5b",
        "latitude": 48.696497,
        "longitude": 9.6640393
      },
      "loadFactor": 8
    }
  ]
}