{
  "vehicles": [
    {
      "id": 9969,
      "priceKm": 1.4764231196106996,
      "startLocation": {
        "hash": "u1trbx",
        "latitude": 54.83885096256471,
        "longitude": 7.408953946613185
      }
    },
    {
      "id": 9114,
      "priceKm": 1.8241576936770885,
      "startLocation": {
        "hash": "u1w23q",
        "latitude": 53.51927142167284,
        "longitude": 8.848396749736912
      }
    },
    {
      "id": 7732,
      "priceKm": 2.516156276030589,
      "startLocation": {
        "hash": "u0qv72",
        "latitude": 47.33054659025967,
        "longitude": 9.639712502835781
      }
    },
    {
      "id": 2482,
      "priceKm": 1.2168628667407493,
      "startLocation": {
        "hash": "u1ytdn",
        "latitude": 55.84652811703935,
        "longitude": 9.236107232074456
      }
    },
    {
      "id": 5958,
      "priceKm": 1.0133162319547988,
      "startLocation": {
        "hash": "u1pxgd",
        "latitude": 52.003548617086935,
        "longitude": 10.701627359620277
      }
    },
    {
      "id": 8708,
      "priceKm": 1.9010413885282653,
      "startLocation": {
        "hash": "u2c41j",
        "latitude": 49.59895930955746,
        "longitude": 12.710191298812923
      }
    }
  ],
  "orders": [
    {
      "id": 4838,
      "pickupLocation": {
        "hash": "u1yv4m",
        "latitude": 55.7507,
        "longitude": 9.593335
      },
      "deliveryLocation": {
        "hash": "u1r3xh",
        "latitude": 52.3172789,
        "longitude": 10.5128687
      },
      "loadFactor": 6
    },
    {
      "id": 472,
      "pickupLocation": {
        "hash": "u1mr3b",
        "latitude": 53.3106603,
        "longitude": 7.4671401
      },
      "deliveryLocation": {
        "hash": "u0vugc",
        "latitude": 50.0614479,
        "longitude": 8.2529458
      },
      "loadFactor": 7
    },
    {
      "id": 5180,
      "pickupLocation": {
        "hash": "u2kx33",
        "latitude": 47.687609,
        "longitude": 17.634682
      },
      "deliveryLocation": {
        "hash": "u1j9qd",
        "latitude": 50.859177,
        "longitude": 8.0201342
      },
      "loadFactor": 8
    },
    {
      "id": 10918,
      "pickupLocation": {
        "hash": "u1m9r4",
        "latitude": 52.2667,
        "longitude": 8.05
      },
      "deliveryLocation": {
        "hash": "u0zfg9",
        "latitude": 49.7094619,
        "longitude": 11.0620401
      },
      "loadFactor": 8
    },
    {
      "id": 10442,
      "pickupLocation": {
        "hash": "u30u9s",
        "latitude": 51.439009,
        "longitude": 12.371469
      },
      "deliveryLocation": {
        "hash": "u0zegp",
        "latitude": 49.9182528,
        "longitude": 10.6788958
      },
      "loadFactor": 10
    }
  ]
}