{
  "vehicles": [
    {
      "id": 8608,
      "priceKm": 1.445602790075714,
      "startLocation": {
        "hash": "u1qzwr",
        "latitude": 53.391149456885024,
        "longitude": 9.774264148315519
      }
    },
    {
      "id": 1463,
      "priceKm": 1.683821583793889,
      "startLocation": {
        "hash": "u0urs2",
        "latitude": 50.538205695342114,
        "longitude": 6.170933217956122
      }
    },
    {
      "id": 7844,
      "priceKm": 2.2915161295363324,
      "startLocation": {
        "hash": "u1nh2q",
        "latitude": 51.41037583307227,
        "longitude": 8.457540585969827
      }
    },
    {
      "id": 5471,
      "priceKm": 1.9607478953187825,
      "startLocation": {
        "hash": "u3687e",
        "latitude": 52.09300479015394,
        "longitude": 14.929750897202235
      }
    },
    {
      "id": 5833,
      "priceKm": 2.2325693716983035,
      "startLocation": {
        "hash": "u22zqr",
        "latitude": 47.722092648088164,
        "longitude": 12.588851758981713
      }
    },
    {
      "id": 3704,
      "priceKm": 2.728370639900648,
      "startLocation": {
        "hash": "u1knk0",
        "latitude": 53.134605213784894,
        "longitude": 5.810151534810238
      }
    }
  ],
  "orders": [
    {
      "id": 5175,
      "pickupLocation": {
        "hash": "u1m9r4",
        "latitude": 52.2667,
        "longitude": 8.05
      },
      "deliveryLocation": {
        "hash": "u1jrm9",
        "latitude": 51.9081883,
        "longitude": 7.6329215
      },
      "loadFactor": 7
    },
    {
      "id": 1264,
      "pickupLocation": {
        "hash": "u30cj7",
        "latitude": 50.819904,
        "longitude": 12.539787
      },
      "deliveryLocation": {
        "hash": "u0yu3f",
        "latitude": 49.9777077,
        "longitude": 9.5778539
      },
      "loadFactor": 8
    },
    {
      "id": 6772,
      "pickupLocation": {
        "hash": "u1qcvw",
        "latitude": 52.374481,
        "longitude": 9.738563
      },
      "deliveryLocation": {
        "hash": "u3b7kq",
        "latitude": 55.4498749,
        "longitude": 11.7992897
      },
      "loadFactor": 2
    },
    {
      "id": 4730,
      "pickupLocation": {
        "hash": "u1yv4k",
        "latitude": 55.7500432,
        "longitude": 9.5962215
      },
      "deliveryLocation": {
        "hash": "u1qvu8",
        "latitude": 53.0441877,
        "longitude": 9.6969062
      },
      "loadFactor": 4
    },
    {
      "id": 9257,
      "pickupLocation": {
        "hash": "u1r2em",
        "latitude": 52.148021,
        "longitude": 10.348964
      },
      "deliveryLocation": {
        "hash": "u1t3jn",
        "latitude": 53.646347,
        "longitude": 7.612811
      },
      "loadFactor": 10
    }
  ]
}