{
  "vehicles": [
    {
      "id": 720,
      "priceKm": 2.9002735913605724,
      "startLocation": {
        "hash": "u08ccx",
        "latitude": 48.161221028435435,
        "longitude": 1.1245172625734254
      }
    },
    {
      "id": 2152,
      "priceKm": 2.8071218012955264,
      "startLocation": {
        "hash": "u0tyft",
        "latitude": 49.02702110202044,
        "longitude": 8.199334097982907
      }
    },
    {
      "id": 4407,
      "priceKm": 2.70228518398433,
      "startLocation": {
        "hash": "u0b5jq",
        "latitude": 49.780796583763816,
        "longitude": 0.23993664081596877
      }
    },
    {
      "id": 2697,
      "priceKm": 2.0637801219145917,
      "startLocation": {
        "hash": "srfxvm",
        "latitude": 44.986290679447514,
        "longitude": 15.005920123115724
      }
    },
    {
      "id": 9941,
      "priceKm": 1.4775322041182437,
      "startLocation": {
        "hash": "u0wb6w",
        "latitude": 47.8936907277681,
        "longitude": 9.61197526848148
      }
    },
    {
      "id": 9763,
      "priceKm": 2.3779411760709532,
      "startLocation": {
        "hash": "u2c9ff",
        "latitude": 49.54193703600431,
        "longitude": 13.488158285723697
      }
    }
  ],
  "orders": [
    {
      "id": 502,
      "pickupLocation": {
        "hash": "u9cm43",
        "latitude": 55.729545,
        "longitude": 24.3603912
      },
      "deliveryLocation": {
        "hash": "u1jhb5",
        "latitude": 51.4767191,
        "longitude": 7.0372498
      },
      "loadFactor": 8
    },
    {
      "id": 9112,
      "pickupLocation": {
        "hash": "u30cdb",
        "latitude": 50.889108,
        "longitude": 12.431532
      },
      "deliveryLocation": {
        "hash": "u0w693",
        "latitude": 48.2583759,
        "longitude": 8.8497687
      },
      "loadFactor": 7
    },
    {
      "id": 5511,
      "pickupLocation": {
        "hash": "u30u9s",
        "latitude": 51.4390106,
        "longitude": 12.3714685
      },
      "deliveryLocation": {
        "hash": "u0z560",
        "latitude": 49.79245,
        "longitude": 9.9329662
      },
      "loadFactor": 4
    },
    {
      "id": 1853,
      "pickupLocation": {
        "hash": "u0wqdb",
        "latitude": 48.955734,
        "longitude": 8.920005
      },
      "deliveryLocation": {
        "hash": "u0xps2",
        "latitude": 49.134673,
        "longitude": 10.0371906
      },
      "loadFactor": 8
    },
    {
      "id": 8918,
      "pickupLocation": {
        "hash": "u2s1vq",
        "latitude": 48.153538,
        "longitude": 17.109671
      },
      "deliveryLocation": {
        "hash": "u2dxt6",
        "latitude": 49.147022,
        "longitude": 15.001504
      },
      "loadFactor": 8
    }
  ]
}