{
  "vehicles": [
    {
      "id": 8264,
      "priceKm": 2.846372758791147,
      "startLocation": {
        "hash": "u0w2yr",
        "latitude": 47.98592901401596,
        "longitude": 9.067778939002142
      }
    },
    {
      "id": 6538,
      "priceKm": 2.416371003008524,
      "startLocation": {
        "hash": "u293jj",
        "latitude": 48.01848024776242,
        "longitude": 13.238081308659043
      }
    },
    {
      "id": 9848,
      "priceKm": 1.2387133437686673,
      "startLocation": {
        "hash": "u1wg1k",
        "latitude": 53.98928480526863,
        "longitude": 9.553483995407028
      }
    },
    {
      "id": 1361,
      "priceKm": 1.0114740545785403,
      "startLocation": {
        "hash": "u2fdgy",
        "latitude": 49.736982078801034,
        "longitude": 14.932179917501395
      }
    },
    {
      "id": 7669,
      "priceKm": 2.1465478849609827,
      "startLocation": {
        "hash": "u2f5fs",
        "latitude": 49.903645913628274,
        "longitude": 14.182785002669089
      }
    },
    {
      "id": 6463,
      "priceKm": 1.1562313640867337,
      "startLocation": {
        "hash": "u2b1qw",
        "latitude": 49.47197631453198,
        "longitude": 11.54309544595864
      }
    }
  ],
  "orders": [
    {
      "id": 8035,
      "pickupLocation": {
        "hash": "u28hgt",
        "latitude": 48.677763,
        "longitude": 11.411769
      },
      "deliveryLocation": {
        "hash": "u0xfpe",
        "latitude": 48.18138,
        "longitude": 11.238213
      },
      "loadFactor": 5
    },
    {
      "id": 5821,
      "pickupLocation": {
        "hash": "u1hu9e",
        "latitude": 51.433434,
        "longitude": 6.749769
      },
      "deliveryLocation": {
        "hash": "u392yq",
        "latitude": 53.606653,
        "longitude": 13.289954
      },
      "loadFactor": 8
    },
    {
      "id": 6652,
      "pickupLocation": {
        "hash": "u28hgt",
        "latitude": 48.677765,
        "longitude": 11.411769
      },
      "deliveryLocation": {
        "hash": "u28k82",
        "latitude": 48.605431,
        "longitude": 11.623412
      },
      "loadFactor": 8
    },
    {
      "id": 7813,
      "pickupLocation": {
        "hash": "u0mpxh",
        "latitude": 47.7494202,
        "longitude": 7.3399358
      },
      "deliveryLocation": {
        "hash": "u0978q",
        "latitude": 48.4645157,
        "longitude": 1.770963
      },
      "loadFactor": 8
    },
    {
      "id": 291,
      "pickupLocation": {
        "hash": "u14k10",
        "latitude": 51.331438,
        "longitude": 3.208329
      },
      "deliveryLocation": {
        "hash": "u311em",
        "latitude": 50.919963,
        "longitude": 12.805737
      },
      "loadFactor": 8
    }
  ]
}