{
  "vehicles": [
    {
      "id": 991,
      "priceKm": 2.4695618633894285,
      "startLocation": {
        "hash": "u2btc9",
        "latitude": 50.237034972419316,
        "longitude": 12.030009907754472
      }
    },
    {
      "id": 7718,
      "priceKm": 1.4945755733134978,
      "startLocation": {
        "hash": "u332jn",
        "latitude": 52.06579264783005,
        "longitude": 13.23752839066765
      }
    },
    {
      "id": 2268,
      "priceKm": 1.8525372365141406,
      "startLocation": {
        "hash": "u2fn7x",
        "latitude": 50.36109958853115,
        "longitude": 14.216947550989723
      }
    },
    {
      "id": 5741,
      "priceKm": 2.511714201667261,
      "startLocation": {
        "hash": "u33qm6",
        "latitude": 53.14406369641939,
        "longitude": 13.241695923708
      }
    },
    {
      "id": 3360,
      "priceKm": 1.1332375593028057,
      "startLocation": {
        "hash": "u2chtf",
        "latitude": 50.025773647774436,
        "longitude": 12.913183794836899
      }
    }
  ],
  "orders": [
    {
      "id": 5071,
      "pickupLocation": {
        "hash": "u2c0s2",
        "latitude": 49.308084,
        "longitude": 12.845029
      },
      "deliveryLocation": {
        "hash": "u29n3t",
        "latitude": 48.9413795,
        "longitude": 12.727705
      },
      "loadFactor": 7
    },
    {
      "id": 11096,
      "pickupLocation": {
        "hash": "u1mxsy",
        "latitude": 53.387024,
        "longitude": 7.952453
      },
      "deliveryLocation": {
        "hash": "u0v0er",
        "latitude": 49.350008,
        "longitude": 7.183328
      },
      "loadFactor": 8
    },
    {
      "id": 6748,
      "pickupLocation": {
        "hash": "u2s1vq",
        "latitude": 48.153538,
        "longitude": 17.109671
      },
      "deliveryLocation": {
        "hash": "u2e818",
        "latitude": 47.8131752,
        "longitude": 16.2440319
      },
      "loadFactor": 5
    },
    {
      "id": 2966,
      "pickupLocation": {
        "hash": "u0b1x4",
        "latitude": 49.496622,
        "longitude": 0.316745
      },
      "deliveryLocation": {
        "hash": "u0jcze",
        "latitude": 45.325156,
        "longitude": 8.422767
      },
      "loadFactor": 3
    }
  ]
}