{
  "vehicles": [
    {
      "id": 9093,
      "priceKm": 1.0046573203162465,
      "startLocation": {
        "hash": "u30056",
        "latitude": 50.63741649009689,
        "longitude": 11.39677920259537
      }
    },
    {
      "id": 7747,
      "priceKm": 1.438104064203956,
      "startLocation": {
        "hash": "u6m077",
        "latitude": 57.72185609733068,
        "longitude": 18.426901588397072
      }
    },
    {
      "id": 2048,
      "priceKm": 2.227295216907277,
      "startLocation": {
        "hash": "u1y3ns",
        "latitude": 55.043811456596934,
        "longitude": 9.085232059682115
      }
    },
    {
      "id": 8929,
      "priceKm": 2.0222936853346174,
      "startLocation": {
        "hash": "u1x5d5",
        "latitude": 54.0700593075083,
        "longitude": 9.940192456068246
      }
    },
    {
      "id": 3594,
      "priceKm": 2.8792899423397045,
      "startLocation": {
        "hash": "u14nxq",
        "latitude": 51.80486318580001,
        "longitude": 3.132907874911511
      }
    }
  ],
  "orders": [
    {
      "id": 10945,
      "pickupLocation": {
        "hash": "u30bs3",
        "latitude": 50.718504,
        "longitude": 12.493927
      },
      "deliveryLocation": {
        "hash": "u0tddp",
        "latitude": 48.295226,
        "longitude": 7.823876
      },
      "loadFactor": 7
    },
    {
      "id": 11150,
      "pickupLocation": {
        "hash": "u334u8",
        "latitude": 52.518784,
        "longitude": 12.85469
      },
      "deliveryLocation": {
        "hash": "u0xhzj",
        "latitude": 48.676764,
        "longitude": 10.152923
      },
      "loadFactor": 4
    },
    {
      "id": 399,
      "pickupLocation": {
        "hash": "u1qcvw",
        "latitude": 52.374481,
        "longitude": 9.738563
      },
      "deliveryLocation": {
        "hash": "u1w4my",
        "latitude": 53.86878,
        "longitude": 8.698286
      },
      "loadFactor": 4
    },
    {
      "id": 8761,
      "pickupLocation": {
        "hash": "u0wqdb",
        "latitude": 48.955734,
        "longitude": 8.920005
      },
      "deliveryLocation": {
        "hash": "u0wzms",
        "latitude": 49.1124645,
        "longitude": 9.7372649
      },
      "loadFactor": 7
    }
  ]
}