{
  "vehicles": [
    {
      "id": 1372,
      "priceKm": 2.0861598403532438,
      "startLocation": {
        "hash": "u1njws",
        "latitude": 51.6152636492405,
        "longitude": 8.724596513848347
      }
    },
    {
      "id": 2102,
      "priceKm": 1.4397237099117681,
      "startLocation": {
        "hash": "u08yzs",
        "latitude": 49.022954962034184,
        "longitude": 1.3934260338579163
      }
    },
    {
      "id": 2310,
      "priceKm": 1.606710994210587,
      "startLocation": {
        "hash": "u0y991",
        "latitude": 49.4906134378164,
        "longitude": 9.194048708884356
      }
    },
    {
      "id": 9626,
      "priceKm": 1.621722560193712,
      "startLocation": {
        "hash": "u0w8ys",
        "latitude": 47.96992525951248,
        "longitude": 9.43382556339644
      }
    },
    {
      "id": 8211,
      "priceKm": 2.165618786431237,
      "startLocation": {
        "hash": "u1m2w4",
        "latitude": 52.1338390562312,
        "longitude": 7.651170286979798
      }
    }
  ],
  "orders": [
    {
      "id": 393,
      "pickupLocation": {
        "hash": "u0wqdb",
        "latitude": 48.955734,
        "longitude": 8.920005
      },
      "deliveryLocation": {
        "hash": "u0y2xw",
        "latitude": 49.340711,
        "longitude": 9.1193621
      },
      "loadFactor": 4
    },
    {
      "id": 1929,
      "pickupLocation": {
        "hash": "u0fntc",
        "latitude": 50.370368,
        "longitude": 3.076138
      },
      "deliveryLocation": {
        "hash": "spgmkp",
        "latitude": 44.557939,
        "longitude": 4.750318
      },
      "loadFactor": 8
    },
    {
      "id": 5074,
      "pickupLocation": {
        "hash": "u1mxsy",
        "latitude": 53.387024,
        "longitude": 7.952453
      },
      "deliveryLocation": {
        "hash": "u1jjc7",
        "latitude": 51.655551,
        "longitude": 7.096812
      },
      "loadFactor": 8
    },
    {
      "id": 5359,
      "pickupLocation": {
        "hash": "u1mxsy",
        "latitude": 53.387024,
        "longitude": 7.952453
      },
      "deliveryLocation": {
        "hash": "u1hcnu",
        "latitude": 50.82463,
        "longitude": 6.979071
      },
      "loadFactor": 7
    }
  ]
}