{
  "vehicles": [
    {
      "id": 7767,
      "priceKm": 2.6223441530296183,
      "startLocation": {
        "hash": "u32nu0",
        "latitude": 53.21996258231968,
        "longitude": 11.434780282753307
      }
    },
    {
      "id": 5182,
      "priceKm": 1.0518385530884031,
      "startLocation": {
        "hash": "u31331",
        "latitude": 50.85315292676675,
        "longitude": 13.056989322723613
      }
    },
    {
      "id": 4416,
      "priceKm": 1.8431727464902399,
      "startLocation": {
        "hash": "u2mhej",
        "latitude": 47.226971900452476,
        "longitude": 18.415171461031314
      }
    },
    {
      "id": 4291,
      "priceKm": 2.0562663984732135,
      "startLocation": {
        "hash": "u0tkk6",
        "latitude": 48.5721637192783,
        "longitude": 7.574912785453038
      }
    },
    {
      "id": 4578,
      "priceKm": 1.0299660969962183,
      "startLocation": {
        "hash": "u2bbtt",
        "latitude": 49.33942151720857,
        "longitude": 12.55011314104508
      }
    }
  ],
  "orders": [
    {
      "id": 5688,
      "pickupLocation": {
        "hash": "u14k10",
        "latitude": 51.331438,
        "longitude": 3.208329
      },
      "deliveryLocation": {
        "hash": "u15uy6",
        "latitude": 51.472335,
        "longitude": 5.552838
      },
      "loadFactor": 8
    },
    {
      "id": 143,
      "pickupLocation": {
        "hash": "u1yv4m",
        "latitude": 55.7507,
        "longitude": 9.593335
      },
      "deliveryLocation": {
        "hash": "u15yqn",
        "latitude": 51.7597528,
        "longitude": 5.547986
      },
      "loadFactor": 8
    },
    {
      "id": 4355,
      "pickupLocation": {
        "hash": "u28k82",
        "latitude": 48.605431,
        "longitude": 11.623412
      },
      "deliveryLocation": {
        "hash": "u28cw0",
        "latitude": 48.079092,
        "longitude": 12.570761
      },
      "loadFactor": 7
    },
    {
      "id": 3747,
      "pickupLocation": {
        "hash": "u30cj7",
        "latitude": 50.819903,
        "longitude": 12.539787
      },
      "deliveryLocation": {
        "hash": "u34ehd",
        "latitude": 51.1636217,
        "longitude": 14.9682776
      },
      "loadFactor": 8
    }
  ]
}