{
  "vehicles": [
    {
      "id": 8761,
      "priceKm": 2.2715332729836324,
      "startLocation": {
        "hash": "u0qyns",
        "latitude": 47.48523339167149,
        "longitude": 9.787753571032217
      }
    },
    {
      "id": 3323,
      "priceKm": 1.947716650431217,
      "startLocation": {
        "hash": "u0g6qe",
        "latitude": 49.632617535270626,
        "longitude": 4.86214216507811
      }
    },
    {
      "id": 4140,
      "priceKm": 1.1096215455991416,
      "startLocation": {
        "hash": "u08tpn",
        "latitude": 48.72581457508749,
        "longitude": 1.017100649733936
      }
    },
    {
      "id": 8501,
      "priceKm": 2.4453029368410633,
      "startLocation": {
        "hash": "u1jsq6",
        "latitude": 51.3844555410298,
        "longitude": 8.010031094829081
      }
    },
    {
      "id": 8994,
      "priceKm": 2.8019022874330943,
      "startLocation": {
        "hash": "u2bekv",
        "latitude": 49.82066190128086,
        "longitude": 12.171313666087475
      }
    }
  ],
  "orders": [
    {
      "id": 4953,
      "pickupLocation": {
        "hash": "u0y7c5",
        "latitude": 49.894932,
        "longitude": 8.836895
      },
      "deliveryLocation": {
        "hash": "u30bs3",
        "latitude": 50.718504,
        "longitude": 12.493927
      },
      "loadFactor": 8
    },
    {
      "id": 1804,
      "pickupLocation": {
        "hash": "u1rd5r",
        "latitude": 52.42373,
        "longitude": 10.69592
      },
      "deliveryLocation": {
        "hash": "u1m9r4",
        "latitude": 52.2667,
        "longitude": 8.05
      },
      "loadFactor": 7
    },
    {
      "id": 4100,
      "pickupLocation": {
        "hash": "u1r2em",
        "latitude": 52.148021,
        "longitude": 10.348964
      },
      "deliveryLocation": {
        "hash": "u1mmbp",
        "latitude": 53.082261,
        "longitude": 7.39284
      },
      "loadFactor": 7
    },
    {
      "id": 8865,
      "pickupLocation": {
        "hash": "u0cbft",
        "latitude": 49.379856,
        "longitude": 2.581037
      },
      "deliveryLocation": {
        "hash": "sp9ped",
        "latitude": 43.5183907,
        "longitude": 1.562059
      },
      "loadFactor": 7
    }
  ]
}