{
  "vehicles": [
    {
      "id": 1205,
      "priceKm": 2.5850743857344654,
      "startLocation": {
        "hash": "u0wx4y",
        "latitude": 49.07841472154407,
        "longitude": 9.265107084799348
      }
    },
    {
      "id": 9562,
      "priceKm": 1.4293096210634113,
      "startLocation": {
        "hash": "u0c07u",
        "latitude": 49.28491608831472,
        "longitude": 1.5748938187949437
      }
    },
    {
      "id": 3390,
      "priceKm": 2.82644314703219,
      "startLocation": {
        "hash": "u1ktg1",
        "latitude": 53.050061282518186,
        "longitude": 6.461805375276639
      }
    },
    {
      "id": 3502,
      "priceKm": 1.2667113254011981,
      "startLocation": {
        "hash": "u1kk88",
        "latitude": 52.82653299351049,
        "longitude": 6.006770799848778
      }
    },
    {
      "id": 5251,
      "priceKm": 2.1620450940873983,
      "startLocation": {
        "hash": "u1qdzh",
        "latitude": 52.53814951972239,
        "longitude": 9.452443516195677
      }
    }
  ],
  "orders": [
    {
      "id": 10394,
      "pickupLocation": {
        "hash": "u30cj7",
        "latitude": 50.819903,
        "longitude": 12.539787
      },
      "deliveryLocation": {
        "hash": "u0zkxh",
        "latitude": 50.031797,
        "longitude": 10.506621
      },
      "loadFactor": 8
    },
    {
      "id": 2386,
      "pickupLocation": {
        "hash": "u30cdb",
        "latitude": 50.889108,
        "longitude": 12.431532
      },
      "deliveryLocation": {
        "hash": "u0t8fp",
        "latitude": 47.984395,
        "longitude": 7.8269361
      },
      "loadFactor": 7
    },
    {
      "id": 1988,
      "pickupLocation": {
        "hash": "u2s1vq",
        "latitude": 48.153538,
        "longitude": 17.109671
      },
      "deliveryLocation": {
        "hash": "u2ftdz",
        "latitude": 50.228729,
        "longitude": 14.888322
      },
      "loadFactor": 8
    },
    {
      "id": 4280,
      "pickupLocation": {
        "hash": "u2c0s2",
        "latitude": 49.308084,
        "longitude": 12.845029
      },
      "deliveryLocation": {
        "hash": "u2bk8r",
        "latitude": 50.0534328,
        "longitude": 11.6156574
      },
      "loadFactor": 7
    }
  ]
}