{
  "vehicles": [
    {
      "id": 9710,
      "priceKm": 2.3739036804166274,
      "startLocation": {
        "hash": "u1hys7",
        "latitude": 51.78849972787029,
        "longitude": 6.869620600831342
      }
    },
    {
      "id": 4567,
      "priceKm": 2.9218854081532886,
      "startLocation": {
        "hash": "u1m8cj",
        "latitude": 52.19075520133449,
        "longitude": 7.787390097189359
      }
    },
    {
      "id": 294,
      "priceKm": 2.230303951226788,
      "startLocation": {
        "hash": "u31xj2",
        "latitude": 51.85988659412566,
        "longitude": 13.593147406288553
      }
    },
    {
      "id": 2844,
      "priceKm": 1.7583226890432189,
      "startLocation": {
        "hash": "u2devf",
        "latitude": 48.48792320023006,
        "longitude": 15.019342515041593
      }
    },
    {
      "id": 8759,
      "priceKm": 1.9194506922541816,
      "startLocation": {
        "hash": "u14z2x",
        "latitude": 51.94187023103707,
        "longitude": 3.8967414261802857
      }
    }
  ],
  "orders": [
    {
      "id": 3363,
      "pickupLocation": {
        "hash": "u1mxsy",
        "latitude": 53.387024,
        "longitude": 7.952453
      },
      "deliveryLocation": {
        "hash": "u0vvsn",
        "latitude": 50.221271,
        "longitude": 8.269521
      },
      "loadFactor": 8
    },
    {
      "id": 1237,
      "pickupLocation": {
        "hash": "u1mxsy",
        "latitude": 53.387024,
        "longitude": 7.952453
      },
      "deliveryLocation": {
        "hash": "u2841z",
        "latitude": 48.202947,
        "longitude": 11.329427
      },
      "loadFactor": 8
    },
    {
      "id": 9109,
      "pickupLocation": {
        "hash": "u1y4ze",
        "latitude": 55.34467,
        "longitude": 8.7760911
      },
      "deliveryLocation": {
        "hash": "u1m9rs",
        "latitude": 52.2729649,
        "longitude": 8.0678437
      },
      "loadFactor": 7
    },
    {
      "id": 4123,
      "pickupLocation": {
        "hash": "u0b1x4",
        "latitude": 49.496622,
        "longitude": 0.316745
      },
      "deliveryLocation": {
        "hash": "u09ugx",
        "latitude": 48.6909,
        "longitude": 2.6164
      },
      "loadFactor": 7
    }
  ]
}