{
  "vehicles": [
    {
      "id": 1712,
      "priceKm": 1.226543838460116,
      "startLocation": {
        "hash": "u1s33e",
        "latitude": 53.67727665408816,
        "longitude": 6.044546121416236
      }
    },
    {
      "id": 164,
      "priceKm": 1.0163438371285638,
      "startLocation": {
        "hash": "u38v36",
        "latitude": 54.37133887871636,
        "longitude": 12.369404982499837
      }
    },
    {
      "id": 7136,
      "priceKm": 1.8158469226318388,
      "startLocation": {
        "hash": "u2b850",
        "latitude": 49.21956103093523,
        "longitude": 12.09564836513008
      }
    },
    {
      "id": 5031,
      "priceKm": 2.676999670407001,
      "startLocation": {
        "hash": "u30c1c",
        "latitude": 50.80651908941822,
        "longitude": 12.382286936580366
      }
    },
    {
      "id": 2786,
      "priceKm": 2.295517051523586,
      "startLocation": {
        "hash": "u28n0m",
        "latitude": 48.89773170683053,
        "longitude": 11.269660122002097
      }
    }
  ],
  "orders": [
    {
      "id": 6918,
      "pickupLocation": {
        "hash": "u0fntc",
        "latitude": 50.370368,
        "longitude": 3.076138
      },
      "deliveryLocation": {
        "hash": "u15170",
        "latitude": 50.846514,
        "longitude": 4.351733
      },
      "loadFactor": 7
    },
    {
      "id": 2426,
      "pickupLocation": {
        "hash": "u32203",
        "latitude": 52.039425,
        "longitude": 11.613103
      },
      "deliveryLocation": {
        "hash": "u0t94r",
        "latitude": 48.0293993,
        "longitude": 7.8429381
      },
      "loadFactor": 10
    },
    {
      "id": 8475,
      "pickupLocation": {
        "hash": "u0wqdb",
        "latitude": 48.955734,
        "longitude": 8.920005
      },
      "deliveryLocation": {
        "hash": "u0wwqw",
        "latitude": 48.9471455,
        "longitude": 9.4341813
      },
      "loadFactor": 7
    },
    {
      "id": 5718,
      "pickupLocation": {
        "hash": "u0fb74",
        "latitude": 49.2752301,
        "longitude": 4.0023045
      },
      "deliveryLocation": {
        "hash": "u9c024",
        "latitude": 54.9004751,
        "longitude": 23.9125463
      },
      "loadFactor": 8
    }
  ]
}