{
  "vehicles": [
    {
      "id": 7670,
      "priceKm": 1.2232309892067936,
      "startLocation": {
        "hash": "u308w2",
        "latitude": 50.71472612054203,
        "longitude": 12.22840387417641
      }
    },
    {
      "id": 1555,
      "priceKm": 1.4045063871186685,
      "startLocation": {
        "hash": "u1pjmw",
        "latitude": 51.58530334671031,
        "longitude": 10.086371628569191
      }
    },
    {
      "id": 2951,
      "priceKm": 2.802702944037245,
      "startLocation": {
        "hash": "u0t9tq",
        "latitude": 48.11125186398393,
        "longitude": 7.971110453482895
      }
    },
    {
      "id": 8257,
      "priceKm": 2.2842016470820745,
      "startLocation": {
        "hash": "u32r9k",
        "latitude": 53.37628853255835,
        "longitude": 11.665555631044358
      }
    },
    {
      "id": 1414,
      "priceKm": 2.398590487200436,
      "startLocation": {
        "hash": "u22he6",
        "latitude": 47.21094136287141,
        "longitude": 11.397926126745075
      }
    }
  ],
  "orders": [
    {
      "id": 10317,
      "pickupLocation": {
        "hash": "u0wqdb",
        "latitude": 48.955734,
        "longitude": 8.920005
      },
      "deliveryLocation": {
        "hash": "u0wsz0",
        "latitude": 48.64801,
        "longitude": 9.451104
      },
      "loadFactor": 7
    },
    {
      "id": 10694,
      "pickupLocation": {
        "hash": "u1yv4m",
        "latitude": 55.7507,
        "longitude": 9.593335
      },
      "deliveryLocation": {
        "hash": "u1k380",
        "latitude": 52.3000374,
        "longitude": 5.9844184
      },
      "loadFactor": 4
    },
    {
      "id": 8637,
      "pickupLocation": {
        "hash": "u30cj7",
        "latitude": 50.819903,
        "longitude": 12.539787
      },
      "deliveryLocation": {
        "hash": "u0z560",
        "latitude": 49.79245,
        "longitude": 9.9329662
      },
      "loadFactor": 8
    },
    {
      "id": 7473,
      "pickupLocation": {
        "hash": "u0spxz",
        "latitude": 49.169743,
        "longitude": 5.968539
      },
      "deliveryLocation": {
        "hash": "spsjmb",
        "latitude": 43.1110737,
        "longitude": 5.8826309
      },
      "loadFactor": 3
    }
  ]
}