{
  "vehicles": [
    {
      "id": 548,
      "priceKm": 2.5081302800679905,
      "startLocation": {
        "hash": "u0f73y",
        "latitude": 49.82831565575581,
        "longitude": 3.2413662054972847
      }
    },
    {
      "id": 4459,
      "priceKm": 2.180088865359444,
      "startLocation": {
        "hash": "u28jw6",
        "latitude": 48.79188698644743,
        "longitude": 11.532923988821752
      }
    },
    {
      "id": 7707,
      "priceKm": 2.914472343234743,
      "startLocation": {
        "hash": "spfjps",
        "latitude": 44.49930304460328,
        "longitude": 3.1472497221689864
      }
    },
    {
      "id": 3141,
      "priceKm": 1.769213045496259,
      "startLocation": {
        "hash": "u0yuey",
        "latitude": 50.04394707925998,
        "longitude": 9.66729299955922
      }
    },
    {
      "id": 2149,
      "priceKm": 1.9673622918664753,
      "startLocation": {
        "hash": "u1mq9y",
        "latitude": 53.21146825303836,
        "longitude": 7.4665911355820365
      }
    }
  ],
  "orders": [
    {
      "id": 10268,
      "pickupLocation": {
        "hash": "u1mxsy",
        "latitude": 53.387024,
        "longitude": 7.952453
      },
      "deliveryLocation": {
        "hash": "u1huxx",
        "latitude": 51.455206,
        "longitude": 7.012273
      },
      "loadFactor": 8
    },
    {
      "id": 608,
      "pickupLocation": {
        "hash": "u1ngm0",
        "latitude": 51.2,
        "longitude": 9.71667
      },
      "deliveryLocation": {
        "hash": "u0ubtt",
        "latitude": 49.337011,
        "longitude": 6.931334
      },
      "loadFactor": 7
    },
    {
      "id": 9101,
      "pickupLocation": {
        "hash": "u28k82",
        "latitude": 48.605431,
        "longitude": 11.623412
      },
      "deliveryLocation": {
        "hash": "u28she",
        "latitude": 48.536217,
        "longitude": 12.151655
      },
      "loadFactor": 8
    },
    {
      "id": 10164,
      "pickupLocation": {
        "hash": "u3k3xt",
        "latitude": 52.324619,
        "longitude": 17.56506
      },
      "deliveryLocation": {
        "hash": "u2xep2",
        "latitude": 48.343413,
        "longitude": 22.118663
      },
      "loadFactor": 2
    }
  ]
}