{
  "vehicles": [
    {
      "id": 5809,
      "priceKm": 1.9877223754610711,
      "startLocation": {
        "hash": "u0xn9y",
        "latitude": 48.99153081294761,
        "longitude": 9.925322124350119
      }
    }
  ],
  "orders": [
    {
      "id": 1552,
      "pickupLocation": {
        "hash": "u3k4he",
        "latitude": 52.404003,
        "longitude": 17.075411
      },
      "deliveryLocation": {
        "hash": "u2e818",
        "latitude": 47.813175,
        "longitude": 16.244032
      },
      "loadFactor": 7
    },
    {
      "id": 1878,
      "pickupLocation": {
        "hash": "u0fnmx",
        "latitude": 50.3564034,
        "longitude": 3.057251
      },
      "deliveryLocation": {
        "hash": "u1523j",
        "latitude": 50.6981099,
        "longitude": 4.6157857
      },
      "loadFactor": 8
    },
    {
      "id": 11078,
      "pickupLocation": {
        "hash": "u1r2em",
        "latitude": 52.148021,
        "longitude": 10.348964
      },
      "deliveryLocation": {
        "hash": "u1t8se",
        "latitude": 53.541987,
        "longitude": 7.942914
      },
      "loadFactor": 8
    }
  ]
}