{
  "vehicles": [
    {
      "id": 3222,
      "priceKm": 1.2190729765089021,
      "startLocation": {
        "hash": "snch57",
        "latitude": 38.69321109153807,
        "longitude": 1.5586703965441528
      }
    }
  ],
  "orders": [
    {
      "id": 7588,
      "pickupLocation": {
        "hash": "u1ngm0",
        "latitude": 51.2,
        "longitude": 9.71667
      },
      "deliveryLocation": {
        "hash": "u0y0kx",
        "latitude": 49.303813,
        "longitude": 8.643352
      },
      "loadFactor": 7
    },
    {
      "id": 4442,
      "pickupLocation": {
        "hash": "u30cj7",
        "latitude": 50.819904,
        "longitude": 12.539787
      },
      "deliveryLocation": {
        "hash": "u0z560",
        "latitude": 49.79245,
        "longitude": 9.932966
      },
      "loadFactor": 8
    },
    {
      "id": 9333,
      "pickupLocation": {
        "hash": "u30bs3",
        "latitude": 50.718504,
        "longitude": 12.493927
      },
      "deliveryLocation": {
        "hash": "u0yv79",
        "latitude": 50.1500015,
        "longitude": 9.6499996
      },
      "loadFactor": 6
    }
  ]
}