{
  "vehicles": [
    {
      "id": 7635,
      "priceKm": 2.5679705040613943,
      "startLocation": {
        "hash": "u4hcdf",
        "latitude": 56.52735151030534,
        "longitude": 6.80968253690141
      }
    }
  ],
  "orders": [
    {
      "id": 5097,
      "pickupLocation": {
        "hash": "u1huxx",
        "latitude": 51.455206,
        "longitude": 7.012273
      },
      "deliveryLocation": {
        "hash": "u1hgw9",
        "latitude": 51.2481156,
        "longitude": 6.975103
      },
      "loadFactor": 7
    },
    {
      "id": 3543,
      "pickupLocation": {
        "hash": "u1mxsy",
        "latitude": 53.387024,
        "longitude": 7.952453
      },
      "deliveryLocation": {
        "hash": "u3470m",
        "latitude": 51.181391,
        "longitude": 14.427574
      },
      "loadFactor": 7
    },
    {
      "id": 4058,
      "pickupLocation": {
        "hash": "u0wqdb",
        "latitude": 48.955734,
        "longitude": 8.920005
      },
      "deliveryLocation": {
        "hash": "u0wx9f",
        "latitude": 49.142291,
        "longitude": 9.218655
      },
      "loadFactor": 8
    }
  ]
}