{
  "vehicles": [
    {
      "id": 3120,
      "priceKm": 1.5919186481885925,
      "startLocation": {
        "hash": "u1prfn",
        "latitude": 52.024997004619586,
        "longitude": 10.288443047373926
      }
    }
  ],
  "orders": [
    {
      "id": 5541,
      "pickupLocation": {
        "hash": "u1r2em",
        "latitude": 52.148021,
        "longitude": 10.348964
      },
      "deliveryLocation": {
        "hash": "u1mmbp",
        "latitude": 53.082261,
        "longitude": 7.39284
      },
      "loadFactor": 7
    },
    {
      "id": 10957,
      "pickupLocation": {
        "hash": "u30bs3",
        "latitude": 50.718504,
        "longitude": 12.493927
      },
      "deliveryLocation": {
        "hash": "u38s58",
        "latitude": 54.1440386,
        "longitude": 12.1074132
      },
      "loadFactor": 6
    },
    {
      "id": 7916,
      "pickupLocation": {
        "hash": "u1mxsy",
        "latitude": 53.387024,
        "longitude": 7.952453
      },
      "deliveryLocation": {
        "hash": "u0xdpc",
        "latitude": 48.170339,
        "longitude": 10.895949
      },
      "loadFactor": 8
    }
  ]
}