{
  "vehicles": [
    {
      "id": 2067,
      "priceKm": 2.181881824459987,
      "startLocation": {
        "hash": "u17uvf",
        "latitude": 52.88141271034492,
        "longitude": 5.528212095363524
      }
    }
  ],
  "orders": [
    {
      "id": 10674,
      "pickupLocation": {
        "hash": "u2s1vq",
        "latitude": 48.153538,
        "longitude": 17.109671
      },
      "deliveryLocation": {
        "hash": "u2g44w",
        "latitude": 49.607254,
        "longitude": 15.579353
      },
      "loadFactor": 8
    },
    {
      "id": 7989,
      "pickupLocation": {
        "hash": "u1m9r4",
        "latitude": 52.2667,
        "longitude": 8.05
      },
      "deliveryLocation": {
        "hash": "u1h98e",
        "latitude": 50.9091168,
        "longitude": 6.3589222
      },
      "loadFactor": 8
    },
    {
      "id": 10461,
      "pickupLocation": {
        "hash": "u1511b",
        "latitude": 50.802795,
        "longitude": 4.302606
      },
      "deliveryLocation": {
        "hash": "u28jeb",
        "latitude": 48.7806037,
        "longitude": 11.4232892
      },
      "loadFactor": 6
    }
  ]
}