{
  "vehicles": [
    {
      "id": 6584,
      "priceKm": 1.5812322012029412,
      "startLocation": {
        "hash": "u1kf16",
        "latitude": 52.39718479043969,
        "longitude": 6.738267791372772
      }
    }
  ],
  "orders": [
    {
      "id": 4349,
      "pickupLocation": {
        "hash": "u30cdb",
        "latitude": 50.889108,
        "longitude": 12.431532
      },
      "deliveryLocation": {
        "hash": "u0w6ft",
        "latitude": 48.3239248,
        "longitude": 8.90707
      },
      "loadFactor": 6
    },
    {
      "id": 2026,
      "pickupLocation": {
        "hash": "u1mxsy",
        "latitude": 53.387024,
        "longitude": 7.952453
      },
      "deliveryLocation": {
        "hash": "u0xbjs",
        "latitude": 47.839073,
        "longitude": 11.142432
      },
      "loadFactor": 8
    },
    {
      "id": 4133,
      "pickupLocation": {
        "hash": "u2s1vq",
        "latitude": 48.1535378,
        "longitude": 17.1096706
      },
      "deliveryLocation": {
        "hash": "u1m9r4",
        "latitude": 52.2667007,
        "longitude": 8.0500002
      },
      "loadFactor": 7
    }
  ]
}