{
  "vehicles": [
    {
      "id": 4495,
      "priceKm": 2.044691491403449,
      "startLocation": {
        "hash": "u1rjff",
        "latitude": 53.0533818721898,
        "longitude": 9.973238886136885
      }
    }
  ],
  "orders": [
    {
      "id": 2113,
      "pickupLocation": {
        "hash": "u1m9r4",
        "latitude": 52.2667,
        "longitude": 8.05
      },
      "deliveryLocation": {
        "hash": "u1h2fu",
        "latitude": 50.7793308,
        "longitude": 6.1081903
      },
      "loadFactor": 8
    },
    {
      "id": 923,
      "pickupLocation": {
        "hash": "u28k82",
        "latitude": 48.605431,
        "longitude": 11.623412
      },
      "deliveryLocation": {
        "hash": "u28hjf",
        "latitude": 48.530102,
        "longitude": 11.505014
      },
      "loadFactor": 8
    },
    {
      "id": 5665,
      "pickupLocation": {
        "hash": "u28jkj",
        "latitude": 48.765933,
        "longitude": 11.431703
      },
      "deliveryLocation": {
        "hash": "u2e818",
        "latitude": 47.813176,
        "longitude": 16.244032
      },
      "loadFactor": 8
    }
  ]
}