{
  "vehicles": [
    {
      "id": 7588,
      "priceKm": 1.7753622277048442,
      "startLocation": {
        "hash": "u1nnn4",
        "latitude": 51.69494843989673,
        "longitude": 8.711886149278083
      }
    }
  ],
  "orders": [
    {
      "id": 1165,
      "pickupLocation": {
        "hash": "u1q52c",
        "latitude": 52.609453,
        "longitude": 8.480184
      },
      "deliveryLocation": {
        "hash": "u33kjm",
        "latitude": 52.7645986,
        "longitude": 13.2456681
      },
      "loadFactor": 2
    },
    {
      "id": 5929,
      "pickupLocation": {
        "hash": "u32203",
        "latitude": 52.039425,
        "longitude": 11.613103
      },
      "deliveryLocation": {
        "hash": "u1w4my",
        "latitude": 53.8687782,
        "longitude": 8.6982861
      },
      "loadFactor": 8
    },
    {
      "id": 7896,
      "pickupLocation": {
        "hash": "u1huxx",
        "latitude": 51.455206,
        "longitude": 7.012273
      },
      "deliveryLocation": {
        "hash": "u1n54p",
        "latitude": 51.1930847,
        "longitude": 8.5338287
      },
      "loadFactor": 7
    }
  ]
}