{
  "vehicles": [
    {
      "id": 2403,
      "priceKm": 2.330214801705929,
      "startLocation": {
        "hash": "u1q1gj",
        "latitude": 52.370657065174065,
        "longitude": 8.573543351211487
      }
    }
  ],
  "orders": [
    {
      "id": 3429,
      "pickupLocation": {
        "hash": "u1mxsy",
        "latitude": 53.387024,
        "longitude": 7.952453
      },
      "deliveryLocation": {
        "hash": "u1r3rd",
        "latitude": 52.2643,
        "longitude": 10.525106
      },
      "loadFactor": 8
    },
    {
      "id": 7162,
      "pickupLocation": {
        "hash": "u1yv4m",
        "latitude": 55.7507,
        "longitude": 9.593335
      },
      "deliveryLocation": {
        "hash": "u2gp0s",
        "latitude": 50.4766382,
        "longitude": 15.4998034
      },
      "loadFactor": 4
    },
    {
      "id": 8289,
      "pickupLocation": {
        "hash": "ezksuq",
        "latitude": 41.652133,
        "longitude": -4.728562
      },
      "deliveryLocation": {
        "hash": "u0msmq",
        "latitude": 47.18965,
        "longitude": 7.973802
      },
      "loadFactor": 8
    }
  ]
}