{
  "vehicles": [
    {
      "id": 1937,
      "priceKm": 2.2352369096525857,
      "startLocation": {
        "hash": "u1skqd",
        "latitude": 54.20044706677899,
        "longitude": 6.266255515384523
      }
    }
  ],
  "orders": [
    {
      "id": 6620,
      "pickupLocation": {
        "hash": "u28k82",
        "latitude": 48.605431,
        "longitude": 11.623412
      },
      "deliveryLocation": {
        "hash": "u0rxc9",
        "latitude": 47.775065,
        "longitude": 10.617085
      },
      "loadFactor": 4
    },
    {
      "id": 3889,
      "pickupLocation": {
        "hash": "u2kx33",
        "latitude": 47.687609,
        "longitude": 17.634682
      },
      "deliveryLocation": {
        "hash": "u1huxx",
        "latitude": 51.455206,
        "longitude": 7.012273
      },
      "loadFactor": 8
    },
    {
      "id": 6951,
      "pickupLocation": {
        "hash": "u1yv4m",
        "latitude": 55.7507,
        "longitude": 9.593335
      },
      "deliveryLocation": {
        "hash": "spd4cb",
        "latitude": 42.6714743,
        "longitude": 2.8970795
      },
      "loadFactor": 9
    }
  ]
}