{
  "vehicles": [
    {
      "id": 3836,
      "priceKm": 2.6251395774792883,
      "startLocation": {
        "hash": "u0z3ps",
        "latitude": 49.418917800944236,
        "longitude": 10.534013052742521
      }
    }
  ],
  "orders": [
    {
      "id": 1692,
      "pickupLocation": {
        "hash": "u2s46e",
        "latitude": 48.2260007,
        "longitude": 16.9924403
      },
      "deliveryLocation": {
        "hash": "sp2cus",
        "latitude": 41.113686,
        "longitude": 1.252739
      },
      "loadFactor": 5
    },
    {
      "id": 5261,
      "pickupLocation": {
        "hash": "u0wqdb",
        "latitude": 48.955734,
        "longitude": 8.920005
      },
      "deliveryLocation": {
        "hash": "u0wzm5",
        "latitude": 49.105074,
        "longitude": 9.712161
      },
      "loadFactor": 8
    },
    {
      "id": 4034,
      "pickupLocation": {
        "hash": "u281z7",
        "latitude": 48.137272,
        "longitude": 11.575482
      },
      "deliveryLocation": {
        "hash": "u1nsmy",
        "latitude": 51.408161,
        "longitude": 9.402353
      },
      "loadFactor": 8
    },
    {
      "id": 6946,
      "pickupLocation": {
        "hash": "u30cj7",
        "latitude": 50.819903,
        "longitude": 12.539787
      },
      "deliveryLocation": {
        "hash": "u0zq26",
        "latitude": 50.329727,
        "longitude": 10.2064416
      },
      "loadFactor": 7
    },
    {
      "id": 1601,
      "pickupLocation": {
        "hash": "u0b1x4",
        "latitude": 49.496622,
        "longitude": 0.316745
      },
      "deliveryLocation": {
        "hash": "u336jg",
        "latitude": 52.401646,
        "longitude": 13.264453
      },
      "loadFactor": 3
    },
    {
      "id": 6085,
      "pickupLocation": {
        "hash": "u1qcvw",
        "latitude": 52.374481,
        "longitude": 9.738563
      },
      "deliveryLocation": {
        "hash": "u1rdhn",
        "latitude": 52.4206543,
        "longitude": 10.7231331
      },
      "loadFactor": 4
    }
  ]
}