{
  "vehicles": [
    {
      "id": 5840,
      "priceKm": 2.6567088221540187,
      "startLocation": {
        "hash": "u2knd6",
        "latitude": 47.56327211053028,
        "longitude": 16.984172196482866
      }
    }
  ],
  "orders": [
    {
      "id": 6302,
      "pickupLocation": {
        "hash": "u1huxx",
        "latitude": 51.455206,
        "longitude": 7.012273
      },
      "deliveryLocation": {
        "hash": "u1hygt",
        "latitude": 51.842032,
        "longitude": 6.837063
      },
      "loadFactor": 7
    },
    {
      "id": 617,
      "pickupLocation": {
        "hash": "u1p4d0",
        "latitude": 51.069061,
        "longitude": 9.934655
      },
      "deliveryLocation": {
        "hash": "u0y12p",
        "latitude": 49.479236,
        "longitude": 8.439117
      },
      "loadFactor": 9
    },
    {
      "id": 6154,
      "pickupLocation": {
        "hash": "u0tddp",
        "latitude": 48.295226,
        "longitude": 7.823876
      },
      "deliveryLocation": {
        "hash": "u334s3",
        "latitude": 52.476925,
        "longitude": 12.844397
      },
      "loadFactor": 8
    },
    {
      "id": 3678,
      "pickupLocation": {
        "hash": "u2c0s2",
        "latitude": 49.308084,
        "longitude": 12.845029
      },
      "deliveryLocation": {
        "hash": "u28jh8",
        "latitude": 48.693275,
        "longitude": 11.4553213
      },
      "loadFactor": 8
    },
    {
      "id": 1987,
      "pickupLocation": {
        "hash": "u0tddp",
        "latitude": 48.295226,
        "longitude": 7.823876
      },
      "deliveryLocation": {
        "hash": "u2b219",
        "latitude": 49.2257453,
        "longitude": 11.6780077
      },
      "loadFactor": 7
    },
    {
      "id": 11013,
      "pickupLocation": {
        "hash": "u0cbft",
        "latitude": 49.379856,
        "longitude": 2.581037
      },
      "deliveryLocation": {
        "hash": "u09w18",
        "latitude": 48.8693886,
        "longitude": 2.1808839
      },
      "loadFactor": 7
    }
  ]
}