{
  "vehicles": [
    {
      "id": 6164,
      "priceKm": 2.4167858453349815,
      "startLocation": {
        "hash": "u0wz9s",
        "latitude": 49.156254257896606,
        "longitude": 9.566135453816505
      }
    }
  ],
  "orders": [
    {
      "id": 3648,
      "pickupLocation": {
        "hash": "u1mxsy",
        "latitude": 53.387024,
        "longitude": 7.952453
      },
      "deliveryLocation": {
        "hash": "u0yqp7",
        "latitude": 50.292465,
        "longitude": 9.110626
      },
      "loadFactor": 8
    },
    {
      "id": 9895,
      "pickupLocation": {
        "hash": "u1rdhn",
        "latitude": 52.4206543,
        "longitude": 10.7231331
      },
      "deliveryLocation": {
        "hash": "u1rdjq",
        "latitude": 52.420559,
        "longitude": 10.786168
      },
      "loadFactor": 8
    },
    {
      "id": 10678,
      "pickupLocation": {
        "hash": "u24u94",
        "latitude": 45.803434,
        "longitude": 15.169556
      },
      "deliveryLocation": {
        "hash": "u05mhw",
        "latitude": 45.9143,
        "longitude": 4.77378
      },
      "loadFactor": 9
    },
    {
      "id": 6403,
      "pickupLocation": {
        "hash": "u0wqdb",
        "latitude": 48.955734,
        "longitude": 8.920005
      },
      "deliveryLocation": {
        "hash": "u0wwnq",
        "latitude": 48.9003224,
        "longitude": 9.4165243
      },
      "loadFactor": 8
    },
    {
      "id": 4831,
      "pickupLocation": {
        "hash": "u1qf5y",
        "latitude": 52.4193614,
        "longitude": 9.6574947
      },
      "deliveryLocation": {
        "hash": "u0zchs",
        "latitude": 49.419392,
        "longitude": 11.098348
      },
      "loadFactor": 4
    },
    {
      "id": 6955,
      "pickupLocation": {
        "hash": "u1huxx",
        "latitude": 51.455206,
        "longitude": 7.012273
      },
      "deliveryLocation": {
        "hash": "u1j5dy",
        "latitude": 51.2757588,
        "longitude": 7.1577256
      },
      "loadFactor": 6
    }
  ]
}