{
  "vehicles": [
    {
      "id": 1118,
      "priceKm": 2.793439634130537,
      "startLocation": {
        "hash": "u2f7cx",
        "latitude": 49.91985180578699,
        "longitude": 14.490056146339185
      }
    }
  ],
  "orders": [
    {
      "id": 4670,
      "pickupLocation": {
        "hash": "u2kx33",
        "latitude": 47.687609,
        "longitude": 17.634682
      },
      "deliveryLocation": {
        "hash": "u0p2ez",
        "latitude": 45.130856,
        "longitude": 10.368747
      },
      "loadFactor": 8
    },
    {
      "id": 2726,
      "pickupLocation": {
        "hash": "spd533",
        "latitude": 42.768357,
        "longitude": 2.870928
      },
      "deliveryLocation": {
        "hash": "u04qmf",
        "latitude": 46.1107045,
        "longitude": 3.4210594
      },
      "loadFactor": 8
    },
    {
      "id": 2930,
      "pickupLocation": {
        "hash": "u0spxz",
        "latitude": 49.169743,
        "longitude": 5.968539
      },
      "deliveryLocation": {
        "hash": "u05mhw",
        "latitude": 45.9143,
        "longitude": 4.77378
      },
      "loadFactor": 3
    },
    {
      "id": 5239,
      "pickupLocation": {
        "hash": "u0wqdb",
        "latitude": 48.955734,
        "longitude": 8.920005
      },
      "deliveryLocation": {
        "hash": "u0wv5f",
        "latitude": 48.705294,
        "longitude": 9.660796
      },
      "loadFactor": 7
    },
    {
      "id": 6848,
      "pickupLocation": {
        "hash": "u1mr3b",
        "latitude": 53.3106603,
        "longitude": 7.4671401
      },
      "deliveryLocation": {
        "hash": "u0vvw9",
        "latitude": 50.195676,
        "longitude": 8.3787353
      },
      "loadFactor": 9
    },
    {
      "id": 1703,
      "pickupLocation": {
        "hash": "u1hu9e",
        "latitude": 51.433434,
        "longitude": 6.749769
      },
      "deliveryLocation": {
        "hash": "u2bjh8",
        "latitude": 50.100845,
        "longitude": 11.447915
      },
      "loadFactor": 8
    }
  ]
}