{
  "vehicles": [
    {
      "id": 4136,
      "priceKm": 1.6929553938578086,
      "startLocation": {
        "hash": "u0xue0",
        "latitude": 48.60484022641974,
        "longitude": 11.030775486307128
      }
    }
  ],
  "orders": [
    {
      "id": 1285,
      "pickupLocation": {
        "hash": "u30u9u",
        "latitude": 51.4405756,
        "longitude": 12.3825795
      },
      "deliveryLocation": {
        "hash": "u0ycv9",
        "latitude": 49.5370452,
        "longitude": 9.7423776
      },
      "loadFactor": 7
    },
    {
      "id": 10035,
      "pickupLocation": {
        "hash": "u30cj7",
        "latitude": 50.819903,
        "longitude": 12.539787
      },
      "deliveryLocation": {
        "hash": "u0z5xu",
        "latitude": 49.861117,
        "longitude": 10.1863259
      },
      "loadFactor": 8
    },
    {
      "id": 171,
      "pickupLocation": {
        "hash": "u1huxx",
        "latitude": 51.455206,
        "longitude": 7.012273
      },
      "deliveryLocation": {
        "hash": "u1jswc",
        "latitude": 51.4230079,
        "longitude": 8.0347003
      },
      "loadFactor": 7
    },
    {
      "id": 8067,
      "pickupLocation": {
        "hash": "u28k82",
        "latitude": 48.605431,
        "longitude": 11.623412
      },
      "deliveryLocation": {
        "hash": "u0x576",
        "latitude": 48.398312,
        "longitude": 9.991046
      },
      "loadFactor": 9
    },
    {
      "id": 8109,
      "pickupLocation": {
        "hash": "u1rdk3",
        "latitude": 52.435841,
        "longitude": 10.742137
      },
      "deliveryLocation": {
        "hash": "u1x0es",
        "latitude": 53.5503426,
        "longitude": 10.0006542
      },
      "loadFactor": 7
    },
    {
      "id": 1360,
      "pickupLocation": {
        "hash": "u1r2em",
        "latitude": 52.148021,
        "longitude": 10.348964
      },
      "deliveryLocation": {
        "hash": "u1mkh4",
        "latitude": 52.750042,
        "longitude": 7.568568
      },
      "loadFactor": 4
    }
  ]
}