{
  "vehicles": [
    {
      "id": 1092,
      "priceKm": 2.0028979420313293,
      "startLocation": {
        "hash": "u1w2qd",
        "latitude": 53.49756918105485,
        "longitude": 9.07513540067417
      }
    }
  ],
  "orders": [
    {
      "id": 3465,
      "pickupLocation": {
        "hash": "u1yv4m",
        "latitude": 55.7507,
        "longitude": 9.593335
      },
      "deliveryLocation": {
        "hash": "u1r3c0",
        "latitude": 52.3403811,
        "longitude": 10.244039
      },
      "loadFactor": 7
    },
    {
      "id": 4580,
      "pickupLocation": {
        "hash": "u1mr3b",
        "latitude": 53.3106603,
        "longitude": 7.4671401
      },
      "deliveryLocation": {
        "hash": "u0truv",
        "latitude": 49.204458,
        "longitude": 7.5994228
      },
      "loadFactor": 7
    },
    {
      "id": 2219,
      "pickupLocation": {
        "hash": "u1huxx",
        "latitude": 51.455206,
        "longitude": 7.012273
      },
      "deliveryLocation": {
        "hash": "u1hg2w",
        "latitude": 51.22926,
        "longitude": 6.70811
      },
      "loadFactor": 10
    },
    {
      "id": 9114,
      "pickupLocation": {
        "hash": "u3k4he",
        "latitude": 52.4040031,
        "longitude": 17.0754108
      },
      "deliveryLocation": {
        "hash": "u1w4my",
        "latitude": 53.86878,
        "longitude": 8.698286
      },
      "loadFactor": 4
    },
    {
      "id": 3370,
      "pickupLocation": {
        "hash": "u1rdk3",
        "latitude": 52.435841,
        "longitude": 10.742137
      },
      "deliveryLocation": {
        "hash": "sp37pd",
        "latitude": 41.3246346,
        "longitude": 2.095257
      },
      "loadFactor": 7
    },
    {
      "id": 11112,
      "pickupLocation": {
        "hash": "u1yv4m",
        "latitude": 55.7507,
        "longitude": 9.593335
      },
      "deliveryLocation": {
        "hash": "u17ezb",
        "latitude": 52.6936111,
        "longitude": 5.2703701
      },
      "loadFactor": 8
    }
  ]
}