{
  "vehicles": [
    {
      "id": 6607,
      "priceKm": 2.38779210917853,
      "startLocation": {
        "hash": "u2bupd",
        "latitude": 49.93322990683784,
        "longitude": 12.635479784168268
      }
    }
  ],
  "orders": [
    {
      "id": 2887,
      "pickupLocation": {
        "hash": "u28rh1",
        "latitude": 49.051888,
        "longitude": 11.782505
      },
      "deliveryLocation": {
        "hash": "u0wxcg",
        "latitude": 49.191735,
        "longitude": 9.224944
      },
      "loadFactor": 5
    },
    {
      "id": 9075,
      "pickupLocation": {
        "hash": "u1huxx",
        "latitude": 51.455206,
        "longitude": 7.012273
      },
      "deliveryLocation": {
        "hash": "u1j9qd",
        "latitude": 50.8591497,
        "longitude": 8.020138
      },
      "loadFactor": 5
    },
    {
      "id": 10963,
      "pickupLocation": {
        "hash": "u1q52c",
        "latitude": 52.609453,
        "longitude": 8.480184
      },
      "deliveryLocation": {
        "hash": "u0y5sz",
        "latitude": 49.872775,
        "longitude": 8.651178
      },
      "loadFactor": 4
    },
    {
      "id": 6595,
      "pickupLocation": {
        "hash": "u23rbv",
        "latitude": 47.8001976,
        "longitude": 13.0410585
      },
      "deliveryLocation": {
        "hash": "u14sc2",
        "latitude": 51.4608498,
        "longitude": 3.5713151
      },
      "loadFactor": 8
    },
    {
      "id": 743,
      "pickupLocation": {
        "hash": "u1mpeg",
        "latitude": 53.36696,
        "longitude": 7.20595
      },
      "deliveryLocation": {
        "hash": "u331rw",
        "latitude": 52.287106,
        "longitude": 12.98605
      },
      "loadFactor": 9
    },
    {
      "id": 7797,
      "pickupLocation": {
        "hash": "u0f0nr",
        "latitude": 49.259963,
        "longitude": 3.090591
      },
      "deliveryLocation": {
        "hash": "spsxen",
        "latitude": 43.5398445,
        "longitude": 6.46558
      },
      "loadFactor": 7
    }
  ]
}