{
  "vehicles": [
    {
      "id": 9965,
      "priceKm": 2.3515825833194093,
      "startLocation": {
        "hash": "u0dbtv",
        "latitude": 47.933266900453816,
        "longitude": 4.12485136740681
      }
    }
  ],
  "orders": [
    {
      "id": 447,
      "pickupLocation": {
        "hash": "u0wqdb",
        "latitude": 48.955734,
        "longitude": 8.920005
      },
      "deliveryLocation": {
        "hash": "u0wsvh",
        "latitude": 48.6710727,
        "longitude": 9.3633652
      },
      "loadFactor": 8
    },
    {
      "id": 3876,
      "pickupLocation": {
        "hash": "u1yv4m",
        "latitude": 55.7507,
        "longitude": 9.593335
      },
      "deliveryLocation": {
        "hash": "u1k1gm",
        "latitude": 52.3691396,
        "longitude": 5.771241
      },
      "loadFactor": 7
    },
    {
      "id": 6707,
      "pickupLocation": {
        "hash": "u14736",
        "latitude": 51.208255,
        "longitude": 3.226148
      },
      "deliveryLocation": {
        "hash": "u15mye",
        "latitude": 51.6527,
        "longitude": 4.86417
      },
      "loadFactor": 3
    },
    {
      "id": 8973,
      "pickupLocation": {
        "hash": "u30cj7",
        "latitude": 50.819903,
        "longitude": 12.539787
      },
      "deliveryLocation": {
        "hash": "u0z4z7",
        "latitude": 49.7236067,
        "longitude": 10.1641672
      },
      "loadFactor": 8
    },
    {
      "id": 1566,
      "pickupLocation": {
        "hash": "u30sv9",
        "latitude": 51.466473,
        "longitude": 12.203362
      },
      "deliveryLocation": {
        "hash": "u17bed",
        "latitude": 52.1303558,
        "longitude": 5.428699
      },
      "loadFactor": 7
    },
    {
      "id": 2651,
      "pickupLocation": {
        "hash": "u1y4ze",
        "latitude": 55.3447255,
        "longitude": 8.775982
      },
      "deliveryLocation": {
        "hash": "u1m9t4",
        "latitude": 52.306188,
        "longitude": 7.9550013
      },
      "loadFactor": 7
    }
  ]
}