{
  "vehicles": [
    {
      "id": 3404,
      "priceKm": 1.444043572722784,
      "startLocation": {
        "hash": "u1n5z5",
        "latitude": 51.30546516929491,
        "longitude": 8.745326453110037
      }
    }
  ],
  "orders": [
    {
      "id": 3194,
      "pickupLocation": {
        "hash": "u1qmbq",
        "latitude": 53.07581,
        "longitude": 8.80717
      },
      "deliveryLocation": {
        "hash": "u1pzk0",
        "latitude": 51.9021037,
        "longitude": 11.0794259
      },
      "loadFactor": 8
    },
    {
      "id": 7754,
      "pickupLocation": {
        "hash": "u28k82",
        "latitude": 48.605431,
        "longitude": 11.623412
      },
      "deliveryLocation": {
        "hash": "u0xtjk",
        "latitude": 48.717939,
        "longitude": 10.781023
      },
      "loadFactor": 7
    },
    {
      "id": 5250,
      "pickupLocation": {
        "hash": "u1yv4m",
        "latitude": 55.7507,
        "longitude": 9.593335
      },
      "deliveryLocation": {
        "hash": "u1jny5",
        "latitude": 51.8315612,
        "longitude": 7.301732
      },
      "loadFactor": 8
    },
    {
      "id": 10433,
      "pickupLocation": {
        "hash": "u28jkj",
        "latitude": 48.765933,
        "longitude": 11.431703
      },
      "deliveryLocation": {
        "hash": "u1nsmy",
        "latitude": 51.408161,
        "longitude": 9.402353
      },
      "loadFactor": 8
    },
    {
      "id": 10125,
      "pickupLocation": {
        "hash": "u2kx33",
        "latitude": 47.687611,
        "longitude": 17.634682
      },
      "deliveryLocation": {
        "hash": "u281z7",
        "latitude": 48.137272,
        "longitude": 11.575482
      },
      "loadFactor": 8
    },
    {
      "id": 8762,
      "pickupLocation": {
        "hash": "u0wqdb",
        "latitude": 48.955734,
        "longitude": 8.920005
      },
      "deliveryLocation": {
        "hash": "u0wzm5",
        "latitude": 49.1049722,
        "longitude": 9.7157243
      },
      "loadFactor": 8
    }
  ]
}