{
  "vehicles": [
    {
      "id": 1886,
      "priceKm": 1.8510763675901076,
      "startLocation": {
        "hash": "u0yb24",
        "latitude": 49.27860945371221,
        "longitude": 9.503016435156262
      }
    }
  ],
  "orders": [
    {
      "id": 9722,
      "pickupLocation": {
        "hash": "u1mxsy",
        "latitude": 53.387024,
        "longitude": 7.952453
      },
      "deliveryLocation": {
        "hash": "u1n10y",
        "latitude": 50.835262,
        "longitude": 8.478216
      },
      "loadFactor": 8
    },
    {
      "id": 1735,
      "pickupLocation": {
        "hash": "u0wqdb",
        "latitude": 48.955734,
        "longitude": 8.920005
      },
      "deliveryLocation": {
        "hash": "u0wx9f",
        "latitude": 49.142292,
        "longitude": 9.2186546
      },
      "loadFactor": 8
    },
    {
      "id": 105,
      "pickupLocation": {
        "hash": "u1rdjq",
        "latitude": 52.420559,
        "longitude": 10.786168
      },
      "deliveryLocation": {
        "hash": "u1hg0p",
        "latitude": 51.1958427,
        "longitude": 6.690083
      },
      "loadFactor": 7
    },
    {
      "id": 3784,
      "pickupLocation": {
        "hash": "u0zck4",
        "latitude": 49.45385,
        "longitude": 11.077324
      },
      "deliveryLocation": {
        "hash": "u28usk",
        "latitude": 48.6300812,
        "longitude": 12.4977427
      },
      "loadFactor": 2
    },
    {
      "id": 9303,
      "pickupLocation": {
        "hash": "u1yv4m",
        "latitude": 55.7507,
        "longitude": 9.593335
      },
      "deliveryLocation": {
        "hash": "u30tm8",
        "latitude": 51.5510605,
        "longitude": 12.2000049
      },
      "loadFactor": 7
    },
    {
      "id": 6385,
      "pickupLocation": {
        "hash": "u1mxsy",
        "latitude": 53.387024,
        "longitude": 7.952453
      },
      "deliveryLocation": {
        "hash": "u1jjeg",
        "latitude": 51.611819,
        "longitude": 7.200754
      },
      "loadFactor": 7
    }
  ]
}