{
  "vehicles": [
    {
      "id": 415,
      "priceKm": 1.4244342056633574,
      "startLocation": {
        "hash": "u1n2mg",
        "latitude": 50.68914036959115,
        "longitude": 9.047307810972686
      }
    },
    {
      "id": 895,
      "priceKm": 2.5522315935462196,
      "startLocation": {
        "hash": "u1r2vm",
        "latitude": 52.191324888457984,
        "longitude": 10.434807254677379
      }
    },
    {
      "id": 5199,
      "priceKm": 1.2389580482940157,
      "startLocation": {
        "hash": "ezqk4u",
        "latitude": 41.510477558411615,
        "longitude": -2.3392111955052046
      }
    }
  ],
  "orders": [
    {
      "id": 9125,
      "pickupLocation": {
        "hash": "u1q52c",
        "latitude": 52.609453,
        "longitude": 8.480184
      },
      "deliveryLocation": {
        "hash": "u0n8t1",
        "latitude": 45.096664,
        "longitude": 9.362458
      },
      "loadFactor": 9
    },
    {
      "id": 196,
      "pickupLocation": {
        "hash": "u0fntc",
        "latitude": 50.370368,
        "longitude": 3.076138
      },
      "deliveryLocation": {
        "hash": "u05mhw",
        "latitude": 45.9143,
        "longitude": 4.77378
      },
      "loadFactor": 7
    },
    {
      "id": 8529,
      "pickupLocation": {
        "hash": "u30cj7",
        "latitude": 50.819904,
        "longitude": 12.539787
      },
      "deliveryLocation": {
        "hash": "u0zjmr",
        "latitude": 50.1851415,
        "longitude": 10.0775445
      },
      "loadFactor": 7
    },
    {
      "id": 9440,
      "pickupLocation": {
        "hash": "u0wqdb",
        "latitude": 48.955734,
        "longitude": 8.920005
      },
      "deliveryLocation": {
        "hash": "u0y2xw",
        "latitude": 49.3407322,
        "longitude": 9.1191102
      },
      "loadFactor": 7
    },
    {
      "id": 3146,
      "pickupLocation": {
        "hash": "u0wqdb",
        "latitude": 48.955734,
        "longitude": 8.920005
      },
      "deliveryLocation": {
        "hash": "u0wv5b",
        "latitude": 48.6943345,
        "longitude": 9.6662261
      },
      "loadFactor": 7
    }
  ]
}