{
  "vehicles": [
    {
      "id": 2689,
      "priceKm": 2.6082958244266705,
      "startLocation": {
        "hash": "u4p3rd",
        "latitude": 56.483663249902825,
        "longitude": 10.529398752334313
      }
    },
    {
      "id": 6983,
      "priceKm": 1.5526524535208204,
      "startLocation": {
        "hash": "u2bgq0",
        "latitude": 49.79466828077068,
        "longitude": 12.569979118652126
      }
    },
    {
      "id": 9596,
      "priceKm": 2.9725480255707755,
      "startLocation": {
        "hash": "u3369n",
        "latitude": 52.5060370089771,
        "longitude": 13.057177638189811
      }
    }
  ],
  "orders": [
    {
      "id": 10925,
      "pickupLocation": {
        "hash": "u1yv4m",
        "latitude": 55.7507,
        "longitude": 9.593335
      },
      "deliveryLocation": {
        "hash": "u1jny5",
        "latitude": 51.8315612,
        "longitude": 7.301732
      },
      "loadFactor": 8
    },
    {
      "id": 9610,
      "pickupLocation": {
        "hash": "u1q52c",
        "latitude": 52.609453,
        "longitude": 8.480184
      },
      "deliveryLocation": {
        "hash": "u0ym17",
        "latitude": 50.1182196,
        "longitude": 8.8545427
      },
      "loadFactor": 7
    },
    {
      "id": 10084,
      "pickupLocation": {
        "hash": "u1q52c",
        "latitude": 52.609453,
        "longitude": 8.480184
      },
      "deliveryLocation": {
        "hash": "u0y1uv",
        "latitude": 49.556266,
        "longitude": 8.6544726
      },
      "loadFactor": 4
    },
    {
      "id": 9875,
      "pickupLocation": {
        "hash": "u1nsmm",
        "latitude": 51.4033278,
        "longitude": 9.376824
      },
      "deliveryLocation": {
        "hash": "u1xh05",
        "latitude": 54.1580375,
        "longitude": 9.851837
      },
      "loadFactor": 8
    },
    {
      "id": 8405,
      "pickupLocation": {
        "hash": "u2fwg0",
        "latitude": 50.4095039,
        "longitude": 14.9040823
      },
      "deliveryLocation": {
        "hash": "u2mmzr",
        "latitude": 47.460019,
        "longitude": 18.954182
      },
      "loadFactor": 8
    }
  ]
}