{
  "vehicles": [
    {
      "id": 3899,
      "priceKm": 1.7099771585545658,
      "startLocation": {
        "hash": "u0ysk7",
        "latitude": 49.98521192716992,
        "longitude": 9.328918503149813
      }
    },
    {
      "id": 999,
      "priceKm": 2.2708388677673126,
      "startLocation": {
        "hash": "u1uwkm",
        "latitude": 55.9707942880786,
        "longitude": 6.518984970777219
      }
    },
    {
      "id": 7382,
      "priceKm": 2.5880748151921087,
      "startLocation": {
        "hash": "u1shrb",
        "latitude": 54.18633890831932,
        "longitude": 5.970528807394049
      }
    }
  ],
  "orders": [
    {
      "id": 6787,
      "pickupLocation": {
        "hash": "u3zhcj",
        "latitude": 55.706831,
        "longitude": 21.1414911
      },
      "deliveryLocation": {
        "hash": "u99yv4",
        "latitude": 54.6403208,
        "longitude": 25.1846016
      },
      "loadFactor": 8
    },
    {
      "id": 2148,
      "pickupLocation": {
        "hash": "u1r2em",
        "latitude": 52.148021,
        "longitude": 10.348964
      },
      "deliveryLocation": {
        "hash": "u1m9r4",
        "latitude": 52.2667,
        "longitude": 8.05
      },
      "loadFactor": 4
    },
    {
      "id": 2155,
      "pickupLocation": {
        "hash": "u3k4he",
        "latitude": 52.4040031,
        "longitude": 17.0754108
      },
      "deliveryLocation": {
        "hash": "u1w4my",
        "latitude": 53.86878,
        "longitude": 8.698286
      },
      "loadFactor": 7
    },
    {
      "id": 10281,
      "pickupLocation": {
        "hash": "u0zchs",
        "latitude": 49.419392,
        "longitude": 11.098348
      },
      "deliveryLocation": {
        "hash": "u0zdvb",
        "latitude": 49.7046089,
        "longitude": 10.8077526
      },
      "loadFactor": 8
    },
    {
      "id": 7647,
      "pickupLocation": {
        "hash": "u28k82",
        "latitude": 48.605431,
        "longitude": 11.623412
      },
      "deliveryLocation": {
        "hash": "u281z7",
        "latitude": 48.137272,
        "longitude": 11.575482
      },
      "loadFactor": 8
    }
  ]
}