{
  "vehicles": [
    {
      "id": 1796,
      "priceKm": 2.6499819109469573,
      "startLocation": {
        "hash": "u0fusb",
        "latitude": 50.01203769033594,
        "longitude": 4.086166839541743
      }
    },
    {
      "id": 3209,
      "priceKm": 2.346690757414124,
      "startLocation": {
        "hash": "u0x2k8",
        "latitude": 47.86112922502574,
        "longitude": 10.399230533908018
      }
    },
    {
      "id": 6784,
      "priceKm": 1.1862721393194346,
      "startLocation": {
        "hash": "u1pbb2",
        "latitude": 50.75877068245718,
        "longitude": 10.918340149514966
      }
    }
  ],
  "orders": [
    {
      "id": 714,
      "pickupLocation": {
        "hash": "u30bs3",
        "latitude": 50.718504,
        "longitude": 12.493927
      },
      "deliveryLocation": {
        "hash": "u0zchs",
        "latitude": 49.419392,
        "longitude": 11.098348
      },
      "loadFactor": 7
    },
    {
      "id": 6254,
      "pickupLocation": {
        "hash": "u0zchs",
        "latitude": 49.419392,
        "longitude": 11.098348
      },
      "deliveryLocation": {
        "hash": "u28wg7",
        "latitude": 49.0195961,
        "longitude": 12.0977449
      },
      "loadFactor": 5
    },
    {
      "id": 10243,
      "pickupLocation": {
        "hash": "eztr32",
        "latitude": 43.46231,
        "longitude": -3.810107
      },
      "deliveryLocation": {
        "hash": "u1rd5r",
        "latitude": 52.42373,
        "longitude": 10.69592
      },
      "loadFactor": 8
    },
    {
      "id": 1728,
      "pickupLocation": {
        "hash": "u9c024",
        "latitude": 54.9004751,
        "longitude": 23.9125463
      },
      "deliveryLocation": {
        "hash": "u98v6h",
        "latitude": 54.3836106,
        "longitude": 23.6516321
      },
      "loadFactor": 8
    },
    {
      "id": 10071,
      "pickupLocation": {
        "hash": "u1yv19",
        "latitude": 55.7283668,
        "longitude": 9.5609573
      },
      "deliveryLocation": {
        "hash": "u17bm2",
        "latitude": 52.0776043,
        "longitude": 5.5043816
      },
      "loadFactor": 8
    }
  ]
}