{
  "vehicles": [
    {
      "id": 8964,
      "priceKm": 1.3156859314212164,
      "startLocation": {
        "hash": "u348dj",
        "latitude": 50.742445338635704,
        "longitude": 14.856313311045948
      }
    },
    {
      "id": 7574,
      "priceKm": 2.949474197166316,
      "startLocation": {
        "hash": "u2hv2r",
        "latitude": 45.96296266535041,
        "longitude": 17.950473202779534
      }
    },
    {
      "id": 7584,
      "priceKm": 2.509669265047234,
      "startLocation": {
        "hash": "u1m1jc",
        "latitude": 52.21421507491005,
        "longitude": 7.291005181629127
      }
    }
  ],
  "orders": [
    {
      "id": 8339,
      "pickupLocation": {
        "hash": "u1m9r4",
        "latitude": 52.2667,
        "longitude": 8.05
      },
      "deliveryLocation": {
        "hash": "u1jrm9",
        "latitude": 51.9081883,
        "longitude": 7.6329215
      },
      "loadFactor": 6
    },
    {
      "id": 994,
      "pickupLocation": {
        "hash": "u1mr3b",
        "latitude": 53.3106603,
        "longitude": 7.4671401
      },
      "deliveryLocation": {
        "hash": "u0whxn",
        "latitude": 48.6367353,
        "longitude": 8.7469959
      },
      "loadFactor": 8
    },
    {
      "id": 9338,
      "pickupLocation": {
        "hash": "u0zck4",
        "latitude": 49.45385,
        "longitude": 11.077324
      },
      "deliveryLocation": {
        "hash": "u29m2y",
        "latitude": 48.7736588,
        "longitude": 13.0515079
      },
      "loadFactor": 2
    },
    {
      "id": 10606,
      "pickupLocation": {
        "hash": "u1qf5x",
        "latitude": 52.4261327,
        "longitude": 9.6506033
      },
      "deliveryLocation": {
        "hash": "u1hg5r",
        "latitude": 51.1912416,
        "longitude": 6.8247886
      },
      "loadFactor": 7
    },
    {
      "id": 10124,
      "pickupLocation": {
        "hash": "u1mxsy",
        "latitude": 53.387024,
        "longitude": 7.952453
      },
      "deliveryLocation": {
        "hash": "u281z7",
        "latitude": 48.137272,
        "longitude": 11.575482
      },
      "loadFactor": 8
    }
  ]
}