{
  "vehicles": [
    {
      "id": 175,
      "priceKm": 1.5935320441877268,
      "startLocation": {
        "hash": "u1r45v",
        "latitude": 52.41380898400394,
        "longitude": 10.013347939302072
      }
    },
    {
      "id": 9159,
      "priceKm": 2.0270664142673844,
      "startLocation": {
        "hash": "u26sgg",
        "latitude": 47.25947800134194,
        "longitude": 14.932189970356758
      }
    },
    {
      "id": 8913,
      "priceKm": 1.804100846227909,
      "startLocation": {
        "hash": "u0vx3j",
        "latitude": 50.52475270798478,
        "longitude": 7.7880457426569825
      }
    }
  ],
  "orders": [
    {
      "id": 6299,
      "pickupLocation": {
        "hash": "u14k10",
        "latitude": 51.331438,
        "longitude": 3.208329
      },
      "deliveryLocation": {
        "hash": "u0spxz",
        "latitude": 49.169743,
        "longitude": 5.968539
      },
      "loadFactor": 8
    },
    {
      "id": 10404,
      "pickupLocation": {
        "hash": "u1mr3b",
        "latitude": 53.3106603,
        "longitude": 7.4671401
      },
      "deliveryLocation": {
        "hash": "u0vfqm",
        "latitude": 49.6438742,
        "longitude": 8.3636789
      },
      "loadFactor": 9
    },
    {
      "id": 6498,
      "pickupLocation": {
        "hash": "u0wqdb",
        "latitude": 48.955734,
        "longitude": 8.920005
      },
      "deliveryLocation": {
        "hash": "u0y9sr",
        "latitude": 49.5221611,
        "longitude": 9.3324589
      },
      "loadFactor": 10
    },
    {
      "id": 8119,
      "pickupLocation": {
        "hash": "u1xd7n",
        "latitude": 53.866444,
        "longitude": 10.684738
      },
      "deliveryLocation": {
        "hash": "u21g07",
        "latitude": 45.548133,
        "longitude": 13.729491
      },
      "loadFactor": 7
    },
    {
      "id": 1419,
      "pickupLocation": {
        "hash": "u0zchs",
        "latitude": 49.419392,
        "longitude": 11.098348
      },
      "deliveryLocation": {
        "hash": "u0zck4",
        "latitude": 49.4538498,
        "longitude": 11.0773239
      },
      "loadFactor": 8
    }
  ]
}