{
  "vehicles": [
    {
      "id": 7306,
      "priceKm": 2.0663912536912665,
      "startLocation": {
        "hash": "u2bnde",
        "latitude": 50.38244606569054,
        "longitude": 11.365481423254511
      }
    },
    {
      "id": 779,
      "priceKm": 1.368981915093733,
      "startLocation": {
        "hash": "u1wdyq",
        "latitude": 53.955661130280966,
        "longitude": 9.42411145705124
      }
    },
    {
      "id": 9377,
      "priceKm": 1.445810255331337,
      "startLocation": {
        "hash": "u0zd44",
        "latitude": 49.58643770012815,
        "longitude": 10.636758674920511
      }
    }
  ],
  "orders": [
    {
      "id": 6035,
      "pickupLocation": {
        "hash": "u1qf5y",
        "latitude": 52.4193614,
        "longitude": 9.6574947
      },
      "deliveryLocation": {
        "hash": "u17bed",
        "latitude": 52.130356,
        "longitude": 5.428699
      },
      "loadFactor": 4
    },
    {
      "id": 4620,
      "pickupLocation": {
        "hash": "u623rm",
        "latitude": 57.9060825,
        "longitude": 11.9246143
      },
      "deliveryLocation": {
        "hash": "u3bsec",
        "latitude": 55.6436033,
        "longitude": 12.123832
      },
      "loadFactor": 6
    },
    {
      "id": 8645,
      "pickupLocation": {
        "hash": "u1m9r4",
        "latitude": 52.2667,
        "longitude": 8.05
      },
      "deliveryLocation": {
        "hash": "u1qmct",
        "latitude": 53.0717941,
        "longitude": 8.8580613
      },
      "loadFactor": 7
    },
    {
      "id": 3616,
      "pickupLocation": {
        "hash": "u0zchs",
        "latitude": 49.419392,
        "longitude": 11.098348
      },
      "deliveryLocation": {
        "hash": "u28wtm",
        "latitude": 48.9879532,
        "longitude": 12.1934834
      },
      "loadFactor": 8
    },
    {
      "id": 688,
      "pickupLocation": {
        "hash": "u30cj7",
        "latitude": 50.819903,
        "longitude": 12.539787
      },
      "deliveryLocation": {
        "hash": "u0z560",
        "latitude": 49.79245,
        "longitude": 9.9329662
      },
      "loadFactor": 8
    }
  ]
}