{
  "vehicles": [
    {
      "id": 5002,
      "priceKm": 1.0359680293097397,
      "startLocation": {
        "hash": "u2fgvk",
        "latitude": 49.90357958801595,
        "longitude": 15.352580852602443
      }
    },
    {
      "id": 3272,
      "priceKm": 2.9485250000483276,
      "startLocation": {
        "hash": "u0rz11",
        "latitude": 47.64716332663532,
        "longitude": 10.944066563429923
      }
    },
    {
      "id": 2314,
      "priceKm": 1.3245376562432387,
      "startLocation": {
        "hash": "u1m7d4",
        "latitude": 52.66253245283209,
        "longitude": 7.477087127605364
      }
    }
  ],
  "orders": [
    {
      "id": 1469,
      "pickupLocation": {
        "hash": "ezwgdd",
        "latitude": 42.818857,
        "longitude": -1.644464
      },
      "deliveryLocation": {
        "hash": "u2ppsu",
        "latitude": 46.340587,
        "longitude": 21.310495
      },
      "loadFactor": 8
    },
    {
      "id": 10350,
      "pickupLocation": {
        "hash": "u30u9s",
        "latitude": 51.439009,
        "longitude": 12.371469
      },
      "deliveryLocation": {
        "hash": "u0zjt6",
        "latitude": 50.1996727,
        "longitude": 10.0780668
      },
      "loadFactor": 7
    },
    {
      "id": 8680,
      "pickupLocation": {
        "hash": "u28k82",
        "latitude": 48.605431,
        "longitude": 11.623412
      },
      "deliveryLocation": {
        "hash": "u28g95",
        "latitude": 48.448623,
        "longitude": 12.355636
      },
      "loadFactor": 7
    },
    {
      "id": 505,
      "pickupLocation": {
        "hash": "u1m9r4",
        "latitude": 52.2667,
        "longitude": 8.05
      },
      "deliveryLocation": {
        "hash": "u1huxx",
        "latitude": 51.455206,
        "longitude": 7.012273
      },
      "loadFactor": 7
    },
    {
      "id": 3005,
      "pickupLocation": {
        "hash": "u1r2em",
        "latitude": 52.148021,
        "longitude": 10.348964
      },
      "deliveryLocation": {
        "hash": "u1ms6g",
        "latitude": 52.796397,
        "longitude": 7.864269
      },
      "loadFactor": 4
    }
  ]
}