{
  "vehicles": [
    {
      "id": 6275,
      "priceKm": 2.453907117735257,
      "startLocation": {
        "hash": "u1vbve",
        "latitude": 54.99285099483481,
        "longitude": 8.329853749322467
      }
    },
    {
      "id": 8648,
      "priceKm": 1.2342582771008517,
      "startLocation": {
        "hash": "u1n8m0",
        "latitude": 50.672600832217405,
        "longitude": 9.367551884650656
      }
    },
    {
      "id": 5298,
      "priceKm": 1.4648266014386313,
      "startLocation": {
        "hash": "u1emsc",
        "latitude": 54.41352257261043,
        "longitude": 4.7852216333695035
      }
    }
  ],
  "orders": [
    {
      "id": 4789,
      "pickupLocation": {
        "hash": "u28k82",
        "latitude": 48.605431,
        "longitude": 11.623412
      },
      "deliveryLocation": {
        "hash": "u0w9zw",
        "latitude": 48.153441,
        "longitude": 9.47488
      },
      "loadFactor": 8
    },
    {
      "id": 9756,
      "pickupLocation": {
        "hash": "u1mxsy",
        "latitude": 53.387024,
        "longitude": 7.952453
      },
      "deliveryLocation": {
        "hash": "u1j09e",
        "latitude": 50.734484,
        "longitude": 7.099927
      },
      "loadFactor": 9
    },
    {
      "id": 9810,
      "pickupLocation": {
        "hash": "u2fwg0",
        "latitude": 50.4095039,
        "longitude": 14.9040823
      },
      "deliveryLocation": {
        "hash": "u331rw",
        "latitude": 52.287106,
        "longitude": 12.98605
      },
      "loadFactor": 7
    },
    {
      "id": 4819,
      "pickupLocation": {
        "hash": "u1m9r4",
        "latitude": 52.2667,
        "longitude": 8.05
      },
      "deliveryLocation": {
        "hash": "u0vnk1",
        "latitude": 50.3243394,
        "longitude": 7.2127246
      },
      "loadFactor": 8
    },
    {
      "id": 4267,
      "pickupLocation": {
        "hash": "u1hu9e",
        "latitude": 51.433434,
        "longitude": 6.749769
      },
      "deliveryLocation": {
        "hash": "u1n79z",
        "latitude": 51.280911,
        "longitude": 8.870414
      },
      "loadFactor": 8
    }
  ]
}