{
  "vehicles": [
    {
      "id": 8300,
      "priceKm": 1.0190592309445476,
      "startLocation": {
        "hash": "u1zqxd",
        "latitude": 55.99809580953948,
        "longitude": 10.535646268583749
      }
    },
    {
      "id": 7311,
      "priceKm": 2.019656067573517,
      "startLocation": {
        "hash": "u2bcrr",
        "latitude": 49.47836801273989,
        "longitude": 12.632084163984262
      }
    },
    {
      "id": 7190,
      "priceKm": 2.9123709998275293,
      "startLocation": {
        "hash": "u0yj3h",
        "latitude": 50.16849120340729,
        "longitude": 8.48305458561692
      }
    }
  ],
  "orders": [
    {
      "id": 3132,
      "pickupLocation": {
        "hash": "u2gmn0",
        "latitude": 50.097775,
        "longitude": 16.093574
      },
      "deliveryLocation": {
        "hash": "u1mpeg",
        "latitude": 53.36696,
        "longitude": 7.20595
      },
      "loadFactor": 7
    },
    {
      "id": 4568,
      "pickupLocation": {
        "hash": "u0wqdb",
        "latitude": 48.955734,
        "longitude": 8.920005
      },
      "deliveryLocation": {
        "hash": "u0wthq",
        "latitude": 48.7293957,
        "longitude": 9.3303227
      },
      "loadFactor": 7
    },
    {
      "id": 3867,
      "pickupLocation": {
        "hash": "u2s1vq",
        "latitude": 48.153538,
        "longitude": 17.109671
      },
      "deliveryLocation": {
        "hash": "u0f0nr",
        "latitude": 49.259964,
        "longitude": 3.090591
      },
      "loadFactor": 10
    },
    {
      "id": 9220,
      "pickupLocation": {
        "hash": "u0spxz",
        "latitude": 49.169743,
        "longitude": 5.968539
      },
      "deliveryLocation": {
        "hash": "spgmkp",
        "latitude": 44.5579376,
        "longitude": 4.7503181
      },
      "loadFactor": 3
    },
    {
      "id": 8913,
      "pickupLocation": {
        "hash": "u0zchs",
        "latitude": 49.419392,
        "longitude": 11.098348
      },
      "deliveryLocation": {
        "hash": "u29sfs",
        "latitude": 48.6722832,
        "longitude": 13.4721966
      },
      "loadFactor": 7
    }
  ]
}