{
  "vehicles": [
    {
      "id": 2795,
      "priceKm": 1.8765839864517608,
      "startLocation": {
        "hash": "sp3hps",
        "latitude": 41.50892281108816,
        "longitude": 1.739233808953061
      }
    },
    {
      "id": 5297,
      "priceKm": 2.485735534121575,
      "startLocation": {
        "hash": "u29h08",
        "latitude": 48.515734535127045,
        "longitude": 12.682865494360081
      }
    },
    {
      "id": 6976,
      "priceKm": 1.066286593099104,
      "startLocation": {
        "hash": "u1m9jv",
        "latitude": 52.236702395551866,
        "longitude": 7.991299300640801
      }
    },
    {
      "id": 2071,
      "priceKm": 2.300799087920228,
      "startLocation": {
        "hash": "u0mqnf",
        "latitude": 47.47294987716485,
        "longitude": 7.688935642269907
      }
    }
  ],
  "orders": [
    {
      "id": 6786,
      "pickupLocation": {
        "hash": "u3zhcj",
        "latitude": 55.706831,
        "longitude": 21.1414911
      },
      "deliveryLocation": {
        "hash": "u9c024",
        "latitude": 54.9004751,
        "longitude": 23.9125463
      },
      "loadFactor": 7
    },
    {
      "id": 7753,
      "pickupLocation": {
        "hash": "u28k82",
        "latitude": 48.605431,
        "longitude": 11.623412
      },
      "deliveryLocation": {
        "hash": "u0xtjk",
        "latitude": 48.717939,
        "longitude": 10.781023
      },
      "loadFactor": 8
    },
    {
      "id": 8617,
      "pickupLocation": {
        "hash": "u32203",
        "latitude": 52.039425,
        "longitude": 11.613103
      },
      "deliveryLocation": {
        "hash": "u0uumh",
        "latitude": 49.9899011,
        "longitude": 6.9051139
      },
      "loadFactor": 7
    },
    {
      "id": 10060,
      "pickupLocation": {
        "hash": "u1yv4m",
        "latitude": 55.7507,
        "longitude": 9.593335
      },
      "deliveryLocation": {
        "hash": "u1jmmv",
        "latitude": 51.5807354,
        "longitude": 7.6449257
      },
      "loadFactor": 8
    },
    {
      "id": 10715,
      "pickupLocation": {
        "hash": "u0b3ex",
        "latitude": 49.522672,
        "longitude": 0.506256
      },
      "deliveryLocation": {
        "hash": "u0jcze",
        "latitude": 45.325156,
        "longitude": 8.422767
      },
      "loadFactor": 3
    },
    {
      "id": 3964,
      "pickupLocation": {
        "hash": "u1yv4m",
        "latitude": 55.7507,
        "longitude": 9.593335
      },
      "deliveryLocation": {
        "hash": "u1mtmn",
        "latitude": 52.9894952,
        "longitude": 7.9547388
      },
      "loadFactor": 4
    }
  ]
}