{
  "vehicles": [
    {
      "id": 8984,
      "priceKm": 1.4559508701367205,
      "startLocation": {
        "hash": "u1kz5w",
        "latitude": 53.299840776940464,
        "longitude": 6.8443699368126385
      }
    },
    {
      "id": 9606,
      "priceKm": 1.4957351442587312,
      "startLocation": {
        "hash": "u2cdpn",
        "latitude": 49.606457786589885,
        "longitude": 13.675976057798886
      }
    },
    {
      "id": 3446,
      "priceKm": 1.3609839827137749,
      "startLocation": {
        "hash": "u1xh0w",
        "latitude": 54.177134509451726,
        "longitude": 9.866524304849538
      }
    },
    {
      "id": 7549,
      "priceKm": 2.876544017016574,
      "startLocation": {
        "hash": "u305un",
        "latitude": 51.31768121439852,
        "longitude": 11.431204041788586
      }
    }
  ],
  "orders": [
    {
      "id": 6398,
      "pickupLocation": {
        "hash": "u0f0nr",
        "latitude": 49.259963,
        "longitude": 3.090591
      },
      "deliveryLocation": {
        "hash": "spubp2",
        "latitude": 43.5946999,
        "longitude": 6.9997301
      },
      "loadFactor": 5
    },
    {
      "id": 1194,
      "pickupLocation": {
        "hash": "u1yv4m",
        "latitude": 55.7507,
        "longitude": 9.593335
      },
      "deliveryLocation": {
        "hash": "u23c5h",
        "latitude": 46.6092862,
        "longitude": 13.844807
      },
      "loadFactor": 3
    },
    {
      "id": 5457,
      "pickupLocation": {
        "hash": "u1p4d0",
        "latitude": 51.069063,
        "longitude": 9.934655
      },
      "deliveryLocation": {
        "hash": "u0y0kx",
        "latitude": 49.303813,
        "longitude": 8.643352
      },
      "loadFactor": 7
    },
    {
      "id": 5886,
      "pickupLocation": {
        "hash": "u1mxsy",
        "latitude": 53.387024,
        "longitude": 7.952453
      },
      "deliveryLocation": {
        "hash": "u1hvrh",
        "latitude": 51.572368,
        "longitude": 6.987725
      },
      "loadFactor": 8
    },
    {
      "id": 3447,
      "pickupLocation": {
        "hash": "u30cdb",
        "latitude": 50.889108,
        "longitude": 12.431532
      },
      "deliveryLocation": {
        "hash": "u0w1us",
        "latitude": 48.1469154,
        "longitude": 8.6392507
      },
      "loadFactor": 8
    },
    {
      "id": 5125,
      "pickupLocation": {
        "hash": "u1yv4k",
        "latitude": 55.7500432,
        "longitude": 9.5962215
      },
      "deliveryLocation": {
        "hash": "u33sgz",
        "latitude": 52.9069421,
        "longitude": 13.531298
      },
      "loadFactor": 7
    }
  ]
}