{
  "vehicles": [
    {
      "id": 7777,
      "priceKm": 2.172017754913539,
      "startLocation": {
        "hash": "u0zs7x",
        "latitude": 50.009020793348206,
        "longitude": 10.70537894681727
      }
    },
    {
      "id": 5445,
      "priceKm": 2.974366911920345,
      "startLocation": {
        "hash": "u0tbs1",
        "latitude": 47.9062869339654,
        "longitude": 8.268690053914675
      }
    },
    {
      "id": 600,
      "priceKm": 1.1944128067613664,
      "startLocation": {
        "hash": "u31150",
        "latitude": 50.80588803701003,
        "longitude": 12.79151918465994
      }
    },
    {
      "id": 2499,
      "priceKm": 2.4589477745460755,
      "startLocation": {
        "hash": "u0cz2p",
        "latitude": 50.53229224755938,
        "longitude": 2.461352918204431
      }
    }
  ],
  "orders": [
    {
      "id": 2278,
      "pickupLocation": {
        "hash": "u0f0nr",
        "latitude": 49.259963,
        "longitude": 3.090591
      },
      "deliveryLocation": {
        "hash": "u09s4q",
        "latitude": 48.5485992,
        "longitude": 2.2123251
      },
      "loadFactor": 7
    },
    {
      "id": 4777,
      "pickupLocation": {
        "hash": "u0wqdb",
        "latitude": 48.955734,
        "longitude": 8.920005
      },
      "deliveryLocation": {
        "hash": "u0wqqn",
        "latitude": 48.9491667,
        "longitude": 9.0534386
      },
      "loadFactor": 2
    },
    {
      "id": 6713,
      "pickupLocation": {
        "hash": "u1hu9e",
        "latitude": 51.433434,
        "longitude": 6.749769
      },
      "deliveryLocation": {
        "hash": "u38eez",
        "latitude": 54.092433,
        "longitude": 12.128724
      },
      "loadFactor": 8
    },
    {
      "id": 6694,
      "pickupLocation": {
        "hash": "u0zchs",
        "latitude": 49.419392,
        "longitude": 11.098348
      },
      "deliveryLocation": {
        "hash": "u2bhp7",
        "latitude": 49.9427185,
        "longitude": 11.5763083
      },
      "loadFactor": 4
    },
    {
      "id": 9863,
      "pickupLocation": {
        "hash": "ezkybz",
        "latitude": 42.010704,
        "longitude": -4.532763
      },
      "deliveryLocation": {
        "hash": "spexrh",
        "latitude": 43.487234,
        "longitude": 5.23429
      },
      "loadFactor": 8
    },
    {
      "id": 457,
      "pickupLocation": {
        "hash": "u1huxx",
        "latitude": 51.455206,
        "longitude": 7.012273
      },
      "deliveryLocation": {
        "hash": "u1hg6j",
        "latitude": 51.2277411,
        "longitude": 6.7734556
      },
      "loadFactor": 4
    }
  ]
}