{
  "vehicles": [
    {
      "id": 6885,
      "priceKm": 2.46676533098284,
      "startLocation": {
        "hash": "u1w1f4",
        "latitude": 53.75727986637061,
        "longitude": 8.532840073614155
      }
    },
    {
      "id": 4689,
      "priceKm": 2.417850811407307,
      "startLocation": {
        "hash": "u0x90g",
        "latitude": 48.00863044819319,
        "longitude": 10.579971059404192
      }
    },
    {
      "id": 9247,
      "priceKm": 1.5436212745776088,
      "startLocation": {
        "hash": "u0x8uv",
        "latitude": 47.97660133936761,
        "longitude": 10.763336451713412
      }
    },
    {
      "id": 5580,
      "priceKm": 1.6004551256245674,
      "startLocation": {
        "hash": "u1ef94",
        "latitude": 53.89203253849728,
        "longitude": 5.322464756515038
      }
    }
  ],
  "orders": [
    {
      "id": 5489,
      "pickupLocation": {
        "hash": "u0wqdb",
        "latitude": 48.955734,
        "longitude": 8.920005
      },
      "deliveryLocation": {
        "hash": "u0wx98",
        "latitude": 49.1349776,
        "longitude": 9.2160682
      },
      "loadFactor": 8
    },
    {
      "id": 6426,
      "pickupLocation": {
        "hash": "u0wqdb",
        "latitude": 48.955734,
        "longitude": 8.920005
      },
      "deliveryLocation": {
        "hash": "u0wvzd",
        "latitude": 48.835287,
        "longitude": 9.8231574
      },
      "loadFactor": 4
    },
    {
      "id": 7793,
      "pickupLocation": {
        "hash": "u30cj7",
        "latitude": 50.819903,
        "longitude": 12.539787
      },
      "deliveryLocation": {
        "hash": "u0z52y",
        "latitude": 49.8249947,
        "longitude": 9.8794756
      },
      "loadFactor": 7
    },
    {
      "id": 1673,
      "pickupLocation": {
        "hash": "u30cj7",
        "latitude": 50.819903,
        "longitude": 12.539787
      },
      "deliveryLocation": {
        "hash": "u0zs2v",
        "latitude": 49.9936136,
        "longitude": 10.590284
      },
      "loadFactor": 8
    },
    {
      "id": 6049,
      "pickupLocation": {
        "hash": "u60xbq",
        "latitude": 57.6487539,
        "longitude": 11.9641951
      },
      "deliveryLocation": {
        "hash": "u3bet6",
        "latitude": 55.4733032,
        "longitude": 12.1842514
      },
      "loadFactor": 5
    },
    {
      "id": 5945,
      "pickupLocation": {
        "hash": "sp37gy",
        "latitude": 41.476918,
        "longitude": 1.928397
      },
      "deliveryLocation": {
        "hash": "u0yh12",
        "latitude": 49.923901,
        "longitude": 8.49361
      },
      "loadFactor": 8
    }
  ]
}