{
  "vehicles": [
    {
      "id": 2237,
      "priceKm": 1.1501815940647062,
      "startLocation": {
        "hash": "u29x0y",
        "latitude": 49.08077890584315,
        "longitude": 13.4019112560163
      }
    },
    {
      "id": 8123,
      "priceKm": 2.5001223642899575,
      "startLocation": {
        "hash": "u1rqnd",
        "latitude": 53.09801958723421,
        "longitude": 10.491638404182522
      }
    },
    {
      "id": 9924,
      "priceKm": 1.5767322579445568,
      "startLocation": {
        "hash": "u0c6mx",
        "latitude": 49.65399087711282,
        "longitude": 2.006361107425717
      }
    },
    {
      "id": 4284,
      "priceKm": 1.7046877632061483,
      "startLocation": {
        "hash": "u2dj0r",
        "latitude": 48.731022013562146,
        "longitude": 14.084124723589687
      }
    }
  ],
  "orders": [
    {
      "id": 5229,
      "pickupLocation": {
        "hash": "u28hgt",
        "latitude": 48.677763,
        "longitude": 11.411769
      },
      "deliveryLocation": {
        "hash": "u28k82",
        "latitude": 48.605431,
        "longitude": 11.623412
      },
      "loadFactor": 6
    },
    {
      "id": 7818,
      "pickupLocation": {
        "hash": "ud1hj4",
        "latitude": 56.969536,
        "longitude": 24.1356306
      },
      "deliveryLocation": {
        "hash": "u99zpy",
        "latitude": 54.7042831,
        "longitude": 25.3035356
      },
      "loadFactor": 4
    },
    {
      "id": 2179,
      "pickupLocation": {
        "hash": "u1rdjq",
        "latitude": 52.420559,
        "longitude": 10.786168
      },
      "deliveryLocation": {
        "hash": "ezzxkp",
        "latitude": 44.9067001,
        "longitude": -0.524334
      },
      "loadFactor": 7
    },
    {
      "id": 6773,
      "pickupLocation": {
        "hash": "u0wqdb",
        "latitude": 48.955734,
        "longitude": 8.920005
      },
      "deliveryLocation": {
        "hash": "u0wwqw",
        "latitude": 48.9471455,
        "longitude": 9.4341813
      },
      "loadFactor": 7
    },
    {
      "id": 7869,
      "pickupLocation": {
        "hash": "u0wqdb",
        "latitude": 48.955734,
        "longitude": 8.920005
      },
      "deliveryLocation": {
        "hash": "u0xjv2",
        "latitude": 48.8275424,
        "longitude": 10.0785846
      },
      "loadFactor": 4
    },
    {
      "id": 3026,
      "pickupLocation": {
        "hash": "u1mxsy",
        "latitude": 53.387024,
        "longitude": 7.952453
      },
      "deliveryLocation": {
        "hash": "u0vuqh",
        "latitude": 49.989085,
        "longitude": 8.355972
      },
      "loadFactor": 8
    }
  ]
}