{
  "vehicles": [
    {
      "id": 8494,
      "priceKm": 2.220459478118526,
      "startLocation": {
        "hash": "u30er1",
        "latitude": 51.20178707504072,
        "longitude": 12.268311616262784
      }
    },
    {
      "id": 3373,
      "priceKm": 2.0042091119870893,
      "startLocation": {
        "hash": "u30ezf",
        "latitude": 51.29880013470545,
        "longitude": 12.295127194963364
      }
    },
    {
      "id": 7865,
      "priceKm": 2.7202025493339415,
      "startLocation": {
        "hash": "u1xpph",
        "latitude": 54.6904827206781,
        "longitude": 10.157434332058692
      }
    },
    {
      "id": 994,
      "priceKm": 2.049458247158715,
      "startLocation": {
        "hash": "u4pb99",
        "latitude": 56.34507161639489,
        "longitude": 10.964448561590386
      }
    }
  ],
  "orders": [
    {
      "id": 955,
      "pickupLocation": {
        "hash": "u1r2em",
        "latitude": 52.148021,
        "longitude": 10.348964
      },
      "deliveryLocation": {
        "hash": "u1mff3",
        "latitude": 52.522249,
        "longitude": 8.195311
      },
      "loadFactor": 8
    },
    {
      "id": 7272,
      "pickupLocation": {
        "hash": "u30cj7",
        "latitude": 50.819903,
        "longitude": 12.539787
      },
      "deliveryLocation": {
        "hash": "u0z560",
        "latitude": 49.79245,
        "longitude": 9.9329662
      },
      "loadFactor": 7
    },
    {
      "id": 2674,
      "pickupLocation": {
        "hash": "u1yv4m",
        "latitude": 55.7507,
        "longitude": 9.593335
      },
      "deliveryLocation": {
        "hash": "u0vqcb",
        "latitude": 50.4061662,
        "longitude": 7.4700605
      },
      "loadFactor": 8
    },
    {
      "id": 6856,
      "pickupLocation": {
        "hash": "u28k82",
        "latitude": 48.605431,
        "longitude": 11.623412
      },
      "deliveryLocation": {
        "hash": "u0rrdb",
        "latitude": 47.726706,
        "longitude": 10.316884
      },
      "loadFactor": 8
    },
    {
      "id": 3105,
      "pickupLocation": {
        "hash": "u0b1x4",
        "latitude": 49.496622,
        "longitude": 0.316745
      },
      "deliveryLocation": {
        "hash": "u1xd69",
        "latitude": 53.84344,
        "longitude": 10.66634
      },
      "loadFactor": 7
    },
    {
      "id": 3066,
      "pickupLocation": {
        "hash": "u0zck4",
        "latitude": 49.45385,
        "longitude": 11.077324
      },
      "deliveryLocation": {
        "hash": "u29s66",
        "latitude": 48.5740128,
        "longitude": 13.4606447
      },
      "loadFactor": 8
    }
  ]
}