{
  "vehicles": [
    {
      "id": 618,
      "priceKm": 1.251062979952066,
      "startLocation": {
        "hash": "u0zpbe",
        "latitude": 50.60182793540159,
        "longitude": 9.874897131922264
      }
    },
    {
      "id": 8727,
      "priceKm": 2.5520199572319964,
      "startLocation": {
        "hash": "u2b3ge",
        "latitude": 49.54624725222642,
        "longitude": 11.761048098132541
      }
    },
    {
      "id": 6312,
      "priceKm": 2.2069382975743883,
      "startLocation": {
        "hash": "u3c59v",
        "latitude": 55.49182157713082,
        "longitude": 12.743380363385823
      }
    },
    {
      "id": 6969,
      "priceKm": 1.1131575758447139,
      "startLocation": {
        "hash": "u0zjc3",
        "latitude": 50.23507006017173,
        "longitude": 9.907463369468466
      }
    }
  ],
  "orders": [
    {
      "id": 818,
      "pickupLocation": {
        "hash": "u14k10",
        "latitude": 51.331438,
        "longitude": 3.208329
      },
      "deliveryLocation": {
        "hash": "u362su",
        "latitude": 52.144903,
        "longitude": 14.629748
      },
      "loadFactor": 8
    },
    {
      "id": 9462,
      "pickupLocation": {
        "hash": "u14gx6",
        "latitude": 51.255402,
        "longitude": 4.188628
      },
      "deliveryLocation": {
        "hash": "u151rr",
        "latitude": 50.886445,
        "longitude": 4.540854
      },
      "loadFactor": 8
    },
    {
      "id": 6095,
      "pickupLocation": {
        "hash": "u1yv4k",
        "latitude": 55.7500432,
        "longitude": 9.5962215
      },
      "deliveryLocation": {
        "hash": "u17bm8",
        "latitude": 52.0764201,
        "longitude": 5.5245676
      },
      "loadFactor": 8
    },
    {
      "id": 2467,
      "pickupLocation": {
        "hash": "u28k82",
        "latitude": 48.605431,
        "longitude": 11.623412
      },
      "deliveryLocation": {
        "hash": "u284s1",
        "latitude": 48.258832,
        "longitude": 11.433929
      },
      "loadFactor": 7
    },
    {
      "id": 4792,
      "pickupLocation": {
        "hash": "u0tddp",
        "latitude": 48.2941197,
        "longitude": 7.8247467
      },
      "deliveryLocation": {
        "hash": "u2b9me",
        "latitude": 49.4583788,
        "longitude": 12.2016961
      },
      "loadFactor": 8
    },
    {
      "id": 2960,
      "pickupLocation": {
        "hash": "u30cj7",
        "latitude": 50.819903,
        "longitude": 12.539787
      },
      "deliveryLocation": {
        "hash": "u0zhmg",
        "latitude": 49.982855,
        "longitude": 10.098742
      },
      "loadFactor": 7
    }
  ]
}