{
  "vehicles": [
    {
      "id": 8,
      "priceKm": 2.1590658453914005,
      "startLocation": {
        "hash": "u29uzn",
        "latitude": 48.68397206224554,
        "longitude": 14.01897500330213
      }
    },
    {
      "id": 7017,
      "priceKm": 2.285438216900271,
      "startLocation": {
        "hash": "u1qmg1",
        "latitude": 53.05195403687384,
        "longitude": 8.924749289637871
      }
    },
    {
      "id": 5492,
      "priceKm": 1.1554749346640891,
      "startLocation": {
        "hash": "u0u2w9",
        "latitude": 49.31738106187992,
        "longitude": 6.264911649979215
      }
    },
    {
      "id": 9896,
      "priceKm": 2.3856699758586117,
      "startLocation": {
        "hash": "u23t6h",
        "latitude": 47.35599053096519,
        "longitude": 13.451338677211943
      }
    }
  ],
  "orders": [
    {
      "id": 3724,
      "pickupLocation": {
        "hash": "u2c0s2",
        "latitude": 49.308084,
        "longitude": 12.845029
      },
      "deliveryLocation": {
        "hash": "u0zgbn",
        "latitude": 49.9119599,
        "longitude": 10.8990546
      },
      "loadFactor": 8
    },
    {
      "id": 5765,
      "pickupLocation": {
        "hash": "sp37gy",
        "latitude": 41.4769173,
        "longitude": 1.9283971
      },
      "deliveryLocation": {
        "hash": "u28rh1",
        "latitude": 49.0518875,
        "longitude": 11.782505
      },
      "loadFactor": 8
    },
    {
      "id": 1212,
      "pickupLocation": {
        "hash": "u0wqdb",
        "latitude": 48.955734,
        "longitude": 8.920005
      },
      "deliveryLocation": {
        "hash": "u0xnqp",
        "latitude": 48.9543312,
        "longitude": 10.1179689
      },
      "loadFactor": 7
    },
    {
      "id": 3486,
      "pickupLocation": {
        "hash": "u0wqdb",
        "latitude": 48.955734,
        "longitude": 8.920005
      },
      "deliveryLocation": {
        "hash": "u0wzms",
        "latitude": 49.112397,
        "longitude": 9.736906
      },
      "loadFactor": 4
    },
    {
      "id": 3165,
      "pickupLocation": {
        "hash": "u30cj7",
        "latitude": 50.819904,
        "longitude": 12.539787
      },
      "deliveryLocation": {
        "hash": "u0ycw4",
        "latitude": 49.4971925,
        "longitude": 9.7602916
      },
      "loadFactor": 7
    },
    {
      "id": 6805,
      "pickupLocation": {
        "hash": "u28hgt",
        "latitude": 48.677765,
        "longitude": 11.411769
      },
      "deliveryLocation": {
        "hash": "u0p6we",
        "latitude": 45.46104,
        "longitude": 10.484535
      },
      "loadFactor": 9
    }
  ]
}