{
  "vehicles": [
    {
      "id": 2475,
      "priceKm": 2.8335571804912174,
      "startLocation": {
        "hash": "u1mn1y",
        "latitude": 53.12432901593828,
        "longitude": 7.110248935258633
      }
    },
    {
      "id": 2971,
      "priceKm": 2.9203322974323127,
      "startLocation": {
        "hash": "u2skzz",
        "latitude": 48.68927769448962,
        "longitude": 17.56760859523286
      }
    },
    {
      "id": 771,
      "priceKm": 1.3098956231870027,
      "startLocation": {
        "hash": "u1z28j",
        "latitude": 54.96059246375784,
        "longitude": 10.203850679105111
      }
    },
    {
      "id": 4010,
      "priceKm": 2.7434334540599274,
      "startLocation": {
        "hash": "u0zker",
        "latitude": 50.05293019453842,
        "longitude": 10.343216167610006
      }
    }
  ],
  "orders": [
    {
      "id": 5080,
      "pickupLocation": {
        "hash": "u30u9s",
        "latitude": 51.439009,
        "longitude": 12.371469
      },
      "deliveryLocation": {
        "hash": "u0zj17",
        "latitude": 50.1167,
        "longitude": 9.9
      },
      "loadFactor": 4
    },
    {
      "id": 1433,
      "pickupLocation": {
        "hash": "u28k82",
        "latitude": 48.605431,
        "longitude": 11.623412
      },
      "deliveryLocation": {
        "hash": "u0rxc9",
        "latitude": 47.775065,
        "longitude": 10.617085
      },
      "loadFactor": 7
    },
    {
      "id": 3601,
      "pickupLocation": {
        "hash": "u0wqdb",
        "latitude": 48.955734,
        "longitude": 8.920005
      },
      "deliveryLocation": {
        "hash": "u0xnw8",
        "latitude": 48.960206,
        "longitude": 10.133037
      },
      "loadFactor": 7
    },
    {
      "id": 6587,
      "pickupLocation": {
        "hash": "u09wbu",
        "latitude": 49.024273,
        "longitude": 2.146492
      },
      "deliveryLocation": {
        "hash": "u0b1dd",
        "latitude": 49.493757,
        "longitude": 0.120504
      },
      "loadFactor": 7
    },
    {
      "id": 1800,
      "pickupLocation": {
        "hash": "u1ye7u",
        "latitude": 55.4378931,
        "longitude": 9.3076099
      },
      "deliveryLocation": {
        "hash": "u1m9rg",
        "latitude": 52.2716705,
        "longitude": 8.0857114
      },
      "loadFactor": 8
    },
    {
      "id": 8809,
      "pickupLocation": {
        "hash": "u0zchs",
        "latitude": 49.419392,
        "longitude": 11.098348
      },
      "deliveryLocation": {
        "hash": "u0zc6p",
        "latitude": 49.477272,
        "longitude": 10.9896011
      },
      "loadFactor": 6
    }
  ]
}