{
  "vehicles": [
    {
      "id": 1191,
      "priceKm": 1.609347610112838,
      "startLocation": {
        "hash": "u0wu9d",
        "latitude": 48.61950530025251,
        "longitude": 9.559728116062256
      }
    },
    {
      "id": 5173,
      "priceKm": 2.457109573118003,
      "startLocation": {
        "hash": "ezkyzn",
        "latitude": 42.001922571239355,
        "longitude": -4.2616194412681345
      }
    },
    {
      "id": 4163,
      "priceKm": 2.7822363284291187,
      "startLocation": {
        "hash": "u0wccz",
        "latitude": 48.160240923119694,
        "longitude": 9.578887013724566
      }
    },
    {
      "id": 8506,
      "priceKm": 1.612313965550223,
      "startLocation": {
        "hash": "u1qnz4",
        "latitude": 53.23352320099989,
        "longitude": 8.748974657707755
      }
    }
  ],
  "orders": [
    {
      "id": 8795,
      "pickupLocation": {
        "hash": "u1huxx",
        "latitude": 51.455206,
        "longitude": 7.012273
      },
      "deliveryLocation": {
        "hash": "u1hg3u",
        "latitude": 51.2235374,
        "longitude": 6.7637572
      },
      "loadFactor": 6
    },
    {
      "id": 9844,
      "pickupLocation": {
        "hash": "u0wqdb",
        "latitude": 48.955734,
        "longitude": 8.920005
      },
      "deliveryLocation": {
        "hash": "u0wzms",
        "latitude": 49.112397,
        "longitude": 9.736906
      },
      "loadFactor": 7
    },
    {
      "id": 9719,
      "pickupLocation": {
        "hash": "u32203",
        "latitude": 52.039425,
        "longitude": 11.613103
      },
      "deliveryLocation": {
        "hash": "u0vqyw",
        "latitude": 50.4392104,
        "longitude": 7.671778
      },
      "loadFactor": 7
    },
    {
      "id": 372,
      "pickupLocation": {
        "hash": "u32203",
        "latitude": 52.039425,
        "longitude": 11.613103
      },
      "deliveryLocation": {
        "hash": "u0zcs2",
        "latitude": 49.4849109,
        "longitude": 11.0937825
      },
      "loadFactor": 6
    },
    {
      "id": 9721,
      "pickupLocation": {
        "hash": "ezksuq",
        "latitude": 41.652133,
        "longitude": -4.728562
      },
      "deliveryLocation": {
        "hash": "eycgd0",
        "latitude": 38.584986,
        "longitude": -8.691077
      },
      "loadFactor": 8
    },
    {
      "id": 1405,
      "pickupLocation": {
        "hash": "u1mr3b",
        "latitude": 53.3106603,
        "longitude": 7.4671401
      },
      "deliveryLocation": {
        "hash": "u0vuk6",
        "latitude": 49.9768836,
        "longitude": 8.279781
      },
      "loadFactor": 6
    }
  ]
}