{
  "vehicles": [
    {
      "id": 2303,
      "priceKm": 1.1787337909494495,
      "startLocation": {
        "hash": "gbzsvx",
        "latitude": 50.09343979034542,
        "longitude": -0.45129029499796847
      }
    },
    {
      "id": 2437,
      "priceKm": 2.886984511173263,
      "startLocation": {
        "hash": "sp8dmx",
        "latitude": 42.62167973893963,
        "longitude": 0.9502435488708444
      }
    },
    {
      "id": 5987,
      "priceKm": 2.427360149921114,
      "startLocation": {
        "hash": "u2m5x2",
        "latitude": 47.02460625406635,
        "longitude": 18.607063347087127
      }
    }
  ],
  "orders": [
    {
      "id": 606,
      "pickupLocation": {
        "hash": "u1huxx",
        "latitude": 51.455206,
        "longitude": 7.012273
      },
      "deliveryLocation": {
        "hash": "u1jh75",
        "latitude": 51.3937312,
        "longitude": 7.173066
      },
      "loadFactor": 7
    },
    {
      "id": 4963,
      "pickupLocation": {
        "hash": "u0b1dd",
        "latitude": 49.493755,
        "longitude": 0.120504
      },
      "deliveryLocation": {
        "hash": "u09qd0",
        "latitude": 48.959139,
        "longitude": 1.855432
      },
      "loadFactor": 8
    },
    {
      "id": 10026,
      "pickupLocation": {
        "hash": "u28k82",
        "latitude": 48.605431,
        "longitude": 11.623412
      },
      "deliveryLocation": {
        "hash": "u0xbjs",
        "latitude": 47.839073,
        "longitude": 11.142432
      },
      "loadFactor": 7
    }
  ]
}