{
  "vehicles": [
    {
      "id": 6537,
      "priceKm": 2.0201322279214837,
      "startLocation": {
        "hash": "u1v3mh",
        "latitude": 55.08798133979955,
        "longitude": 7.6065236460924845
      }
    },
    {
      "id": 9203,
      "priceKm": 2.189166359247242,
      "startLocation": {
        "hash": "u1m8c5",
        "latitude": 52.183883276723975,
        "longitude": 7.782410275597809
      }
    },
    {
      "id": 5560,
      "priceKm": 1.5190964540131981,
      "startLocation": {
        "hash": "u28774",
        "latitude": 48.396679754701545,
        "longitude": 11.733621707645831
      }
    }
  ],
  "orders": [
    {
      "id": 11042,
      "pickupLocation": {
        "hash": "u28k82",
        "latitude": 48.605431,
        "longitude": 11.623412
      },
      "deliveryLocation": {
        "hash": "u0ryht",
        "latitude": 47.493781,
        "longitude": 11.104039
      },
      "loadFactor": 7
    },
    {
      "id": 4299,
      "pickupLocation": {
        "hash": "u1hu9e",
        "latitude": 51.433434,
        "longitude": 6.749769
      },
      "deliveryLocation": {
        "hash": "u39hdw",
        "latitude": 54.262648,
        "longitude": 12.771051
      },
      "loadFactor": 8
    },
    {
      "id": 4607,
      "pickupLocation": {
        "hash": "u1qf5y",
        "latitude": 52.4193614,
        "longitude": 9.6574947
      },
      "deliveryLocation": {
        "hash": "u1xd7n",
        "latitude": 53.866444,
        "longitude": 10.684738
      },
      "loadFactor": 4
    }
  ]
}