{
  "vehicles": [
    {
      "id": 8435,
      "priceKm": 1.3949262690019504,
      "startLocation": {
        "hash": "u0te3c",
        "latitude": 48.391897209279655,
        "longitude": 7.813647798993694
      }
    },
    {
      "id": 9917,
      "priceKm": 2.8383227336190253,
      "startLocation": {
        "hash": "u1vsfx",
        "latitude": 55.71997830462958,
        "longitude": 7.8445300850998825
      }
    },
    {
      "id": 7881,
      "priceKm": 2.5180991829730264,
      "startLocation": {
        "hash": "u30nj3",
        "latitude": 51.69061081816965,
        "longitude": 11.491076410795847
      }
    }
  ],
  "orders": [
    {
      "id": 2693,
      "pickupLocation": {
        "hash": "u1m9r4",
        "latitude": 52.2667,
        "longitude": 8.05
      },
      "deliveryLocation": {
        "hash": "u0vtdd",
        "latitude": 50.1973366,
        "longitude": 7.8455449
      },
      "loadFactor": 8
    },
    {
      "id": 10817,
      "pickupLocation": {
        "hash": "u14dv8",
        "latitude": 51.1138454,
        "longitude": 3.7614515
      },
      "deliveryLocation": {
        "hash": "u0wqe2",
        "latitude": 48.9567851,
        "longitude": 8.9402734
      },
      "loadFactor": 5
    },
    {
      "id": 9176,
      "pickupLocation": {
        "hash": "u30cdb",
        "latitude": 50.889108,
        "longitude": 12.431532
      },
      "deliveryLocation": {
        "hash": "u0y5sz",
        "latitude": 49.872775,
        "longitude": 8.651178
      },
      "loadFactor": 7
    }
  ]
}