{
  "vehicles": [
    {
      "id": 9106,
      "priceKm": 2.908498867550912,
      "startLocation": {
        "hash": "u17bbh",
        "latitude": 52.190158521331945,
        "longitude": 5.278045955728371
      }
    },
    {
      "id": 3105,
      "priceKm": 1.5220510909278782,
      "startLocation": {
        "hash": "u0bgt3",
        "latitude": 49.84366897080291,
        "longitude": 1.2941938724702915
      }
    },
    {
      "id": 1199,
      "priceKm": 2.047876237076182,
      "startLocation": {
        "hash": "u28g59",
        "latitude": 48.34752909204247,
        "longitude": 12.467862718643172
      }
    }
  ],
  "orders": [
    {
      "id": 7510,
      "pickupLocation": {
        "hash": "u3bu9t",
        "latitude": 55.6636045,
        "longitude": 12.3760628
      },
      "deliveryLocation": {
        "hash": "u1k4kc",
        "latitude": 52.4323743,
        "longitude": 5.8422946
      },
      "loadFactor": 8
    },
    {
      "id": 606,
      "pickupLocation": {
        "hash": "u1huxx",
        "latitude": 51.455206,
        "longitude": 7.012273
      },
      "deliveryLocation": {
        "hash": "u1jh75",
        "latitude": 51.3937312,
        "longitude": 7.173066
      },
      "loadFactor": 7
    },
    {
      "id": 3624,
      "pickupLocation": {
        "hash": "u1mxsy",
        "latitude": 53.387024,
        "longitude": 7.952453
      },
      "deliveryLocation": {
        "hash": "u2841z",
        "latitude": 48.202947,
        "longitude": 11.329427
      },
      "loadFactor": 8
    }
  ]
}