{
  "vehicles": [
    {
      "id": 5691,
      "priceKm": 2.729717727841816,
      "startLocation": {
        "hash": "u1r4sr",
        "latitude": 52.51347621435924,
        "longitude": 10.037213446072785
      }
    },
    {
      "id": 5690,
      "priceKm": 1.0148501281503588,
      "startLocation": {
        "hash": "u1wcnq",
        "latitude": 53.648087780575004,
        "longitude": 9.770324897744368
      }
    },
    {
      "id": 8393,
      "priceKm": 1.360645771225923,
      "startLocation": {
        "hash": "u30em3",
        "latitude": 51.20467362526435,
        "longitude": 12.190456611156774
      }
    }
  ],
  "orders": [
    {
      "id": 9963,
      "pickupLocation": {
        "hash": "u1mr3b",
        "latitude": 53.3106603,
        "longitude": 7.4671401
      },
      "deliveryLocation": {
        "hash": "u0usht",
        "latitude": 49.9507581,
        "longitude": 6.532069
      },
      "loadFactor": 9
    },
    {
      "id": 4928,
      "pickupLocation": {
        "hash": "u2s46e",
        "latitude": 48.2260007,
        "longitude": 16.9924403
      },
      "deliveryLocation": {
        "hash": "u0y5sz",
        "latitude": 49.872775,
        "longitude": 8.651178
      },
      "loadFactor": 8
    },
    {
      "id": 2712,
      "pickupLocation": {
        "hash": "u2c0s2",
        "latitude": 49.308084,
        "longitude": 12.845029
      },
      "deliveryLocation": {
        "hash": "u2bf2c",
        "latitude": 49.6245989,
        "longitude": 12.3439737
      },
      "loadFactor": 6
    }
  ]
}