{
  "vehicles": [
    {
      "id": 7361,
      "priceKm": 2.733410641121574,
      "startLocation": {
        "hash": "u381ud",
        "latitude": 53.76141243679464,
        "longitude": 11.45046481271382
      }
    },
    {
      "id": 6297,
      "priceKm": 1.2126514056028443,
      "startLocation": {
        "hash": "u1r6yn",
        "latitude": 52.54842233218047,
        "longitude": 10.46620894718124
      }
    },
    {
      "id": 7068,
      "priceKm": 1.3763012712090346,
      "startLocation": {
        "hash": "u0zscp",
        "latitude": 50.09480422819804,
        "longitude": 10.592416444115193
      }
    }
  ],
  "orders": [
    {
      "id": 5229,
      "pickupLocation": {
        "hash": "u28hgt",
        "latitude": 48.677763,
        "longitude": 11.411769
      },
      "deliveryLocation": {
        "hash": "u28k82",
        "latitude": 48.605431,
        "longitude": 11.623412
      },
      "loadFactor": 6
    },
    {
      "id": 56,
      "pickupLocation": {
        "hash": "u28k82",
        "latitude": 48.605431,
        "longitude": 11.623412
      },
      "deliveryLocation": {
        "hash": "u0xepu",
        "latitude": 48.367243,
        "longitude": 10.898279
      },
      "loadFactor": 6
    },
    {
      "id": 3394,
      "pickupLocation": {
        "hash": "u30cj7",
        "latitude": 50.819903,
        "longitude": 12.539787
      },
      "deliveryLocation": {
        "hash": "u0z560",
        "latitude": 49.79245,
        "longitude": 9.9329662
      },
      "loadFactor": 8
    }
  ]
}