{
  "vehicles": [
    {
      "id": 4293,
      "priceKm": 2.202460901392585,
      "startLocation": {
        "hash": "u2b5rf",
        "latitude": 49.804030904193645,
        "longitude": 11.600195819287192
      }
    },
    {
      "id": 7684,
      "priceKm": 2.9098797574074915,
      "startLocation": {
        "hash": "u2mv0r",
        "latitude": 47.32705301564133,
        "longitude": 19.351961823771592
      }
    },
    {
      "id": 4296,
      "priceKm": 2.9288819992954886,
      "startLocation": {
        "hash": "u1mppr",
        "latitude": 53.305199144793555,
        "longitude": 7.353252106653704
      }
    }
  ],
  "orders": [
    {
      "id": 851,
      "pickupLocation": {
        "hash": "u3b7ku",
        "latitude": 55.4385976,
        "longitude": 11.8119572
      },
      "deliveryLocation": {
        "hash": "u1ye7u",
        "latitude": 55.4378931,
        "longitude": 9.3076099
      },
      "loadFactor": 9
    },
    {
      "id": 8287,
      "pickupLocation": {
        "hash": "u24u94",
        "latitude": 45.8034325,
        "longitude": 15.1695557
      },
      "deliveryLocation": {
        "hash": "u0msmq",
        "latitude": 47.18965,
        "longitude": 7.973802
      },
      "loadFactor": 9
    },
    {
      "id": 4857,
      "pickupLocation": {
        "hash": "u1yv4m",
        "latitude": 55.7507,
        "longitude": 9.593335
      },
      "deliveryLocation": {
        "hash": "gbmxg9",
        "latitude": 47.7753295,
        "longitude": -3.3579179
      },
      "loadFactor": 8
    }
  ]
}