{
  "vehicles": [
    {
      "id": 1748,
      "priceKm": 2.4406362125793235,
      "startLocation": {
        "hash": "u0cvcd",
        "latitude": 50.2458841481492,
        "longitude": 2.534703568634138
      }
    },
    {
      "id": 4221,
      "priceKm": 2.9553919663525354,
      "startLocation": {
        "hash": "u158uh",
        "latitude": 50.783148153979575,
        "longitude": 5.099366305785084
      }
    },
    {
      "id": 8127,
      "priceKm": 2.52400489883302,
      "startLocation": {
        "hash": "u31g41",
        "latitude": 51.158705667644185,
        "longitude": 13.808087461005055
      }
    }
  ],
  "orders": [
    {
      "id": 7275,
      "pickupLocation": {
        "hash": "u1m9r4",
        "latitude": 52.2667,
        "longitude": 8.05
      },
      "deliveryLocation": {
        "hash": "u0zxgw",
        "latitude": 50.6189552,
        "longitude": 10.7034472
      },
      "loadFactor": 8
    },
    {
      "id": 9433,
      "pickupLocation": {
        "hash": "u33db8",
        "latitude": 52.51704,
        "longitude": 13.388855
      },
      "deliveryLocation": {
        "hash": "u1hcy3",
        "latitude": 50.941232,
        "longitude": 6.956947
      },
      "loadFactor": 8
    },
    {
      "id": 6096,
      "pickupLocation": {
        "hash": "u1yv4m",
        "latitude": 55.7507,
        "longitude": 9.593335
      },
      "deliveryLocation": {
        "hash": "u15rqy",
        "latitude": 51.9359709,
        "longitude": 4.8774417
      },
      "loadFactor": 7
    }
  ]
}