{
  "vehicles": [
    {
      "id": 1703,
      "priceKm": 1.0647006856052323,
      "startLocation": {
        "hash": "u1wfzv",
        "latitude": 53.950703376197,
        "longitude": 9.839474728995024
      }
    },
    {
      "id": 7647,
      "priceKm": 1.6581354452517454,
      "startLocation": {
        "hash": "u0cfpt",
        "latitude": 49.598687042817865,
        "longitude": 2.794942191501424
      }
    },
    {
      "id": 367,
      "priceKm": 1.9372833672403602,
      "startLocation": {
        "hash": "u3wv4y",
        "latitude": 54.352253950314875,
        "longitude": 20.869552949176427
      }
    }
  ],
  "orders": [
    {
      "id": 7934,
      "pickupLocation": {
        "hash": "u28k82",
        "latitude": 48.605431,
        "longitude": 11.623412
      },
      "deliveryLocation": {
        "hash": "u0x758",
        "latitude": 48.343166,
        "longitude": 10.358589
      },
      "loadFactor": 7
    },
    {
      "id": 5882,
      "pickupLocation": {
        "hash": "u1huxx",
        "latitude": 51.455206,
        "longitude": 7.012273
      },
      "deliveryLocation": {
        "hash": "u1he6d",
        "latitude": 51.208083,
        "longitude": 6.442942
      },
      "loadFactor": 4
    },
    {
      "id": 82,
      "pickupLocation": {
        "hash": "u1qcvw",
        "latitude": 52.374481,
        "longitude": 9.738563
      },
      "deliveryLocation": {
        "hash": "u1w4my",
        "latitude": 53.8687782,
        "longitude": 8.6982861
      },
      "loadFactor": 4
    }
  ]
}