{
  "vehicles": [
    {
      "id": 1571,
      "priceKm": 1.4926657484115924,
      "startLocation": {
        "hash": "u1xsx3",
        "latitude": 54.23943912066687,
        "longitude": 10.868821976318976
      }
    },
    {
      "id": 5294,
      "priceKm": 2.2361954071318615,
      "startLocation": {
        "hash": "u0exhm",
        "latitude": 49.07089268356365,
        "longitude": 5.112428701890036
      }
    },
    {
      "id": 7537,
      "priceKm": 1.525217338352732,
      "startLocation": {
        "hash": "u1m4fs",
        "latitude": 52.53872565167986,
        "longitude": 7.145476617457588
      }
    }
  ],
  "orders": [
    {
      "id": 10851,
      "pickupLocation": {
        "hash": "u1huxx",
        "latitude": 51.455206,
        "longitude": 7.012273
      },
      "deliveryLocation": {
        "hash": "u1hevj",
        "latitude": 51.313443,
        "longitude": 6.555867
      },
      "loadFactor": 2
    },
    {
      "id": 809,
      "pickupLocation": {
        "hash": "u32203",
        "latitude": 52.039425,
        "longitude": 11.613103
      },
      "deliveryLocation": {
        "hash": "u1w0ek",
        "latitude": 53.552227,
        "longitude": 8.5865507
      },
      "loadFactor": 8
    },
    {
      "id": 5356,
      "pickupLocation": {
        "hash": "u0b1x4",
        "latitude": 49.496622,
        "longitude": 0.316745
      },
      "deliveryLocation": {
        "hash": "u15ebx",
        "latitude": 51.323382,
        "longitude": 4.94847
      },
      "loadFactor": 3
    }
  ]
}